rank,gene,gene_index,mean_f1_drop,fold1_f1_drop,fold2_f1_drop,fold3_f1_drop,fold4_f1_drop,fold5_f1_drop,fold6_f1_drop,fold7_f1_drop,fold8_f1_drop
1,AL645608.6,0,nan,nan,nan,nan,nan,nan,nan,nan,nan
2,AL645608.2,1,nan,nan,nan,nan,nan,nan,nan,nan,nan
3,AL645608.4,2,nan,nan,nan,nan,nan,nan,nan,nan,nan
4,AL645608.7,3,nan,nan,nan,nan,nan,nan,nan,nan,nan
5,HES4,4,nan,nan,nan,nan,nan,nan,nan,nan,nan
6,AL645608.1,5,nan,nan,nan,nan,nan,nan,nan,nan,nan
7,AGRN,6,nan,nan,nan,nan,nan,nan,nan,nan,nan
8,AL645608.5,7,nan,nan,nan,nan,nan,nan,nan,nan,nan
9,AL645608.8,8,nan,nan,nan,nan,nan,nan,nan,nan,nan
10,DVL1,9,nan,nan,nan,nan,nan,nan,nan,nan,nan
11,FNDC10,10,nan,nan,nan,nan,nan,nan,nan,nan,nan
12,MMP23B,11,nan,nan,nan,nan,nan,nan,nan,nan,nan
13,PRKCZ,12,nan,nan,nan,nan,nan,nan,nan,nan,nan
14,HES5,13,nan,nan,nan,nan,nan,nan,nan,nan,nan
15,PRDM16,14,nan,nan,nan,nan,nan,nan,nan,nan,nan
16,AL590438.1,15,nan,nan,nan,nan,nan,nan,nan,nan,nan
17,AJAP1,16,nan,nan,nan,nan,nan,nan,nan,nan,nan
18,Z98886.1,17,nan,nan,nan,nan,nan,nan,nan,nan,nan
19,ESPN,18,nan,nan,nan,nan,nan,nan,nan,nan,nan
20,ZBTB48,19,nan,nan,nan,nan,nan,nan,nan,nan,nan
21,THAP3,20,nan,nan,nan,nan,nan,nan,nan,nan,nan
22,CAMTA1,21,nan,nan,nan,nan,nan,nan,nan,nan,nan
23,AL512330.1,22,nan,nan,nan,nan,nan,nan,nan,nan,nan
24,AL365194.1,23,nan,nan,nan,nan,nan,nan,nan,nan,nan
25,AL359881.3,24,nan,nan,nan,nan,nan,nan,nan,nan,nan
26,AL359881.2,25,nan,nan,nan,nan,nan,nan,nan,nan,nan
27,AL359881.1,26,nan,nan,nan,nan,nan,nan,nan,nan,nan
28,PER3,27,nan,nan,nan,nan,nan,nan,nan,nan,nan
29,PARK7,28,nan,nan,nan,nan,nan,nan,nan,nan,nan
30,RERE,29,nan,nan,nan,nan,nan,nan,nan,nan,nan
31,ENO1,30,nan,nan,nan,nan,nan,nan,nan,nan,nan
32,CTNNBIP1,31,nan,nan,nan,nan,nan,nan,nan,nan,nan
33,AL357140.1,32,nan,nan,nan,nan,nan,nan,nan,nan,nan
34,AL357140.4,33,nan,nan,nan,nan,nan,nan,nan,nan,nan
35,AL357140.2,34,nan,nan,nan,nan,nan,nan,nan,nan,nan
36,CENPS,35,nan,nan,nan,nan,nan,nan,nan,nan,nan
37,CORT,36,nan,nan,nan,nan,nan,nan,nan,nan,nan
38,AL354956.1,37,nan,nan,nan,nan,nan,nan,nan,nan,nan
39,PEX14,38,nan,nan,nan,nan,nan,nan,nan,nan,nan
40,TARDBP,39,nan,nan,nan,nan,nan,nan,nan,nan,nan
41,DISP3,40,nan,nan,nan,nan,nan,nan,nan,nan,nan
42,AL590989.1,41,nan,nan,nan,nan,nan,nan,nan,nan,nan
43,MAD2L2,42,nan,nan,nan,nan,nan,nan,nan,nan,nan
44,TNFRSF8,43,nan,nan,nan,nan,nan,nan,nan,nan,nan
45,DHRS3,44,nan,nan,nan,nan,nan,nan,nan,nan,nan
46,AC254633.1,45,nan,nan,nan,nan,nan,nan,nan,nan,nan
47,AL354712.1,46,nan,nan,nan,nan,nan,nan,nan,nan,nan
48,PDPN,47,nan,nan,nan,nan,nan,nan,nan,nan,nan
49,AL359771.1,48,nan,nan,nan,nan,nan,nan,nan,nan,nan
50,PRDM2,49,nan,nan,nan,nan,nan,nan,nan,nan,nan
51,AGMAT,50,nan,nan,nan,nan,nan,nan,nan,nan,nan
52,SPEN,51,nan,nan,nan,nan,nan,nan,nan,nan,nan
53,ZBTB17,52,nan,nan,nan,nan,nan,nan,nan,nan,nan
54,HSPB7,53,nan,nan,nan,nan,nan,nan,nan,nan,nan
55,EPHA2,54,nan,nan,nan,nan,nan,nan,nan,nan,nan
56,AL451042.2,55,nan,nan,nan,nan,nan,nan,nan,nan,nan
57,AL451042.1,56,nan,nan,nan,nan,nan,nan,nan,nan,nan
58,AL137802.2,57,nan,nan,nan,nan,nan,nan,nan,nan,nan
59,AL137802.1,58,nan,nan,nan,nan,nan,nan,nan,nan,nan
60,CROCC,59,nan,nan,nan,nan,nan,nan,nan,nan,nan
61,BX284668.1,60,nan,nan,nan,nan,nan,nan,nan,nan,nan
62,BX284668.2,61,nan,nan,nan,nan,nan,nan,nan,nan,nan
63,BX284668.5,62,nan,nan,nan,nan,nan,nan,nan,nan,nan
64,BX284668.6,63,nan,nan,nan,nan,nan,nan,nan,nan,nan
65,PAX7,64,nan,nan,nan,nan,nan,nan,nan,nan,nan
66,UBR4,65,nan,nan,nan,nan,nan,nan,nan,nan,nan
67,PLA2G2C,66,nan,nan,nan,nan,nan,nan,nan,nan,nan
68,UBXN10-AS1,67,nan,nan,nan,nan,nan,nan,nan,nan,nan
69,CDA,68,nan,nan,nan,nan,nan,nan,nan,nan,nan
70,PINK1,69,nan,nan,nan,nan,nan,nan,nan,nan,nan
71,KIF17,70,nan,nan,nan,nan,nan,nan,nan,nan,nan
72,HP1BP3,71,nan,nan,nan,nan,nan,nan,nan,nan,nan
73,EIF4G3,72,nan,nan,nan,nan,nan,nan,nan,nan,nan
74,AL031005.2,73,nan,nan,nan,nan,nan,nan,nan,nan,nan
75,AL031005.1,74,nan,nan,nan,nan,nan,nan,nan,nan,nan
76,ZBTB40,75,nan,nan,nan,nan,nan,nan,nan,nan,nan
77,TEX46,76,nan,nan,nan,nan,nan,nan,nan,nan,nan
78,KDM1A,77,nan,nan,nan,nan,nan,nan,nan,nan,nan
79,AL031428.1,78,nan,nan,nan,nan,nan,nan,nan,nan,nan
80,ZNF436,79,nan,nan,nan,nan,nan,nan,nan,nan,nan
81,ID3,80,nan,nan,nan,nan,nan,nan,nan,nan,nan
82,CNR2,81,nan,nan,nan,nan,nan,nan,nan,nan,nan
83,AL590609.3,82,nan,nan,nan,nan,nan,nan,nan,nan,nan
84,AL138902.1,83,nan,nan,nan,nan,nan,nan,nan,nan,nan
85,GRHL3,84,nan,nan,nan,nan,nan,nan,nan,nan,nan
86,LDLRAP1,85,nan,nan,nan,nan,nan,nan,nan,nan,nan
87,AL606491.1,86,nan,nan,nan,nan,nan,nan,nan,nan,nan
88,EXTL1,87,nan,nan,nan,nan,nan,nan,nan,nan,nan
89,FAM110D,88,nan,nan,nan,nan,nan,nan,nan,nan,nan
90,ZNF593,89,nan,nan,nan,nan,nan,nan,nan,nan,nan
91,SFN,90,nan,nan,nan,nan,nan,nan,nan,nan,nan
92,TRNP1,91,nan,nan,nan,nan,nan,nan,nan,nan,nan
93,TENT5B,92,nan,nan,nan,nan,nan,nan,nan,nan,nan
94,WDTC1,93,nan,nan,nan,nan,nan,nan,nan,nan,nan
95,GPR3,94,nan,nan,nan,nan,nan,nan,nan,nan,nan
96,FO393419.2,95,nan,nan,nan,nan,nan,nan,nan,nan,nan
97,AHDC1,96,nan,nan,nan,nan,nan,nan,nan,nan,nan
98,FGR,97,nan,nan,nan,nan,nan,nan,nan,nan,nan
99,THEMIS2,98,nan,nan,nan,nan,nan,nan,nan,nan,nan
100,RPA2,99,nan,nan,nan,nan,nan,nan,nan,nan,nan
101,DNAJC8,100,nan,nan,nan,nan,nan,nan,nan,nan,nan
102,AL353622.1,101,nan,nan,nan,nan,nan,nan,nan,nan,nan
103,AL353622.2,102,nan,nan,nan,nan,nan,nan,nan,nan,nan
104,PHACTR4,103,nan,nan,nan,nan,nan,nan,nan,nan,nan
105,TAF12,104,nan,nan,nan,nan,nan,nan,nan,nan,nan
106,AL360012.1,105,nan,nan,nan,nan,nan,nan,nan,nan,nan
107,GMEB1,106,nan,nan,nan,nan,nan,nan,nan,nan,nan
108,OPRD1,107,nan,nan,nan,nan,nan,nan,nan,nan,nan
109,TMEM200B,108,nan,nan,nan,nan,nan,nan,nan,nan,nan
110,MATN1,109,nan,nan,nan,nan,nan,nan,nan,nan,nan
111,AL137857.1,110,nan,nan,nan,nan,nan,nan,nan,nan,nan
112,FABP3,111,nan,nan,nan,nan,nan,nan,nan,nan,nan
113,SERINC2,112,nan,nan,nan,nan,nan,nan,nan,nan,nan
114,AL136115.2,113,nan,nan,nan,nan,nan,nan,nan,nan,nan
115,PTP4A2,114,nan,nan,nan,nan,nan,nan,nan,nan,nan
116,AL136115.1,115,nan,nan,nan,nan,nan,nan,nan,nan,nan
117,AL136115.3,116,nan,nan,nan,nan,nan,nan,nan,nan,nan
118,HDAC1,117,nan,nan,nan,nan,nan,nan,nan,nan,nan
119,AL109945.1,118,nan,nan,nan,nan,nan,nan,nan,nan,nan
120,ZBTB8B,119,nan,nan,nan,nan,nan,nan,nan,nan,nan
121,ZBTB8A,120,nan,nan,nan,nan,nan,nan,nan,nan,nan
122,HPCA,121,nan,nan,nan,nan,nan,nan,nan,nan,nan
123,TRIM62,122,nan,nan,nan,nan,nan,nan,nan,nan,nan
124,AL662907.3,123,nan,nan,nan,nan,nan,nan,nan,nan,nan
125,ZNF362,124,nan,nan,nan,nan,nan,nan,nan,nan,nan
126,AL513327.3,125,nan,nan,nan,nan,nan,nan,nan,nan,nan
127,A3GALT2,126,nan,nan,nan,nan,nan,nan,nan,nan,nan
128,AL513327.1,127,nan,nan,nan,nan,nan,nan,nan,nan,nan
129,AL513327.2,128,nan,nan,nan,nan,nan,nan,nan,nan,nan
130,ZSCAN20,129,nan,nan,nan,nan,nan,nan,nan,nan,nan
131,DLGAP3,130,nan,nan,nan,nan,nan,nan,nan,nan,nan
132,ZMYM6,131,nan,nan,nan,nan,nan,nan,nan,nan,nan
133,ZMYM1,132,nan,nan,nan,nan,nan,nan,nan,nan,nan
134,SFPQ,133,nan,nan,nan,nan,nan,nan,nan,nan,nan
135,ZMYM4,134,nan,nan,nan,nan,nan,nan,nan,nan,nan
136,TFAP2E,135,nan,nan,nan,nan,nan,nan,nan,nan,nan
137,CLSPN,136,nan,nan,nan,nan,nan,nan,nan,nan,nan
138,AGO1,137,nan,nan,nan,nan,nan,nan,nan,nan,nan
139,AL139286.3,138,nan,nan,nan,nan,nan,nan,nan,nan,nan
140,AL139286.2,139,nan,nan,nan,nan,nan,nan,nan,nan,nan
141,AL138787.2,140,nan,nan,nan,nan,nan,nan,nan,nan,nan
142,TEKT2,141,nan,nan,nan,nan,nan,nan,nan,nan,nan
143,COL8A2,142,nan,nan,nan,nan,nan,nan,nan,nan,nan
144,THRAP3,143,nan,nan,nan,nan,nan,nan,nan,nan,nan
145,GRIK3,144,nan,nan,nan,nan,nan,nan,nan,nan,nan
146,ZC3H12A,145,nan,nan,nan,nan,nan,nan,nan,nan,nan
147,MANEAL,146,nan,nan,nan,nan,nan,nan,nan,nan,nan
148,SF3A3,147,nan,nan,nan,nan,nan,nan,nan,nan,nan
149,POU3F1,148,nan,nan,nan,nan,nan,nan,nan,nan,nan
150,MYCBP,149,nan,nan,nan,nan,nan,nan,nan,nan,nan
151,MACF1,150,nan,nan,nan,nan,nan,nan,nan,nan,nan
152,AL356055.1,151,nan,nan,nan,nan,nan,nan,nan,nan,nan
153,AL442071.2,152,nan,nan,nan,nan,nan,nan,nan,nan,nan
154,AL442071.1,153,nan,nan,nan,nan,nan,nan,nan,nan,nan
155,HEYL,154,nan,nan,nan,nan,nan,nan,nan,nan,nan
156,TRIT1,155,nan,nan,nan,nan,nan,nan,nan,nan,nan
157,RLF,156,nan,nan,nan,nan,nan,nan,nan,nan,nan
158,SMAP2,157,nan,nan,nan,nan,nan,nan,nan,nan,nan
159,AL031985.4,158,nan,nan,nan,nan,nan,nan,nan,nan,nan
160,ZFP69B,159,nan,nan,nan,nan,nan,nan,nan,nan,nan
161,AL031985.3,160,nan,nan,nan,nan,nan,nan,nan,nan,nan
162,ZFP69,161,nan,nan,nan,nan,nan,nan,nan,nan,nan
163,ZNF684,162,nan,nan,nan,nan,nan,nan,nan,nan,nan
164,NFYC,163,nan,nan,nan,nan,nan,nan,nan,nan,nan
165,CITED4,164,nan,nan,nan,nan,nan,nan,nan,nan,nan
166,SCMH1,165,nan,nan,nan,nan,nan,nan,nan,nan,nan
167,FOXO6,166,nan,nan,nan,nan,nan,nan,nan,nan,nan
168,HIVEP3,167,nan,nan,nan,nan,nan,nan,nan,nan,nan
169,FOXJ3,168,nan,nan,nan,nan,nan,nan,nan,nan,nan
170,AC096540.1,169,nan,nan,nan,nan,nan,nan,nan,nan,nan
171,YBX1,170,nan,nan,nan,nan,nan,nan,nan,nan,nan
172,ZNF691,171,nan,nan,nan,nan,nan,nan,nan,nan,nan
173,DMAP1,172,nan,nan,nan,nan,nan,nan,nan,nan,nan
174,TOE1,173,nan,nan,nan,nan,nan,nan,nan,nan,nan
175,GPBP1L1,174,nan,nan,nan,nan,nan,nan,nan,nan,nan
176,RAD54L,175,nan,nan,nan,nan,nan,nan,nan,nan,nan
177,CYP4Z1,176,nan,nan,nan,nan,nan,nan,nan,nan,nan
178,TAL1,177,nan,nan,nan,nan,nan,nan,nan,nan,nan
179,AL135960.1,178,nan,nan,nan,nan,nan,nan,nan,nan,nan
180,AL109659.1,179,nan,nan,nan,nan,nan,nan,nan,nan,nan
181,SLC5A9,180,nan,nan,nan,nan,nan,nan,nan,nan,nan
182,AL109659.2,181,nan,nan,nan,nan,nan,nan,nan,nan,nan
183,AGBL4,182,nan,nan,nan,nan,nan,nan,nan,nan,nan
184,AL645507.1,183,nan,nan,nan,nan,nan,nan,nan,nan,nan
185,AC099788.1,184,nan,nan,nan,nan,nan,nan,nan,nan,nan
186,AL590432.1,185,nan,nan,nan,nan,nan,nan,nan,nan,nan
187,C1orf185,186,nan,nan,nan,nan,nan,nan,nan,nan,nan
188,EPS15,187,nan,nan,nan,nan,nan,nan,nan,nan,nan
189,AC104170.2,188,nan,nan,nan,nan,nan,nan,nan,nan,nan
190,AC104170.1,189,nan,nan,nan,nan,nan,nan,nan,nan,nan
191,TXNDC12,190,nan,nan,nan,nan,nan,nan,nan,nan,nan
192,AL445685.1,191,nan,nan,nan,nan,nan,nan,nan,nan,nan
193,CC2D1B,192,nan,nan,nan,nan,nan,nan,nan,nan,nan
194,ZYG11A,193,nan,nan,nan,nan,nan,nan,nan,nan,nan
195,SCP2,194,nan,nan,nan,nan,nan,nan,nan,nan,nan
196,AL445183.1,195,nan,nan,nan,nan,nan,nan,nan,nan,nan
197,AL445183.2,196,nan,nan,nan,nan,nan,nan,nan,nan,nan
198,CPT2,197,nan,nan,nan,nan,nan,nan,nan,nan,nan
199,AL606760.2,198,nan,nan,nan,nan,nan,nan,nan,nan,nan
200,AL606760.3,199,nan,nan,nan,nan,nan,nan,nan,nan,nan
201,AL606760.1,200,nan,nan,nan,nan,nan,nan,nan,nan,nan
202,LRP8,201,nan,nan,nan,nan,nan,nan,nan,nan,nan
203,GLIS1,202,nan,nan,nan,nan,nan,nan,nan,nan,nan
204,DIO1,203,nan,nan,nan,nan,nan,nan,nan,nan,nan
205,MRPL37,204,nan,nan,nan,nan,nan,nan,nan,nan,nan
206,SSBP3,205,nan,nan,nan,nan,nan,nan,nan,nan,nan
207,AL161644.1,206,nan,nan,nan,nan,nan,nan,nan,nan,nan
208,PARS2,207,nan,nan,nan,nan,nan,nan,nan,nan,nan
209,TTC22,208,nan,nan,nan,nan,nan,nan,nan,nan,nan
210,AC096536.1,209,nan,nan,nan,nan,nan,nan,nan,nan,nan
211,AC096536.3,210,nan,nan,nan,nan,nan,nan,nan,nan,nan
212,AC096536.2,211,nan,nan,nan,nan,nan,nan,nan,nan,nan
213,TMEM61,212,nan,nan,nan,nan,nan,nan,nan,nan,nan
214,PLPP3,213,nan,nan,nan,nan,nan,nan,nan,nan,nan
215,MYSM1,214,nan,nan,nan,nan,nan,nan,nan,nan,nan
216,AL136985.3,215,nan,nan,nan,nan,nan,nan,nan,nan,nan
217,JUN,216,nan,nan,nan,nan,nan,nan,nan,nan,nan
218,AL136985.2,217,nan,nan,nan,nan,nan,nan,nan,nan,nan
219,AL136985.1,218,nan,nan,nan,nan,nan,nan,nan,nan,nan
220,AC099792.1,219,nan,nan,nan,nan,nan,nan,nan,nan,nan
221,NFIA,220,nan,nan,nan,nan,nan,nan,nan,nan,nan
222,AC099791.3,221,nan,nan,nan,nan,nan,nan,nan,nan,nan
223,AC099791.4,222,nan,nan,nan,nan,nan,nan,nan,nan,nan
224,TM2D1,223,nan,nan,nan,nan,nan,nan,nan,nan,nan
225,AC099791.2,224,nan,nan,nan,nan,nan,nan,nan,nan,nan
226,ATG4C,225,nan,nan,nan,nan,nan,nan,nan,nan,nan
227,AC099794.1,226,nan,nan,nan,nan,nan,nan,nan,nan,nan
228,ITGB3BP,227,nan,nan,nan,nan,nan,nan,nan,nan,nan
229,BX004807.1,228,nan,nan,nan,nan,nan,nan,nan,nan,nan
230,PDE4B,229,nan,nan,nan,nan,nan,nan,nan,nan,nan
231,AL590783.1,230,nan,nan,nan,nan,nan,nan,nan,nan,nan
232,MIER1,231,nan,nan,nan,nan,nan,nan,nan,nan,nan
233,GADD45A,232,nan,nan,nan,nan,nan,nan,nan,nan,nan
234,SRSF11,233,nan,nan,nan,nan,nan,nan,nan,nan,nan
235,AL353771.1,234,nan,nan,nan,nan,nan,nan,nan,nan,nan
236,CTH,235,nan,nan,nan,nan,nan,nan,nan,nan,nan
237,PTGER3,236,nan,nan,nan,nan,nan,nan,nan,nan,nan
238,AL031429.1,237,nan,nan,nan,nan,nan,nan,nan,nan,nan
239,AL031429.2,238,nan,nan,nan,nan,nan,nan,nan,nan,nan
240,ZRANB2,239,nan,nan,nan,nan,nan,nan,nan,nan,nan
241,LRRC53,240,nan,nan,nan,nan,nan,nan,nan,nan,nan
242,ERICH3,241,nan,nan,nan,nan,nan,nan,nan,nan,nan
243,AC093433.2,242,nan,nan,nan,nan,nan,nan,nan,nan,nan
244,AK5,243,nan,nan,nan,nan,nan,nan,nan,nan,nan
245,AC095030.1,244,nan,nan,nan,nan,nan,nan,nan,nan,nan
246,FUBP1,245,nan,nan,nan,nan,nan,nan,nan,nan,nan
247,DNAJB4,246,nan,nan,nan,nan,nan,nan,nan,nan,nan
248,ADGRL4,247,nan,nan,nan,nan,nan,nan,nan,nan,nan
249,AL353651.2,248,nan,nan,nan,nan,nan,nan,nan,nan,nan
250,AL353651.1,249,nan,nan,nan,nan,nan,nan,nan,nan,nan
251,BCL10,250,nan,nan,nan,nan,nan,nan,nan,nan,nan
252,SELENOF,251,nan,nan,nan,nan,nan,nan,nan,nan,nan
253,AL121989.1,252,nan,nan,nan,nan,nan,nan,nan,nan,nan
254,LMO4,253,nan,nan,nan,nan,nan,nan,nan,nan,nan
255,GTF2B,254,nan,nan,nan,nan,nan,nan,nan,nan,nan
256,ZNF326,255,nan,nan,nan,nan,nan,nan,nan,nan,nan
257,ZNF644,256,nan,nan,nan,nan,nan,nan,nan,nan,nan
258,BTBD8,257,nan,nan,nan,nan,nan,nan,nan,nan,nan
259,MTF2,258,nan,nan,nan,nan,nan,nan,nan,nan,nan
260,DR1,259,nan,nan,nan,nan,nan,nan,nan,nan,nan
261,ABCA4,260,nan,nan,nan,nan,nan,nan,nan,nan,nan
262,AC093579.1,261,nan,nan,nan,nan,nan,nan,nan,nan,nan
263,ARHGAP29,262,nan,nan,nan,nan,nan,nan,nan,nan,nan
264,AC097059.1,263,nan,nan,nan,nan,nan,nan,nan,nan,nan
265,AC092802.3,264,nan,nan,nan,nan,nan,nan,nan,nan,nan
266,AC092802.1,265,nan,nan,nan,nan,nan,nan,nan,nan,nan
267,RWDD3,266,nan,nan,nan,nan,nan,nan,nan,nan,nan
268,AC092802.2,267,nan,nan,nan,nan,nan,nan,nan,nan,nan
269,AC092802.4,268,nan,nan,nan,nan,nan,nan,nan,nan,nan
270,PLPPR5,269,nan,nan,nan,nan,nan,nan,nan,nan,nan
271,AL445433.2,270,nan,nan,nan,nan,nan,nan,nan,nan,nan
272,PALMD,271,nan,nan,nan,nan,nan,nan,nan,nan,nan
273,VCAM1,272,nan,nan,nan,nan,nan,nan,nan,nan,nan
274,OLFM3,273,nan,nan,nan,nan,nan,nan,nan,nan,nan
275,TAF13,274,nan,nan,nan,nan,nan,nan,nan,nan,nan
276,SLC6A17,275,nan,nan,nan,nan,nan,nan,nan,nan,nan
277,AL355990.1,276,nan,nan,nan,nan,nan,nan,nan,nan,nan
278,AL355990.2,277,nan,nan,nan,nan,nan,nan,nan,nan,nan
279,DENND2D,278,nan,nan,nan,nan,nan,nan,nan,nan,nan
280,WDR77,279,nan,nan,nan,nan,nan,nan,nan,nan,nan
281,WNT2B,280,nan,nan,nan,nan,nan,nan,nan,nan,nan
282,AL354760.1,281,nan,nan,nan,nan,nan,nan,nan,nan,nan
283,AL603832.1,282,nan,nan,nan,nan,nan,nan,nan,nan,nan
284,RHOC,283,nan,nan,nan,nan,nan,nan,nan,nan,nan
285,PPM1J,284,nan,nan,nan,nan,nan,nan,nan,nan,nan
286,AL603832.2,285,nan,nan,nan,nan,nan,nan,nan,nan,nan
287,PHTF1,286,nan,nan,nan,nan,nan,nan,nan,nan,nan
288,DCLRE1B,287,nan,nan,nan,nan,nan,nan,nan,nan,nan
289,SYT6,288,nan,nan,nan,nan,nan,nan,nan,nan,nan
290,TRIM33,289,nan,nan,nan,nan,nan,nan,nan,nan,nan
291,CSDE1,290,nan,nan,nan,nan,nan,nan,nan,nan,nan
292,IGSF3,291,nan,nan,nan,nan,nan,nan,nan,nan,nan
293,CD101,292,nan,nan,nan,nan,nan,nan,nan,nan,nan
294,AL445231.1,293,nan,nan,nan,nan,nan,nan,nan,nan,nan
295,TENT5C,294,nan,nan,nan,nan,nan,nan,nan,nan,nan
296,TBX15,295,nan,nan,nan,nan,nan,nan,nan,nan,nan
297,ZNF697,296,nan,nan,nan,nan,nan,nan,nan,nan,nan
298,NOTCH2,297,nan,nan,nan,nan,nan,nan,nan,nan,nan
299,AC245008.1,298,nan,nan,nan,nan,nan,nan,nan,nan,nan
300,AC244453.3,299,nan,nan,nan,nan,nan,nan,nan,nan,nan
301,AC244453.2,300,nan,nan,nan,nan,nan,nan,nan,nan,nan
302,AC244453.1,301,nan,nan,nan,nan,nan,nan,nan,nan,nan
303,FAM72B,302,nan,nan,nan,nan,nan,nan,nan,nan,nan
304,PIAS3,303,nan,nan,nan,nan,nan,nan,nan,nan,nan
305,HJV,304,nan,nan,nan,nan,nan,nan,nan,nan,nan
306,NBPF12,305,nan,nan,nan,nan,nan,nan,nan,nan,nan
307,AC244394.2,306,nan,nan,nan,nan,nan,nan,nan,nan,nan
308,CHD1L,307,nan,nan,nan,nan,nan,nan,nan,nan,nan
309,AC239868.1,308,nan,nan,nan,nan,nan,nan,nan,nan,nan
310,HIST2H2AC,309,nan,nan,nan,nan,nan,nan,nan,nan,nan
311,BOLA1,310,nan,nan,nan,nan,nan,nan,nan,nan,nan
312,SF3B4,311,nan,nan,nan,nan,nan,nan,nan,nan,nan
313,CA14,312,nan,nan,nan,nan,nan,nan,nan,nan,nan
314,ARNT,313,nan,nan,nan,nan,nan,nan,nan,nan,nan
315,CTXND2,314,nan,nan,nan,nan,nan,nan,nan,nan,nan
316,SETDB1,315,nan,nan,nan,nan,nan,nan,nan,nan,nan
317,CERS2,316,nan,nan,nan,nan,nan,nan,nan,nan,nan
318,AL590133.2,317,nan,nan,nan,nan,nan,nan,nan,nan,nan
319,AL590133.1,318,nan,nan,nan,nan,nan,nan,nan,nan,nan
320,MLLT11,319,nan,nan,nan,nan,nan,nan,nan,nan,nan
321,GABPB2,320,nan,nan,nan,nan,nan,nan,nan,nan,nan
322,VPS72,321,nan,nan,nan,nan,nan,nan,nan,nan,nan
323,ZNF687,322,nan,nan,nan,nan,nan,nan,nan,nan,nan
324,PI4KB,323,nan,nan,nan,nan,nan,nan,nan,nan,nan
325,AL391069.3,324,nan,nan,nan,nan,nan,nan,nan,nan,nan
326,RFX5,325,nan,nan,nan,nan,nan,nan,nan,nan,nan
327,AL391069.1,326,nan,nan,nan,nan,nan,nan,nan,nan,nan
328,AL391069.2,327,nan,nan,nan,nan,nan,nan,nan,nan,nan
329,POGZ,328,nan,nan,nan,nan,nan,nan,nan,nan,nan
330,CELF3,329,nan,nan,nan,nan,nan,nan,nan,nan,nan
331,RORC,330,nan,nan,nan,nan,nan,nan,nan,nan,nan
332,FLG,331,nan,nan,nan,nan,nan,nan,nan,nan,nan
333,S100A9,332,nan,nan,nan,nan,nan,nan,nan,nan,nan
334,S100A8,333,nan,nan,nan,nan,nan,nan,nan,nan,nan
335,S100A14,334,nan,nan,nan,nan,nan,nan,nan,nan,nan
336,GATAD2B,335,nan,nan,nan,nan,nan,nan,nan,nan,nan
337,CRTC2,336,nan,nan,nan,nan,nan,nan,nan,nan,nan
338,CREB3L4,337,nan,nan,nan,nan,nan,nan,nan,nan,nan
339,ADAR,338,nan,nan,nan,nan,nan,nan,nan,nan,nan
340,AL606500.1,339,nan,nan,nan,nan,nan,nan,nan,nan,nan
341,ZBTB7B,340,nan,nan,nan,nan,nan,nan,nan,nan,nan
342,ASH1L,341,nan,nan,nan,nan,nan,nan,nan,nan,nan
343,GON4L,342,nan,nan,nan,nan,nan,nan,nan,nan,nan
344,ARHGEF2,343,nan,nan,nan,nan,nan,nan,nan,nan,nan
345,MEX3A,344,nan,nan,nan,nan,nan,nan,nan,nan,nan
346,SEMA4A,345,nan,nan,nan,nan,nan,nan,nan,nan,nan
347,GLMP,346,nan,nan,nan,nan,nan,nan,nan,nan,nan
348,MEF2D,347,nan,nan,nan,nan,nan,nan,nan,nan,nan
349,AL590666.2,348,nan,nan,nan,nan,nan,nan,nan,nan,nan
350,AL590666.3,349,nan,nan,nan,nan,nan,nan,nan,nan,nan
351,AL590666.4,350,nan,nan,nan,nan,nan,nan,nan,nan,nan
352,CRABP2,351,nan,nan,nan,nan,nan,nan,nan,nan,nan
353,AL590666.1,352,nan,nan,nan,nan,nan,nan,nan,nan,nan
354,RRNAD1,353,nan,nan,nan,nan,nan,nan,nan,nan,nan
355,AL590666.5,354,nan,nan,nan,nan,nan,nan,nan,nan,nan
356,NTRK1,355,nan,nan,nan,nan,nan,nan,nan,nan,nan
357,ETV3,356,nan,nan,nan,nan,nan,nan,nan,nan,nan
358,KIRREL1,357,nan,nan,nan,nan,nan,nan,nan,nan,nan
359,MNDA,358,nan,nan,nan,nan,nan,nan,nan,nan,nan
360,IFI16,359,nan,nan,nan,nan,nan,nan,nan,nan,nan
361,AIM2,360,nan,nan,nan,nan,nan,nan,nan,nan,nan
362,CFAP45,361,nan,nan,nan,nan,nan,nan,nan,nan,nan
363,F11R,362,nan,nan,nan,nan,nan,nan,nan,nan,nan
364,USF1,363,nan,nan,nan,nan,nan,nan,nan,nan,nan
365,AL591806.1,364,nan,nan,nan,nan,nan,nan,nan,nan,nan
366,ADAMTS4,365,nan,nan,nan,nan,nan,nan,nan,nan,nan
367,PCP4L1,366,nan,nan,nan,nan,nan,nan,nan,nan,nan
368,MPZ,367,nan,nan,nan,nan,nan,nan,nan,nan,nan
369,HSPA6,368,nan,nan,nan,nan,nan,nan,nan,nan,nan
370,DUSP12,369,nan,nan,nan,nan,nan,nan,nan,nan,nan
371,ATF6,370,nan,nan,nan,nan,nan,nan,nan,nan,nan
372,OLFML2B,371,nan,nan,nan,nan,nan,nan,nan,nan,nan
373,DDR2,372,nan,nan,nan,nan,nan,nan,nan,nan,nan
374,RGS5,373,nan,nan,nan,nan,nan,nan,nan,nan,nan
375,AL592435.1,374,nan,nan,nan,nan,nan,nan,nan,nan,nan
376,AL592435.2,375,nan,nan,nan,nan,nan,nan,nan,nan,nan
377,PBX1,376,nan,nan,nan,nan,nan,nan,nan,nan,nan
378,AL391001.1,377,nan,nan,nan,nan,nan,nan,nan,nan,nan
379,AL357568.1,378,nan,nan,nan,nan,nan,nan,nan,nan,nan
380,AL357568.2,379,nan,nan,nan,nan,nan,nan,nan,nan,nan
381,RXRG,380,nan,nan,nan,nan,nan,nan,nan,nan,nan
382,POGK,381,nan,nan,nan,nan,nan,nan,nan,nan,nan
383,MAEL,382,nan,nan,nan,nan,nan,nan,nan,nan,nan
384,AL158837.1,383,nan,nan,nan,nan,nan,nan,nan,nan,nan
385,GPA33,384,nan,nan,nan,nan,nan,nan,nan,nan,nan
386,AL451050.2,385,nan,nan,nan,nan,nan,nan,nan,nan,nan
387,POU2F1,386,nan,nan,nan,nan,nan,nan,nan,nan,nan
388,AL136984.1,387,nan,nan,nan,nan,nan,nan,nan,nan,nan
389,CREG1,388,nan,nan,nan,nan,nan,nan,nan,nan,nan
390,MPZL1,389,nan,nan,nan,nan,nan,nan,nan,nan,nan
391,Z99943.1,390,nan,nan,nan,nan,nan,nan,nan,nan,nan
392,TBX19,391,nan,nan,nan,nan,nan,nan,nan,nan,nan
393,AL031726.2,392,nan,nan,nan,nan,nan,nan,nan,nan,nan
394,AL031726.1,393,nan,nan,nan,nan,nan,nan,nan,nan,nan
395,ATP1B1,394,nan,nan,nan,nan,nan,nan,nan,nan,nan
396,Z99758.1,395,nan,nan,nan,nan,nan,nan,nan,nan,nan
397,BLZF1,396,nan,nan,nan,nan,nan,nan,nan,nan,nan
398,SELL,397,nan,nan,nan,nan,nan,nan,nan,nan,nan
399,GORAB,398,nan,nan,nan,nan,nan,nan,nan,nan,nan
400,AL162399.1,399,nan,nan,nan,nan,nan,nan,nan,nan,nan
401,PRRX1,400,nan,nan,nan,nan,nan,nan,nan,nan,nan
402,BX284613.2,401,nan,nan,nan,nan,nan,nan,nan,nan,nan
403,MROH9,402,nan,nan,nan,nan,nan,nan,nan,nan,nan
404,C1orf105,403,nan,nan,nan,nan,nan,nan,nan,nan,nan
405,AL031599.1,404,nan,nan,nan,nan,nan,nan,nan,nan,nan
406,TNFSF18,405,nan,nan,nan,nan,nan,nan,nan,nan,nan
407,TNFSF4,406,nan,nan,nan,nan,nan,nan,nan,nan,nan
408,AL645568.1,407,nan,nan,nan,nan,nan,nan,nan,nan,nan
409,ZBTB37,408,nan,nan,nan,nan,nan,nan,nan,nan,nan
410,RC3H1,409,nan,nan,nan,nan,nan,nan,nan,nan,nan
411,KIAA0040,410,nan,nan,nan,nan,nan,nan,nan,nan,nan
412,AL008626.1,411,nan,nan,nan,nan,nan,nan,nan,nan,nan
413,AL353708.3,412,nan,nan,nan,nan,nan,nan,nan,nan,nan
414,AL353708.2,413,nan,nan,nan,nan,nan,nan,nan,nan,nan
415,AL353708.1,414,nan,nan,nan,nan,nan,nan,nan,nan,nan
416,CEP350,415,nan,nan,nan,nan,nan,nan,nan,nan,nan
417,AL390718.1,416,nan,nan,nan,nan,nan,nan,nan,nan,nan
418,LHX4,417,nan,nan,nan,nan,nan,nan,nan,nan,nan
419,CACNA1E,418,nan,nan,nan,nan,nan,nan,nan,nan,nan
420,AL161734.2,419,nan,nan,nan,nan,nan,nan,nan,nan,nan
421,AL161734.1,420,nan,nan,nan,nan,nan,nan,nan,nan,nan
422,LAMC2,421,nan,nan,nan,nan,nan,nan,nan,nan,nan
423,SMG7,422,nan,nan,nan,nan,nan,nan,nan,nan,nan
424,AL137800.1,423,nan,nan,nan,nan,nan,nan,nan,nan,nan
425,RNF2,424,nan,nan,nan,nan,nan,nan,nan,nan,nan
426,TRMT1L,425,nan,nan,nan,nan,nan,nan,nan,nan,nan
427,IVNS1ABP,426,nan,nan,nan,nan,nan,nan,nan,nan,nan
428,AL078644.2,427,nan,nan,nan,nan,nan,nan,nan,nan,nan
429,HMCN1,428,nan,nan,nan,nan,nan,nan,nan,nan,nan
430,AL133553.1,429,nan,nan,nan,nan,nan,nan,nan,nan,nan
431,AL133553.2,430,nan,nan,nan,nan,nan,nan,nan,nan,nan
432,RGS2,431,nan,nan,nan,nan,nan,nan,nan,nan,nan
433,CFH,432,nan,nan,nan,nan,nan,nan,nan,nan,nan
434,ZBTB41,433,nan,nan,nan,nan,nan,nan,nan,nan,nan
435,LHX9,434,nan,nan,nan,nan,nan,nan,nan,nan,nan
436,NR5A2,435,nan,nan,nan,nan,nan,nan,nan,nan,nan
437,AC104461.1,436,nan,nan,nan,nan,nan,nan,nan,nan,nan
438,ZNF281,437,nan,nan,nan,nan,nan,nan,nan,nan,nan
439,INAVA,438,nan,nan,nan,nan,nan,nan,nan,nan,nan
440,AC104463.2,439,nan,nan,nan,nan,nan,nan,nan,nan,nan
441,AC104463.1,440,nan,nan,nan,nan,nan,nan,nan,nan,nan
442,KDM5B,441,nan,nan,nan,nan,nan,nan,nan,nan,nan
443,AC098934.4,442,nan,nan,nan,nan,nan,nan,nan,nan,nan
444,MYBPH,443,nan,nan,nan,nan,nan,nan,nan,nan,nan
445,BTG2,444,nan,nan,nan,nan,nan,nan,nan,nan,nan
446,ZC3H11A,445,nan,nan,nan,nan,nan,nan,nan,nan,nan
447,SOX13,446,nan,nan,nan,nan,nan,nan,nan,nan,nan
448,MDM4,447,nan,nan,nan,nan,nan,nan,nan,nan,nan
449,DSTYK,448,nan,nan,nan,nan,nan,nan,nan,nan,nan
450,AC093422.2,449,nan,nan,nan,nan,nan,nan,nan,nan,nan
451,ELK4,450,nan,nan,nan,nan,nan,nan,nan,nan,nan
452,NUCKS1,451,nan,nan,nan,nan,nan,nan,nan,nan,nan
453,SLC26A9,452,nan,nan,nan,nan,nan,nan,nan,nan,nan
454,RAB7B,453,nan,nan,nan,nan,nan,nan,nan,nan,nan
455,RHEX,454,nan,nan,nan,nan,nan,nan,nan,nan,nan
456,AC244035.1,455,nan,nan,nan,nan,nan,nan,nan,nan,nan
457,AC244035.4,456,nan,nan,nan,nan,nan,nan,nan,nan,nan
458,AC244035.2,457,nan,nan,nan,nan,nan,nan,nan,nan,nan
459,YOD1,458,nan,nan,nan,nan,nan,nan,nan,nan,nan
460,AL445493.3,459,nan,nan,nan,nan,nan,nan,nan,nan,nan
461,AL445493.2,460,nan,nan,nan,nan,nan,nan,nan,nan,nan
462,CR1,461,nan,nan,nan,nan,nan,nan,nan,nan,nan
463,PLXNA2,462,nan,nan,nan,nan,nan,nan,nan,nan,nan
464,AL590138.1,463,nan,nan,nan,nan,nan,nan,nan,nan,nan
465,LAMB3,464,nan,nan,nan,nan,nan,nan,nan,nan,nan
466,G0S2,465,nan,nan,nan,nan,nan,nan,nan,nan,nan
467,C1orf74,466,nan,nan,nan,nan,nan,nan,nan,nan,nan
468,SYT14,467,nan,nan,nan,nan,nan,nan,nan,nan,nan
469,AL022397.1,468,nan,nan,nan,nan,nan,nan,nan,nan,nan
470,RCOR3,469,nan,nan,nan,nan,nan,nan,nan,nan,nan
471,TRAF5,470,nan,nan,nan,nan,nan,nan,nan,nan,nan
472,ATF3,471,nan,nan,nan,nan,nan,nan,nan,nan,nan
473,BATF3,472,nan,nan,nan,nan,nan,nan,nan,nan,nan
474,SPATA45,473,nan,nan,nan,nan,nan,nan,nan,nan,nan
475,PROX1,474,nan,nan,nan,nan,nan,nan,nan,nan,nan
476,AC011700.1,475,nan,nan,nan,nan,nan,nan,nan,nan,nan
477,AL606537.1,476,nan,nan,nan,nan,nan,nan,nan,nan,nan
478,KCNK2,477,nan,nan,nan,nan,nan,nan,nan,nan,nan
479,ESRRG,478,nan,nan,nan,nan,nan,nan,nan,nan,nan
480,BPNT1,479,nan,nan,nan,nan,nan,nan,nan,nan,nan
481,MARC1,480,nan,nan,nan,nan,nan,nan,nan,nan,nan
482,AL445423.1,481,nan,nan,nan,nan,nan,nan,nan,nan,nan
483,TAF1A,482,nan,nan,nan,nan,nan,nan,nan,nan,nan
484,CNIH3,483,nan,nan,nan,nan,nan,nan,nan,nan,nan
485,AC096537.1,484,nan,nan,nan,nan,nan,nan,nan,nan,nan
486,AC099066.2,485,nan,nan,nan,nan,nan,nan,nan,nan,nan
487,AC099066.1,486,nan,nan,nan,nan,nan,nan,nan,nan,nan
488,SRP9,487,nan,nan,nan,nan,nan,nan,nan,nan,nan
489,AL512343.2,488,nan,nan,nan,nan,nan,nan,nan,nan,nan
490,PARP1,489,nan,nan,nan,nan,nan,nan,nan,nan,nan
491,AL359732.1,490,nan,nan,nan,nan,nan,nan,nan,nan,nan
492,PSEN2,491,nan,nan,nan,nan,nan,nan,nan,nan,nan
493,WNT9A,492,nan,nan,nan,nan,nan,nan,nan,nan,nan
494,MRPL55,493,nan,nan,nan,nan,nan,nan,nan,nan,nan
495,AL136379.1,494,nan,nan,nan,nan,nan,nan,nan,nan,nan
496,OBSCN,495,nan,nan,nan,nan,nan,nan,nan,nan,nan
497,AL670729.3,496,nan,nan,nan,nan,nan,nan,nan,nan,nan
498,AL670729.2,497,nan,nan,nan,nan,nan,nan,nan,nan,nan
499,AL670729.1,498,nan,nan,nan,nan,nan,nan,nan,nan,nan
500,GALNT2,499,nan,nan,nan,nan,nan,nan,nan,nan,nan
501,AL136988.2,500,nan,nan,nan,nan,nan,nan,nan,nan,nan
502,AL136988.1,501,nan,nan,nan,nan,nan,nan,nan,nan,nan
503,AGT,502,nan,nan,nan,nan,nan,nan,nan,nan,nan
504,EGLN1,503,nan,nan,nan,nan,nan,nan,nan,nan,nan
505,MAP3K21,504,nan,nan,nan,nan,nan,nan,nan,nan,nan
506,KCNK1,505,nan,nan,nan,nan,nan,nan,nan,nan,nan
507,ARID4B,506,nan,nan,nan,nan,nan,nan,nan,nan,nan
508,NID1,507,nan,nan,nan,nan,nan,nan,nan,nan,nan
509,AL122018.2,508,nan,nan,nan,nan,nan,nan,nan,nan,nan
510,RGS7,509,nan,nan,nan,nan,nan,nan,nan,nan,nan
511,KMO,510,nan,nan,nan,nan,nan,nan,nan,nan,nan
512,EXO1,511,nan,nan,nan,nan,nan,nan,nan,nan,nan
513,PLD5,512,nan,nan,nan,nan,nan,nan,nan,nan,nan
514,AL591686.2,513,nan,nan,nan,nan,nan,nan,nan,nan,nan
515,AL591686.1,514,nan,nan,nan,nan,nan,nan,nan,nan,nan
516,ZBTB18,515,nan,nan,nan,nan,nan,nan,nan,nan,nan
517,DESI2,516,nan,nan,nan,nan,nan,nan,nan,nan,nan
518,AL451007.3,517,nan,nan,nan,nan,nan,nan,nan,nan,nan
519,AL451007.2,518,nan,nan,nan,nan,nan,nan,nan,nan,nan
520,HNRNPU,519,nan,nan,nan,nan,nan,nan,nan,nan,nan
521,SMYD3,520,nan,nan,nan,nan,nan,nan,nan,nan,nan
522,AC092801.1,521,nan,nan,nan,nan,nan,nan,nan,nan,nan
523,AHCTF1,522,nan,nan,nan,nan,nan,nan,nan,nan,nan
524,ZNF695,523,nan,nan,nan,nan,nan,nan,nan,nan,nan
525,ZNF670,524,nan,nan,nan,nan,nan,nan,nan,nan,nan
526,ZNF669,525,nan,nan,nan,nan,nan,nan,nan,nan,nan
527,ZNF124,526,nan,nan,nan,nan,nan,nan,nan,nan,nan
528,ZNF496,527,nan,nan,nan,nan,nan,nan,nan,nan,nan
529,AC104335.1,528,nan,nan,nan,nan,nan,nan,nan,nan,nan
530,AC104335.2,529,nan,nan,nan,nan,nan,nan,nan,nan,nan
531,NLRP3,530,nan,nan,nan,nan,nan,nan,nan,nan,nan
532,AL390860.1,531,nan,nan,nan,nan,nan,nan,nan,nan,nan
533,OR13G1,532,nan,nan,nan,nan,nan,nan,nan,nan,nan
534,OR2M3,533,nan,nan,nan,nan,nan,nan,nan,nan,nan
535,ZNF672,534,nan,nan,nan,nan,nan,nan,nan,nan,nan
536,ZNF692,535,nan,nan,nan,nan,nan,nan,nan,nan,nan
537,AL672291.1,536,nan,nan,nan,nan,nan,nan,nan,nan,nan
538,ALKAL2,537,nan,nan,nan,nan,nan,nan,nan,nan,nan
539,TMEM18,538,nan,nan,nan,nan,nan,nan,nan,nan,nan
540,AC092159.2,539,nan,nan,nan,nan,nan,nan,nan,nan,nan
541,AC092159.3,540,nan,nan,nan,nan,nan,nan,nan,nan,nan
542,AC092159.1,541,nan,nan,nan,nan,nan,nan,nan,nan,nan
543,MYT1L,542,nan,nan,nan,nan,nan,nan,nan,nan,nan
544,AC093390.2,543,nan,nan,nan,nan,nan,nan,nan,nan,nan
545,AC093390.1,544,nan,nan,nan,nan,nan,nan,nan,nan,nan
546,AC108488.1,545,nan,nan,nan,nan,nan,nan,nan,nan,nan
547,RNASEH1,546,nan,nan,nan,nan,nan,nan,nan,nan,nan
548,AC108488.3,547,nan,nan,nan,nan,nan,nan,nan,nan,nan
549,COLEC11,548,nan,nan,nan,nan,nan,nan,nan,nan,nan
550,AC010907.2,549,nan,nan,nan,nan,nan,nan,nan,nan,nan
551,ALLC,550,nan,nan,nan,nan,nan,nan,nan,nan,nan
552,AC010907.1,551,nan,nan,nan,nan,nan,nan,nan,nan,nan
553,DCDC2C,552,nan,nan,nan,nan,nan,nan,nan,nan,nan
554,ID2,553,nan,nan,nan,nan,nan,nan,nan,nan,nan
555,AC073195.1,554,nan,nan,nan,nan,nan,nan,nan,nan,nan
556,YWHAQ,555,nan,nan,nan,nan,nan,nan,nan,nan,nan
557,AC082651.1,556,nan,nan,nan,nan,nan,nan,nan,nan,nan
558,AC082651.4,557,nan,nan,nan,nan,nan,nan,nan,nan,nan
559,AC082651.3,558,nan,nan,nan,nan,nan,nan,nan,nan,nan
560,TAF1B,559,nan,nan,nan,nan,nan,nan,nan,nan,nan
561,AC010969.2,560,nan,nan,nan,nan,nan,nan,nan,nan,nan
562,AC010969.3,561,nan,nan,nan,nan,nan,nan,nan,nan,nan
563,GRHL1,562,nan,nan,nan,nan,nan,nan,nan,nan,nan
564,AC010969.1,563,nan,nan,nan,nan,nan,nan,nan,nan,nan
565,RRM2,564,nan,nan,nan,nan,nan,nan,nan,nan,nan
566,AC009486.2,565,nan,nan,nan,nan,nan,nan,nan,nan,nan
567,AC009486.1,566,nan,nan,nan,nan,nan,nan,nan,nan,nan
568,TRIB2,567,nan,nan,nan,nan,nan,nan,nan,nan,nan
569,NBAS,568,nan,nan,nan,nan,nan,nan,nan,nan,nan
570,AC008278.2,569,nan,nan,nan,nan,nan,nan,nan,nan,nan
571,AC008278.1,570,nan,nan,nan,nan,nan,nan,nan,nan,nan
572,AC104623.1,571,nan,nan,nan,nan,nan,nan,nan,nan,nan
573,FAM49A,572,nan,nan,nan,nan,nan,nan,nan,nan,nan
574,GEN1,573,nan,nan,nan,nan,nan,nan,nan,nan,nan
575,KCNS3,574,nan,nan,nan,nan,nan,nan,nan,nan,nan
576,NCOA1,575,nan,nan,nan,nan,nan,nan,nan,nan,nan
577,DNMT3A,576,nan,nan,nan,nan,nan,nan,nan,nan,nan
578,AC012074.1,577,nan,nan,nan,nan,nan,nan,nan,nan,nan
579,CENPA,578,nan,nan,nan,nan,nan,nan,nan,nan,nan
580,AC013472.2,579,nan,nan,nan,nan,nan,nan,nan,nan,nan
581,AC013472.1,580,nan,nan,nan,nan,nan,nan,nan,nan,nan
582,AGBL5,581,nan,nan,nan,nan,nan,nan,nan,nan,nan
583,AC013472.3,582,nan,nan,nan,nan,nan,nan,nan,nan,nan
584,AC013403.2,583,nan,nan,nan,nan,nan,nan,nan,nan,nan
585,PREB,584,nan,nan,nan,nan,nan,nan,nan,nan,nan
586,GTF3C2,585,nan,nan,nan,nan,nan,nan,nan,nan,nan
587,ZNF513,586,nan,nan,nan,nan,nan,nan,nan,nan,nan
588,ZNF512,587,nan,nan,nan,nan,nan,nan,nan,nan,nan
589,FOSL2,588,nan,nan,nan,nan,nan,nan,nan,nan,nan
590,PLB1,589,nan,nan,nan,nan,nan,nan,nan,nan,nan
591,AC074011.1,590,nan,nan,nan,nan,nan,nan,nan,nan,nan
592,ALK,591,nan,nan,nan,nan,nan,nan,nan,nan,nan
593,AC106870.2,592,nan,nan,nan,nan,nan,nan,nan,nan,nan
594,AC106870.1,593,nan,nan,nan,nan,nan,nan,nan,nan,nan
595,LBH,594,nan,nan,nan,nan,nan,nan,nan,nan,nan
596,AC109642.1,595,nan,nan,nan,nan,nan,nan,nan,nan,nan
597,AC009301.1,596,nan,nan,nan,nan,nan,nan,nan,nan,nan
598,GALNT14,597,nan,nan,nan,nan,nan,nan,nan,nan,nan
599,CAPN14,598,nan,nan,nan,nan,nan,nan,nan,nan,nan
600,AL121652.1,599,nan,nan,nan,nan,nan,nan,nan,nan,nan
601,MEMO1,600,nan,nan,nan,nan,nan,nan,nan,nan,nan
602,NLRC4,601,nan,nan,nan,nan,nan,nan,nan,nan,nan
603,STRN,602,nan,nan,nan,nan,nan,nan,nan,nan,nan
604,EIF2AK2,603,nan,nan,nan,nan,nan,nan,nan,nan,nan
605,CEBPZ,604,nan,nan,nan,nan,nan,nan,nan,nan,nan
606,PRKD3,605,nan,nan,nan,nan,nan,nan,nan,nan,nan
607,AC007391.1,606,nan,nan,nan,nan,nan,nan,nan,nan,nan
608,AC007391.2,607,nan,nan,nan,nan,nan,nan,nan,nan,nan
609,AC007391.3,608,nan,nan,nan,nan,nan,nan,nan,nan,nan
610,RMDN2,609,nan,nan,nan,nan,nan,nan,nan,nan,nan
611,CYP1B1,610,nan,nan,nan,nan,nan,nan,nan,nan,nan
612,AC009229.2,611,nan,nan,nan,nan,nan,nan,nan,nan,nan
613,AC009229.3,612,nan,nan,nan,nan,nan,nan,nan,nan,nan
614,AC009229.1,613,nan,nan,nan,nan,nan,nan,nan,nan,nan
615,ATL2,614,nan,nan,nan,nan,nan,nan,nan,nan,nan
616,AC016995.1,615,nan,nan,nan,nan,nan,nan,nan,nan,nan
617,DHX57,616,nan,nan,nan,nan,nan,nan,nan,nan,nan
618,ARHGEF33,617,nan,nan,nan,nan,nan,nan,nan,nan,nan
619,AC019171.1,618,nan,nan,nan,nan,nan,nan,nan,nan,nan
620,KCNG3,619,nan,nan,nan,nan,nan,nan,nan,nan,nan
621,MTA3,620,nan,nan,nan,nan,nan,nan,nan,nan,nan
622,ZFP36L2,621,nan,nan,nan,nan,nan,nan,nan,nan,nan
623,ABCG5,622,nan,nan,nan,nan,nan,nan,nan,nan,nan
624,SIX3,623,nan,nan,nan,nan,nan,nan,nan,nan,nan
625,PRKCE,624,nan,nan,nan,nan,nan,nan,nan,nan,nan
626,AC017006.2,625,nan,nan,nan,nan,nan,nan,nan,nan,nan
627,AC017006.1,626,nan,nan,nan,nan,nan,nan,nan,nan,nan
628,EPAS1,627,nan,nan,nan,nan,nan,nan,nan,nan,nan
629,MSH2,628,nan,nan,nan,nan,nan,nan,nan,nan,nan
630,MSH6,629,nan,nan,nan,nan,nan,nan,nan,nan,nan
631,FOXN2,630,nan,nan,nan,nan,nan,nan,nan,nan,nan
632,AC093635.1,631,nan,nan,nan,nan,nan,nan,nan,nan,nan
633,PPP1R21,632,nan,nan,nan,nan,nan,nan,nan,nan,nan
634,LHCGR,633,nan,nan,nan,nan,nan,nan,nan,nan,nan
635,EML6,634,nan,nan,nan,nan,nan,nan,nan,nan,nan
636,AC104781.1,635,nan,nan,nan,nan,nan,nan,nan,nan,nan
637,AC104781.2,636,nan,nan,nan,nan,nan,nan,nan,nan,nan
638,RPS27A,637,nan,nan,nan,nan,nan,nan,nan,nan,nan
639,PPP4R3B,638,nan,nan,nan,nan,nan,nan,nan,nan,nan
640,AC015982.2,639,nan,nan,nan,nan,nan,nan,nan,nan,nan
641,AC007381.1,640,nan,nan,nan,nan,nan,nan,nan,nan,nan
642,AC007381.2,641,nan,nan,nan,nan,nan,nan,nan,nan,nan
643,BCL11A,642,nan,nan,nan,nan,nan,nan,nan,nan,nan
644,REL,643,nan,nan,nan,nan,nan,nan,nan,nan,nan
645,KIAA1841,644,nan,nan,nan,nan,nan,nan,nan,nan,nan
646,AC016747.1,645,nan,nan,nan,nan,nan,nan,nan,nan,nan
647,AC016747.2,646,nan,nan,nan,nan,nan,nan,nan,nan,nan
648,AC016747.3,647,nan,nan,nan,nan,nan,nan,nan,nan,nan
649,CCT4,648,nan,nan,nan,nan,nan,nan,nan,nan,nan
650,AC107081.2,649,nan,nan,nan,nan,nan,nan,nan,nan,nan
651,AC107081.4,650,nan,nan,nan,nan,nan,nan,nan,nan,nan
652,COMMD1,651,nan,nan,nan,nan,nan,nan,nan,nan,nan
653,AC018462.1,652,nan,nan,nan,nan,nan,nan,nan,nan,nan
654,OTX1,653,nan,nan,nan,nan,nan,nan,nan,nan,nan
655,LGALSL,654,nan,nan,nan,nan,nan,nan,nan,nan,nan
656,SERTAD2,655,nan,nan,nan,nan,nan,nan,nan,nan,nan
657,AC007365.1,656,nan,nan,nan,nan,nan,nan,nan,nan,nan
658,SPRED2,657,nan,nan,nan,nan,nan,nan,nan,nan,nan
659,AC012370.1,658,nan,nan,nan,nan,nan,nan,nan,nan,nan
660,AC012370.2,659,nan,nan,nan,nan,nan,nan,nan,nan,nan
661,AC092669.1,660,nan,nan,nan,nan,nan,nan,nan,nan,nan
662,MEIS1,661,nan,nan,nan,nan,nan,nan,nan,nan,nan
663,C1D,662,nan,nan,nan,nan,nan,nan,nan,nan,nan
664,PLEK,663,nan,nan,nan,nan,nan,nan,nan,nan,nan
665,ANXA4,664,nan,nan,nan,nan,nan,nan,nan,nan,nan
666,AC092431.1,665,nan,nan,nan,nan,nan,nan,nan,nan,nan
667,MXD1,666,nan,nan,nan,nan,nan,nan,nan,nan,nan
668,PCBP1,667,nan,nan,nan,nan,nan,nan,nan,nan,nan
669,TIA1,668,nan,nan,nan,nan,nan,nan,nan,nan,nan
670,TGFA,669,nan,nan,nan,nan,nan,nan,nan,nan,nan
671,VAX2,670,nan,nan,nan,nan,nan,nan,nan,nan,nan
672,ZNF638,671,nan,nan,nan,nan,nan,nan,nan,nan,nan
673,SPR,672,nan,nan,nan,nan,nan,nan,nan,nan,nan
674,AC010913.1,673,nan,nan,nan,nan,nan,nan,nan,nan,nan
675,NOTO,674,nan,nan,nan,nan,nan,nan,nan,nan,nan
676,FBXO41,675,nan,nan,nan,nan,nan,nan,nan,nan,nan
677,BOLA3,676,nan,nan,nan,nan,nan,nan,nan,nan,nan
678,C2orf81,677,nan,nan,nan,nan,nan,nan,nan,nan,nan
679,WDR54,678,nan,nan,nan,nan,nan,nan,nan,nan,nan
680,POLE4,679,nan,nan,nan,nan,nan,nan,nan,nan,nan
681,EVA1A,680,nan,nan,nan,nan,nan,nan,nan,nan,nan
682,AC007099.2,681,nan,nan,nan,nan,nan,nan,nan,nan,nan
683,AC007099.1,682,nan,nan,nan,nan,nan,nan,nan,nan,nan
684,GCFC2,683,nan,nan,nan,nan,nan,nan,nan,nan,nan
685,TRABD2A,684,nan,nan,nan,nan,nan,nan,nan,nan,nan
686,KCMF1,685,nan,nan,nan,nan,nan,nan,nan,nan,nan
687,TCF7L1,686,nan,nan,nan,nan,nan,nan,nan,nan,nan
688,USP39,687,nan,nan,nan,nan,nan,nan,nan,nan,nan
689,ATOH8,688,nan,nan,nan,nan,nan,nan,nan,nan,nan
690,KDM3A,689,nan,nan,nan,nan,nan,nan,nan,nan,nan
691,RGPD2,690,nan,nan,nan,nan,nan,nan,nan,nan,nan
692,FABP1,691,nan,nan,nan,nan,nan,nan,nan,nan,nan
693,TEKT4,692,nan,nan,nan,nan,nan,nan,nan,nan,nan
694,ZNF514,693,nan,nan,nan,nan,nan,nan,nan,nan,nan
695,ZNF2,694,nan,nan,nan,nan,nan,nan,nan,nan,nan
696,AC092835.1,695,nan,nan,nan,nan,nan,nan,nan,nan,nan
697,KCNIP3,696,nan,nan,nan,nan,nan,nan,nan,nan,nan
698,ARID5A,697,nan,nan,nan,nan,nan,nan,nan,nan,nan
699,AC092675.1,698,nan,nan,nan,nan,nan,nan,nan,nan,nan
700,CNGA3,699,nan,nan,nan,nan,nan,nan,nan,nan,nan
701,AC092675.2,700,nan,nan,nan,nan,nan,nan,nan,nan,nan
702,AC079447.1,701,nan,nan,nan,nan,nan,nan,nan,nan,nan
703,MRPL30,702,nan,nan,nan,nan,nan,nan,nan,nan,nan
704,REV1,703,nan,nan,nan,nan,nan,nan,nan,nan,nan
705,AC018690.1,704,nan,nan,nan,nan,nan,nan,nan,nan,nan
706,AFF3,705,nan,nan,nan,nan,nan,nan,nan,nan,nan
707,AC092667.1,706,nan,nan,nan,nan,nan,nan,nan,nan,nan
708,NPAS2,707,nan,nan,nan,nan,nan,nan,nan,nan,nan
709,RFX8,708,nan,nan,nan,nan,nan,nan,nan,nan,nan
710,IL1RL2,709,nan,nan,nan,nan,nan,nan,nan,nan,nan
711,IL18R1,710,nan,nan,nan,nan,nan,nan,nan,nan,nan
712,SLC9A2,711,nan,nan,nan,nan,nan,nan,nan,nan,nan
713,FHL2,712,nan,nan,nan,nan,nan,nan,nan,nan,nan
714,ECRG4,713,nan,nan,nan,nan,nan,nan,nan,nan,nan
715,ST6GAL2,714,nan,nan,nan,nan,nan,nan,nan,nan,nan
716,AC016994.1,715,nan,nan,nan,nan,nan,nan,nan,nan,nan
717,AC005040.2,716,nan,nan,nan,nan,nan,nan,nan,nan,nan
718,SULT1C2,717,nan,nan,nan,nan,nan,nan,nan,nan,nan
719,RGPD5,718,nan,nan,nan,nan,nan,nan,nan,nan,nan
720,AC226101.1,719,nan,nan,nan,nan,nan,nan,nan,nan,nan
721,AC093675.1,720,nan,nan,nan,nan,nan,nan,nan,nan,nan
722,TMEM87B,721,nan,nan,nan,nan,nan,nan,nan,nan,nan
723,AC093675.2,722,nan,nan,nan,nan,nan,nan,nan,nan,nan
724,ZC3H8,723,nan,nan,nan,nan,nan,nan,nan,nan,nan
725,ZC3H6,724,nan,nan,nan,nan,nan,nan,nan,nan,nan
726,POLR1B,725,nan,nan,nan,nan,nan,nan,nan,nan,nan
727,AC012442.2,726,nan,nan,nan,nan,nan,nan,nan,nan,nan
728,AC012442.1,727,nan,nan,nan,nan,nan,nan,nan,nan,nan
729,IL1B,728,nan,nan,nan,nan,nan,nan,nan,nan,nan
730,PAX8,729,nan,nan,nan,nan,nan,nan,nan,nan,nan
731,GLI2,730,nan,nan,nan,nan,nan,nan,nan,nan,nan
732,AC017033.1,731,nan,nan,nan,nan,nan,nan,nan,nan,nan
733,TSN,732,nan,nan,nan,nan,nan,nan,nan,nan,nan
734,BIN1,733,nan,nan,nan,nan,nan,nan,nan,nan,nan
735,ERCC3,734,nan,nan,nan,nan,nan,nan,nan,nan,nan
736,AC068282.1,735,nan,nan,nan,nan,nan,nan,nan,nan,nan
737,AC068282.2,736,nan,nan,nan,nan,nan,nan,nan,nan,nan
738,PROC,737,nan,nan,nan,nan,nan,nan,nan,nan,nan
739,AC010976.1,738,nan,nan,nan,nan,nan,nan,nan,nan,nan
740,MYO7B,739,nan,nan,nan,nan,nan,nan,nan,nan,nan
741,AC010976.2,740,nan,nan,nan,nan,nan,nan,nan,nan,nan
742,LIMS2,741,nan,nan,nan,nan,nan,nan,nan,nan,nan
743,GPR17,742,nan,nan,nan,nan,nan,nan,nan,nan,nan
744,CCDC74A,743,nan,nan,nan,nan,nan,nan,nan,nan,nan
745,AC093838.1,744,nan,nan,nan,nan,nan,nan,nan,nan,nan
746,ACMSD,745,nan,nan,nan,nan,nan,nan,nan,nan,nan
747,CCNT2,746,nan,nan,nan,nan,nan,nan,nan,nan,nan
748,UBXN4,747,nan,nan,nan,nan,nan,nan,nan,nan,nan
749,AC011893.1,748,nan,nan,nan,nan,nan,nan,nan,nan,nan
750,ARHGAP15,749,nan,nan,nan,nan,nan,nan,nan,nan,nan
751,AC092652.3,750,nan,nan,nan,nan,nan,nan,nan,nan,nan
752,AC092652.1,751,nan,nan,nan,nan,nan,nan,nan,nan,nan
753,AC092652.2,752,nan,nan,nan,nan,nan,nan,nan,nan,nan
754,AC079584.2,753,nan,nan,nan,nan,nan,nan,nan,nan,nan
755,AC079584.1,754,nan,nan,nan,nan,nan,nan,nan,nan,nan
756,ZEB2,755,nan,nan,nan,nan,nan,nan,nan,nan,nan
757,AC009951.5,756,nan,nan,nan,nan,nan,nan,nan,nan,nan
758,AC009951.6,757,nan,nan,nan,nan,nan,nan,nan,nan,nan
759,AC105402.3,758,nan,nan,nan,nan,nan,nan,nan,nan,nan
760,AC105402.4,759,nan,nan,nan,nan,nan,nan,nan,nan,nan
761,LYPD6B,760,nan,nan,nan,nan,nan,nan,nan,nan,nan
762,AC009230.1,761,nan,nan,nan,nan,nan,nan,nan,nan,nan
763,NEB,762,nan,nan,nan,nan,nan,nan,nan,nan,nan
764,FMNL2,763,nan,nan,nan,nan,nan,nan,nan,nan,nan
765,NR4A2,764,nan,nan,nan,nan,nan,nan,nan,nan,nan
766,CYTIP,765,nan,nan,nan,nan,nan,nan,nan,nan,nan
767,DAPL1,766,nan,nan,nan,nan,nan,nan,nan,nan,nan
768,AC064843.1,767,nan,nan,nan,nan,nan,nan,nan,nan,nan
769,BAZ2B,768,nan,nan,nan,nan,nan,nan,nan,nan,nan
770,AC009506.1,769,nan,nan,nan,nan,nan,nan,nan,nan,nan
771,LY75,770,nan,nan,nan,nan,nan,nan,nan,nan,nan
772,SLC4A10,771,nan,nan,nan,nan,nan,nan,nan,nan,nan
773,GRB14,772,nan,nan,nan,nan,nan,nan,nan,nan,nan
774,SCN3A,773,nan,nan,nan,nan,nan,nan,nan,nan,nan
775,SCN2A,774,nan,nan,nan,nan,nan,nan,nan,nan,nan
776,AC011303.1,775,nan,nan,nan,nan,nan,nan,nan,nan,nan
777,CSRNP3,776,nan,nan,nan,nan,nan,nan,nan,nan,nan
778,SCN7A,777,nan,nan,nan,nan,nan,nan,nan,nan,nan
779,CERS6,778,nan,nan,nan,nan,nan,nan,nan,nan,nan
780,DHRS9,779,nan,nan,nan,nan,nan,nan,nan,nan,nan
781,SSB,780,nan,nan,nan,nan,nan,nan,nan,nan,nan
782,DLX1,781,nan,nan,nan,nan,nan,nan,nan,nan,nan
783,DLX2,782,nan,nan,nan,nan,nan,nan,nan,nan,nan
784,RAPGEF4,783,nan,nan,nan,nan,nan,nan,nan,nan,nan
785,AC106900.1,784,nan,nan,nan,nan,nan,nan,nan,nan,nan
786,SP3,785,nan,nan,nan,nan,nan,nan,nan,nan,nan
787,AC016737.1,786,nan,nan,nan,nan,nan,nan,nan,nan,nan
788,AC016737.2,787,nan,nan,nan,nan,nan,nan,nan,nan,nan
789,CIR1,788,nan,nan,nan,nan,nan,nan,nan,nan,nan
790,GPR155,789,nan,nan,nan,nan,nan,nan,nan,nan,nan
791,AC010894.2,790,nan,nan,nan,nan,nan,nan,nan,nan,nan
792,AC010894.3,791,nan,nan,nan,nan,nan,nan,nan,nan,nan
793,WIPF1,792,nan,nan,nan,nan,nan,nan,nan,nan,nan
794,AC010894.4,793,nan,nan,nan,nan,nan,nan,nan,nan,nan
795,ATF2,794,nan,nan,nan,nan,nan,nan,nan,nan,nan
796,HOXD10,795,nan,nan,nan,nan,nan,nan,nan,nan,nan
797,AC079305.3,796,nan,nan,nan,nan,nan,nan,nan,nan,nan
798,HNRNPA3,797,nan,nan,nan,nan,nan,nan,nan,nan,nan
799,NFE2L2,798,nan,nan,nan,nan,nan,nan,nan,nan,nan
800,AC079305.1,799,nan,nan,nan,nan,nan,nan,nan,nan,nan
801,AC019080.1,800,nan,nan,nan,nan,nan,nan,nan,nan,nan
802,AC019080.4,801,nan,nan,nan,nan,nan,nan,nan,nan,nan
803,AC019080.5,802,nan,nan,nan,nan,nan,nan,nan,nan,nan
804,AC019080.6,803,nan,nan,nan,nan,nan,nan,nan,nan,nan
805,PDE11A,804,nan,nan,nan,nan,nan,nan,nan,nan,nan
806,AC012499.1,805,nan,nan,nan,nan,nan,nan,nan,nan,nan
807,AC011998.3,806,nan,nan,nan,nan,nan,nan,nan,nan,nan
808,SESTD1,807,nan,nan,nan,nan,nan,nan,nan,nan,nan
809,AC093911.1,808,nan,nan,nan,nan,nan,nan,nan,nan,nan
810,ZNF385B,809,nan,nan,nan,nan,nan,nan,nan,nan,nan
811,CERKL,810,nan,nan,nan,nan,nan,nan,nan,nan,nan
812,NCKAP1,811,nan,nan,nan,nan,nan,nan,nan,nan,nan
813,AC064871.2,812,nan,nan,nan,nan,nan,nan,nan,nan,nan
814,ZC3H15,813,nan,nan,nan,nan,nan,nan,nan,nan,nan
815,FAM171B,814,nan,nan,nan,nan,nan,nan,nan,nan,nan
816,TFPI,815,nan,nan,nan,nan,nan,nan,nan,nan,nan
817,GULP1,816,nan,nan,nan,nan,nan,nan,nan,nan,nan
818,AC092598.1,817,nan,nan,nan,nan,nan,nan,nan,nan,nan
819,COL5A2,818,nan,nan,nan,nan,nan,nan,nan,nan,nan
820,AC133106.1,819,nan,nan,nan,nan,nan,nan,nan,nan,nan
821,OSGEPL1,820,nan,nan,nan,nan,nan,nan,nan,nan,nan
822,AC013468.1,821,nan,nan,nan,nan,nan,nan,nan,nan,nan
823,PMS1,822,nan,nan,nan,nan,nan,nan,nan,nan,nan
824,AC006460.2,823,nan,nan,nan,nan,nan,nan,nan,nan,nan
825,NAB1,824,nan,nan,nan,nan,nan,nan,nan,nan,nan
826,AC006460.1,825,nan,nan,nan,nan,nan,nan,nan,nan,nan
827,STAT1,826,nan,nan,nan,nan,nan,nan,nan,nan,nan
828,STAT4,827,nan,nan,nan,nan,nan,nan,nan,nan,nan
829,C2orf66,828,nan,nan,nan,nan,nan,nan,nan,nan,nan
830,SATB2,829,nan,nan,nan,nan,nan,nan,nan,nan,nan
831,AC016746.1,830,nan,nan,nan,nan,nan,nan,nan,nan,nan
832,AOX1,831,nan,nan,nan,nan,nan,nan,nan,nan,nan
833,CFLAR,832,nan,nan,nan,nan,nan,nan,nan,nan,nan
834,TRAK2,833,nan,nan,nan,nan,nan,nan,nan,nan,nan
835,KIAA2012,834,nan,nan,nan,nan,nan,nan,nan,nan,nan
836,AC079354.3,835,nan,nan,nan,nan,nan,nan,nan,nan,nan
837,AC079354.2,836,nan,nan,nan,nan,nan,nan,nan,nan,nan
838,SUMO1,837,nan,nan,nan,nan,nan,nan,nan,nan,nan
839,AC064836.4,838,nan,nan,nan,nan,nan,nan,nan,nan,nan
840,AC064836.2,839,nan,nan,nan,nan,nan,nan,nan,nan,nan
841,AC064836.3,840,nan,nan,nan,nan,nan,nan,nan,nan,nan
842,BMPR2,841,nan,nan,nan,nan,nan,nan,nan,nan,nan
843,CARF,842,nan,nan,nan,nan,nan,nan,nan,nan,nan
844,NRP2,843,nan,nan,nan,nan,nan,nan,nan,nan,nan
845,AC007362.1,844,nan,nan,nan,nan,nan,nan,nan,nan,nan
846,GPR1,845,nan,nan,nan,nan,nan,nan,nan,nan,nan
847,DYTN,846,nan,nan,nan,nan,nan,nan,nan,nan,nan
848,KLF7,847,nan,nan,nan,nan,nan,nan,nan,nan,nan
849,AC007879.1,848,nan,nan,nan,nan,nan,nan,nan,nan,nan
850,AC007879.3,849,nan,nan,nan,nan,nan,nan,nan,nan,nan
851,AC007879.5,850,nan,nan,nan,nan,nan,nan,nan,nan,nan
852,AC007879.2,851,nan,nan,nan,nan,nan,nan,nan,nan,nan
853,AC007879.4,852,nan,nan,nan,nan,nan,nan,nan,nan,nan
854,CREB1,853,nan,nan,nan,nan,nan,nan,nan,nan,nan
855,PIKFYVE,854,nan,nan,nan,nan,nan,nan,nan,nan,nan
856,IKZF2,855,nan,nan,nan,nan,nan,nan,nan,nan,nan
857,AC079610.1,856,nan,nan,nan,nan,nan,nan,nan,nan,nan
858,AC079610.2,857,nan,nan,nan,nan,nan,nan,nan,nan,nan
859,FN1,858,nan,nan,nan,nan,nan,nan,nan,nan,nan
860,AC012462.3,859,nan,nan,nan,nan,nan,nan,nan,nan,nan
861,AC012462.1,860,nan,nan,nan,nan,nan,nan,nan,nan,nan
862,AC012462.2,861,nan,nan,nan,nan,nan,nan,nan,nan,nan
863,AC098820.2,862,nan,nan,nan,nan,nan,nan,nan,nan,nan
864,SMARCAL1,863,nan,nan,nan,nan,nan,nan,nan,nan,nan
865,AC098820.1,864,nan,nan,nan,nan,nan,nan,nan,nan,nan
866,AC098820.3,865,nan,nan,nan,nan,nan,nan,nan,nan,nan
867,IGFBP2,866,nan,nan,nan,nan,nan,nan,nan,nan,nan
868,ZNF142,867,nan,nan,nan,nan,nan,nan,nan,nan,nan
869,RNF25,868,nan,nan,nan,nan,nan,nan,nan,nan,nan
870,STK36,869,nan,nan,nan,nan,nan,nan,nan,nan,nan
871,TTLL4,870,nan,nan,nan,nan,nan,nan,nan,nan,nan
872,AC009974.2,871,nan,nan,nan,nan,nan,nan,nan,nan,nan
873,AC009974.1,872,nan,nan,nan,nan,nan,nan,nan,nan,nan
874,ANKZF1,873,nan,nan,nan,nan,nan,nan,nan,nan,nan
875,STK16,874,nan,nan,nan,nan,nan,nan,nan,nan,nan
876,AC053503.2,875,nan,nan,nan,nan,nan,nan,nan,nan,nan
877,AC053503.4,876,nan,nan,nan,nan,nan,nan,nan,nan,nan
878,SPEG,877,nan,nan,nan,nan,nan,nan,nan,nan,nan
879,AC053503.1,878,nan,nan,nan,nan,nan,nan,nan,nan,nan
880,AC053503.5,879,nan,nan,nan,nan,nan,nan,nan,nan,nan
881,TMEM198,880,nan,nan,nan,nan,nan,nan,nan,nan,nan
882,AC009955.3,881,nan,nan,nan,nan,nan,nan,nan,nan,nan
883,AC009955.4,882,nan,nan,nan,nan,nan,nan,nan,nan,nan
884,AC009955.1,883,nan,nan,nan,nan,nan,nan,nan,nan,nan
885,AC009955.2,884,nan,nan,nan,nan,nan,nan,nan,nan,nan
886,EPHA4,885,nan,nan,nan,nan,nan,nan,nan,nan,nan
887,AC079834.2,886,nan,nan,nan,nan,nan,nan,nan,nan,nan
888,PAX3,887,nan,nan,nan,nan,nan,nan,nan,nan,nan
889,SGPP2,888,nan,nan,nan,nan,nan,nan,nan,nan,nan
890,FARSB,889,nan,nan,nan,nan,nan,nan,nan,nan,nan
891,ACSL3,890,nan,nan,nan,nan,nan,nan,nan,nan,nan
892,AC013476.1,891,nan,nan,nan,nan,nan,nan,nan,nan,nan
893,NYAP2,892,nan,nan,nan,nan,nan,nan,nan,nan,nan
894,AC016717.2,893,nan,nan,nan,nan,nan,nan,nan,nan,nan
895,DAW1,894,nan,nan,nan,nan,nan,nan,nan,nan,nan
896,SPHKAP,895,nan,nan,nan,nan,nan,nan,nan,nan,nan
897,AC009950.1,896,nan,nan,nan,nan,nan,nan,nan,nan,nan
898,SP110,897,nan,nan,nan,nan,nan,nan,nan,nan,nan
899,SP140,898,nan,nan,nan,nan,nan,nan,nan,nan,nan
900,SP140L,899,nan,nan,nan,nan,nan,nan,nan,nan,nan
901,SP100,900,nan,nan,nan,nan,nan,nan,nan,nan,nan
902,AC010149.1,901,nan,nan,nan,nan,nan,nan,nan,nan,nan
903,ITM2C,902,nan,nan,nan,nan,nan,nan,nan,nan,nan
904,AC012507.1,903,nan,nan,nan,nan,nan,nan,nan,nan,nan
905,AC012507.3,904,nan,nan,nan,nan,nan,nan,nan,nan,nan
906,SPATA3,905,nan,nan,nan,nan,nan,nan,nan,nan,nan
907,TIGD1,906,nan,nan,nan,nan,nan,nan,nan,nan,nan
908,IQCA1,907,nan,nan,nan,nan,nan,nan,nan,nan,nan
909,AC093915.1,908,nan,nan,nan,nan,nan,nan,nan,nan,nan
910,LRRFIP1,909,nan,nan,nan,nan,nan,nan,nan,nan,nan
911,AC012485.1,910,nan,nan,nan,nan,nan,nan,nan,nan,nan
912,HES6,911,nan,nan,nan,nan,nan,nan,nan,nan,nan
913,PER2,912,nan,nan,nan,nan,nan,nan,nan,nan,nan
914,AC012485.3,913,nan,nan,nan,nan,nan,nan,nan,nan,nan
915,AC012485.2,914,nan,nan,nan,nan,nan,nan,nan,nan,nan
916,TWIST2,915,nan,nan,nan,nan,nan,nan,nan,nan,nan
917,HDAC4,916,nan,nan,nan,nan,nan,nan,nan,nan,nan
918,AC017028.1,917,nan,nan,nan,nan,nan,nan,nan,nan,nan
919,AC017028.2,918,nan,nan,nan,nan,nan,nan,nan,nan,nan
920,GPC1,919,nan,nan,nan,nan,nan,nan,nan,nan,nan
921,AC110619.1,920,nan,nan,nan,nan,nan,nan,nan,nan,nan
922,SNED1,921,nan,nan,nan,nan,nan,nan,nan,nan,nan
923,AC093585.1,922,nan,nan,nan,nan,nan,nan,nan,nan,nan
924,MTERF4,923,nan,nan,nan,nan,nan,nan,nan,nan,nan
925,HDLBP,924,nan,nan,nan,nan,nan,nan,nan,nan,nan
926,AC104841.1,925,nan,nan,nan,nan,nan,nan,nan,nan,nan
927,BOK,926,nan,nan,nan,nan,nan,nan,nan,nan,nan
928,THAP4,927,nan,nan,nan,nan,nan,nan,nan,nan,nan
929,BHLHE40,928,nan,nan,nan,nan,nan,nan,nan,nan,nan
930,AC026202.2,929,nan,nan,nan,nan,nan,nan,nan,nan,nan
931,AC026202.3,930,nan,nan,nan,nan,nan,nan,nan,nan,nan
932,EDEM1,931,nan,nan,nan,nan,nan,nan,nan,nan,nan
933,AC026202.1,932,nan,nan,nan,nan,nan,nan,nan,nan,nan
934,BRPF1,933,nan,nan,nan,nan,nan,nan,nan,nan,nan
935,OGG1,934,nan,nan,nan,nan,nan,nan,nan,nan,nan
936,TADA3,935,nan,nan,nan,nan,nan,nan,nan,nan,nan
937,FANCD2,936,nan,nan,nan,nan,nan,nan,nan,nan,nan
938,FANCD2OS,937,nan,nan,nan,nan,nan,nan,nan,nan,nan
939,IRAK2,938,nan,nan,nan,nan,nan,nan,nan,nan,nan
940,PPARG,939,nan,nan,nan,nan,nan,nan,nan,nan,nan
941,MKRN2,940,nan,nan,nan,nan,nan,nan,nan,nan,nan
942,FBLN2,941,nan,nan,nan,nan,nan,nan,nan,nan,nan
943,NR2C2,942,nan,nan,nan,nan,nan,nan,nan,nan,nan
944,RBSN,943,nan,nan,nan,nan,nan,nan,nan,nan,nan
945,RFTN1,944,nan,nan,nan,nan,nan,nan,nan,nan,nan
946,AC090948.1,945,nan,nan,nan,nan,nan,nan,nan,nan,nan
947,AC090948.2,946,nan,nan,nan,nan,nan,nan,nan,nan,nan
948,AC090948.3,947,nan,nan,nan,nan,nan,nan,nan,nan,nan
949,AC090948.4,948,nan,nan,nan,nan,nan,nan,nan,nan,nan
950,AC010727.1,949,nan,nan,nan,nan,nan,nan,nan,nan,nan
951,KAT2B,950,nan,nan,nan,nan,nan,nan,nan,nan,nan
952,ZNF385D,951,nan,nan,nan,nan,nan,nan,nan,nan,nan
953,NR1D2,952,nan,nan,nan,nan,nan,nan,nan,nan,nan
954,THRB,953,nan,nan,nan,nan,nan,nan,nan,nan,nan
955,AC012087.2,954,nan,nan,nan,nan,nan,nan,nan,nan,nan
956,RARB,955,nan,nan,nan,nan,nan,nan,nan,nan,nan
957,TOP2B,956,nan,nan,nan,nan,nan,nan,nan,nan,nan
958,SUSD5,957,nan,nan,nan,nan,nan,nan,nan,nan,nan
959,UBP1,958,nan,nan,nan,nan,nan,nan,nan,nan,nan
960,STAC,959,nan,nan,nan,nan,nan,nan,nan,nan,nan
961,EPM2AIP1,960,nan,nan,nan,nan,nan,nan,nan,nan,nan
962,LRRFIP2,961,nan,nan,nan,nan,nan,nan,nan,nan,nan
963,MYD88,962,nan,nan,nan,nan,nan,nan,nan,nan,nan
964,EXOG,963,nan,nan,nan,nan,nan,nan,nan,nan,nan
965,SCN10A,964,nan,nan,nan,nan,nan,nan,nan,nan,nan
966,CSRNP1,965,nan,nan,nan,nan,nan,nan,nan,nan,nan
967,AC092053.3,966,nan,nan,nan,nan,nan,nan,nan,nan,nan
968,AC092053.2,967,nan,nan,nan,nan,nan,nan,nan,nan,nan
969,AC092053.4,968,nan,nan,nan,nan,nan,nan,nan,nan,nan
970,AC092053.6,969,nan,nan,nan,nan,nan,nan,nan,nan,nan
971,AC092053.5,970,nan,nan,nan,nan,nan,nan,nan,nan,nan
972,CX3CR1,971,nan,nan,nan,nan,nan,nan,nan,nan,nan
973,MOBP,972,nan,nan,nan,nan,nan,nan,nan,nan,nan
974,AC092058.1,973,nan,nan,nan,nan,nan,nan,nan,nan,nan
975,ZNF620,974,nan,nan,nan,nan,nan,nan,nan,nan,nan
976,ZNF621,975,nan,nan,nan,nan,nan,nan,nan,nan,nan
977,CTNNB1,976,nan,nan,nan,nan,nan,nan,nan,nan,nan
978,ZBTB47,977,nan,nan,nan,nan,nan,nan,nan,nan,nan
979,KRBOX1,978,nan,nan,nan,nan,nan,nan,nan,nan,nan
980,CYP8B1,979,nan,nan,nan,nan,nan,nan,nan,nan,nan
981,AC092042.1,980,nan,nan,nan,nan,nan,nan,nan,nan,nan
982,AC092042.4,981,nan,nan,nan,nan,nan,nan,nan,nan,nan
983,ZNF445,982,nan,nan,nan,nan,nan,nan,nan,nan,nan
984,ZNF852,983,nan,nan,nan,nan,nan,nan,nan,nan,nan
985,ZKSCAN7,984,nan,nan,nan,nan,nan,nan,nan,nan,nan
986,ZNF197,985,nan,nan,nan,nan,nan,nan,nan,nan,nan
987,ZNF35,986,nan,nan,nan,nan,nan,nan,nan,nan,nan
988,AC124045.1,987,nan,nan,nan,nan,nan,nan,nan,nan,nan
989,ZNF502,988,nan,nan,nan,nan,nan,nan,nan,nan,nan
990,ZNF501,989,nan,nan,nan,nan,nan,nan,nan,nan,nan
991,KIF15,990,nan,nan,nan,nan,nan,nan,nan,nan,nan
992,LZTFL1,991,nan,nan,nan,nan,nan,nan,nan,nan,nan
993,CCR1,992,nan,nan,nan,nan,nan,nan,nan,nan,nan
994,LTF,993,nan,nan,nan,nan,nan,nan,nan,nan,nan
995,CSPG5,994,nan,nan,nan,nan,nan,nan,nan,nan,nan
996,SMARCC1,995,nan,nan,nan,nan,nan,nan,nan,nan,nan
997,AC112512.1,996,nan,nan,nan,nan,nan,nan,nan,nan,nan
998,CDC25A,997,nan,nan,nan,nan,nan,nan,nan,nan,nan
999,ZNF589,998,nan,nan,nan,nan,nan,nan,nan,nan,nan
1000,PLXNB1,999,nan,nan,nan,nan,nan,nan,nan,nan,nan
1001,CELSR3,1000,nan,nan,nan,nan,nan,nan,nan,nan,nan
1002,QRICH1,1001,nan,nan,nan,nan,nan,nan,nan,nan,nan
1003,CCDC71,1002,nan,nan,nan,nan,nan,nan,nan,nan,nan
1004,CAMKV,1003,nan,nan,nan,nan,nan,nan,nan,nan,nan
1005,RBM6,1004,nan,nan,nan,nan,nan,nan,nan,nan,nan
1006,RBM5,1005,nan,nan,nan,nan,nan,nan,nan,nan,nan
1007,ZMYND10,1006,nan,nan,nan,nan,nan,nan,nan,nan,nan
1008,DUSP7,1007,nan,nan,nan,nan,nan,nan,nan,nan,nan
1009,PBRM1,1008,nan,nan,nan,nan,nan,nan,nan,nan,nan
1010,DCP1A,1009,nan,nan,nan,nan,nan,nan,nan,nan,nan
1011,WNT5A,1010,nan,nan,nan,nan,nan,nan,nan,nan,nan
1012,HESX1,1011,nan,nan,nan,nan,nan,nan,nan,nan,nan
1013,ABHD6,1012,nan,nan,nan,nan,nan,nan,nan,nan,nan
1014,AC098479.1,1013,nan,nan,nan,nan,nan,nan,nan,nan,nan
1015,FHIT,1014,nan,nan,nan,nan,nan,nan,nan,nan,nan
1016,AC093418.1,1015,nan,nan,nan,nan,nan,nan,nan,nan,nan
1017,FEZF2,1016,nan,nan,nan,nan,nan,nan,nan,nan,nan
1018,SNTN,1017,nan,nan,nan,nan,nan,nan,nan,nan,nan
1019,ATXN7,1018,nan,nan,nan,nan,nan,nan,nan,nan,nan
1020,AC012557.1,1019,nan,nan,nan,nan,nan,nan,nan,nan,nan
1021,AC012557.2,1020,nan,nan,nan,nan,nan,nan,nan,nan,nan
1022,KBTBD8,1021,nan,nan,nan,nan,nan,nan,nan,nan,nan
1023,TAFA4,1022,nan,nan,nan,nan,nan,nan,nan,nan,nan
1024,TMF1,1023,nan,nan,nan,nan,nan,nan,nan,nan,nan
1025,FRMD4B,1024,nan,nan,nan,nan,nan,nan,nan,nan,nan
1026,AC099328.2,1025,nan,nan,nan,nan,nan,nan,nan,nan,nan
1027,MITF,1026,nan,nan,nan,nan,nan,nan,nan,nan,nan
1028,FOXP1,1027,nan,nan,nan,nan,nan,nan,nan,nan,nan
1029,AC097634.2,1028,nan,nan,nan,nan,nan,nan,nan,nan,nan
1030,AC097634.3,1029,nan,nan,nan,nan,nan,nan,nan,nan,nan
1031,AC097634.1,1030,nan,nan,nan,nan,nan,nan,nan,nan,nan
1032,PROK2,1031,nan,nan,nan,nan,nan,nan,nan,nan,nan
1033,RYBP,1032,nan,nan,nan,nan,nan,nan,nan,nan,nan
1034,ZNF717,1033,nan,nan,nan,nan,nan,nan,nan,nan,nan
1035,ROBO2,1034,nan,nan,nan,nan,nan,nan,nan,nan,nan
1036,AC133040.1,1035,nan,nan,nan,nan,nan,nan,nan,nan,nan
1037,GBE1,1036,nan,nan,nan,nan,nan,nan,nan,nan,nan
1038,AC017015.2,1037,nan,nan,nan,nan,nan,nan,nan,nan,nan
1039,CGGBP1,1038,nan,nan,nan,nan,nan,nan,nan,nan,nan
1040,ZNF654,1039,nan,nan,nan,nan,nan,nan,nan,nan,nan
1041,RIOX2,1040,nan,nan,nan,nan,nan,nan,nan,nan,nan
1042,AC026100.1,1041,nan,nan,nan,nan,nan,nan,nan,nan,nan
1043,AC117473.1,1042,nan,nan,nan,nan,nan,nan,nan,nan,nan
1044,OR5H2,1043,nan,nan,nan,nan,nan,nan,nan,nan,nan
1045,ZBTB11,1044,nan,nan,nan,nan,nan,nan,nan,nan,nan
1046,ZPLD1,1045,nan,nan,nan,nan,nan,nan,nan,nan,nan
1047,BBX,1046,nan,nan,nan,nan,nan,nan,nan,nan,nan
1048,MORC1,1047,nan,nan,nan,nan,nan,nan,nan,nan,nan
1049,CD96,1048,nan,nan,nan,nan,nan,nan,nan,nan,nan
1050,AC092916.1,1049,nan,nan,nan,nan,nan,nan,nan,nan,nan
1051,PLCXD2,1050,nan,nan,nan,nan,nan,nan,nan,nan,nan
1052,PHLDB2,1051,nan,nan,nan,nan,nan,nan,nan,nan,nan
1053,AC117509.1,1052,nan,nan,nan,nan,nan,nan,nan,nan,nan
1054,C3orf52,1053,nan,nan,nan,nan,nan,nan,nan,nan,nan
1055,USF3,1054,nan,nan,nan,nan,nan,nan,nan,nan,nan
1056,GRAMD1C,1055,nan,nan,nan,nan,nan,nan,nan,nan,nan
1057,AC128687.2,1056,nan,nan,nan,nan,nan,nan,nan,nan,nan
1058,AC128687.3,1057,nan,nan,nan,nan,nan,nan,nan,nan,nan
1059,DRD3,1058,nan,nan,nan,nan,nan,nan,nan,nan,nan
1060,ZBTB20,1059,nan,nan,nan,nan,nan,nan,nan,nan,nan
1061,AC073352.1,1060,nan,nan,nan,nan,nan,nan,nan,nan,nan
1062,CD80,1061,nan,nan,nan,nan,nan,nan,nan,nan,nan
1063,AC073352.2,1062,nan,nan,nan,nan,nan,nan,nan,nan,nan
1064,NR1I2,1063,nan,nan,nan,nan,nan,nan,nan,nan,nan
1065,POLQ,1064,nan,nan,nan,nan,nan,nan,nan,nan,nan
1066,GOLGB1,1065,nan,nan,nan,nan,nan,nan,nan,nan,nan
1067,EAF2,1066,nan,nan,nan,nan,nan,nan,nan,nan,nan
1068,ILDR1,1067,nan,nan,nan,nan,nan,nan,nan,nan,nan
1069,ZNF148,1068,nan,nan,nan,nan,nan,nan,nan,nan,nan
1070,ROPN1B,1069,nan,nan,nan,nan,nan,nan,nan,nan,nan
1071,KLF15,1070,nan,nan,nan,nan,nan,nan,nan,nan,nan
1072,ZXDC,1071,nan,nan,nan,nan,nan,nan,nan,nan,nan
1073,PLXNA1,1072,nan,nan,nan,nan,nan,nan,nan,nan,nan
1074,AL449214.1,1073,nan,nan,nan,nan,nan,nan,nan,nan,nan
1075,AC112484.3,1074,nan,nan,nan,nan,nan,nan,nan,nan,nan
1076,AC112484.1,1075,nan,nan,nan,nan,nan,nan,nan,nan,nan
1077,AC112484.5,1076,nan,nan,nan,nan,nan,nan,nan,nan,nan
1078,EFCC1,1077,nan,nan,nan,nan,nan,nan,nan,nan,nan
1079,RAB43,1078,nan,nan,nan,nan,nan,nan,nan,nan,nan
1080,AC108673.2,1079,nan,nan,nan,nan,nan,nan,nan,nan,nan
1081,AC108673.3,1080,nan,nan,nan,nan,nan,nan,nan,nan,nan
1082,CNBP,1081,nan,nan,nan,nan,nan,nan,nan,nan,nan
1083,COPG1,1082,nan,nan,nan,nan,nan,nan,nan,nan,nan
1084,AC137695.3,1083,nan,nan,nan,nan,nan,nan,nan,nan,nan
1085,H1FX,1084,nan,nan,nan,nan,nan,nan,nan,nan,nan
1086,MBD4,1085,nan,nan,nan,nan,nan,nan,nan,nan,nan
1087,PLXND1,1086,nan,nan,nan,nan,nan,nan,nan,nan,nan
1088,BFSP2,1087,nan,nan,nan,nan,nan,nan,nan,nan,nan
1089,SLCO2A1,1088,nan,nan,nan,nan,nan,nan,nan,nan,nan
1090,STAG1,1089,nan,nan,nan,nan,nan,nan,nan,nan,nan
1091,AC117382.2,1090,nan,nan,nan,nan,nan,nan,nan,nan,nan
1092,AC096992.3,1091,nan,nan,nan,nan,nan,nan,nan,nan,nan
1093,SLC35G2,1092,nan,nan,nan,nan,nan,nan,nan,nan,nan
1094,AC096992.2,1093,nan,nan,nan,nan,nan,nan,nan,nan,nan
1095,CLDN18,1094,nan,nan,nan,nan,nan,nan,nan,nan,nan
1096,AC016252.1,1095,nan,nan,nan,nan,nan,nan,nan,nan,nan
1097,DZIP1L,1096,nan,nan,nan,nan,nan,nan,nan,nan,nan
1098,MRPS22,1097,nan,nan,nan,nan,nan,nan,nan,nan,nan
1099,AC024933.2,1098,nan,nan,nan,nan,nan,nan,nan,nan,nan
1100,AC024933.1,1099,nan,nan,nan,nan,nan,nan,nan,nan,nan
1101,CLSTN2,1100,nan,nan,nan,nan,nan,nan,nan,nan,nan
1102,AC010181.1,1101,nan,nan,nan,nan,nan,nan,nan,nan,nan
1103,AC010181.2,1102,nan,nan,nan,nan,nan,nan,nan,nan,nan
1104,SPSB4,1103,nan,nan,nan,nan,nan,nan,nan,nan,nan
1105,AC117383.1,1104,nan,nan,nan,nan,nan,nan,nan,nan,nan
1106,ZBTB38,1105,nan,nan,nan,nan,nan,nan,nan,nan,nan
1107,TFDP2,1106,nan,nan,nan,nan,nan,nan,nan,nan,nan
1108,ATR,1107,nan,nan,nan,nan,nan,nan,nan,nan,nan
1109,PCOLCE2,1108,nan,nan,nan,nan,nan,nan,nan,nan,nan
1110,PLSCR1,1109,nan,nan,nan,nan,nan,nan,nan,nan,nan
1111,ZIC4,1110,nan,nan,nan,nan,nan,nan,nan,nan,nan
1112,ZIC1,1111,nan,nan,nan,nan,nan,nan,nan,nan,nan
1113,CPB1,1112,nan,nan,nan,nan,nan,nan,nan,nan,nan
1114,AC092979.1,1113,nan,nan,nan,nan,nan,nan,nan,nan,nan
1115,AC092979.2,1114,nan,nan,nan,nan,nan,nan,nan,nan,nan
1116,HLTF,1115,nan,nan,nan,nan,nan,nan,nan,nan,nan
1117,WWTR1,1116,nan,nan,nan,nan,nan,nan,nan,nan,nan
1118,TSC22D2,1117,nan,nan,nan,nan,nan,nan,nan,nan,nan
1119,GPR171,1118,nan,nan,nan,nan,nan,nan,nan,nan,nan
1120,MBNL1,1119,nan,nan,nan,nan,nan,nan,nan,nan,nan
1121,DHX36,1120,nan,nan,nan,nan,nan,nan,nan,nan,nan
1122,MME,1121,nan,nan,nan,nan,nan,nan,nan,nan,nan
1123,AC104472.1,1122,nan,nan,nan,nan,nan,nan,nan,nan,nan
1124,C3orf33,1123,nan,nan,nan,nan,nan,nan,nan,nan,nan
1125,SLC33A1,1124,nan,nan,nan,nan,nan,nan,nan,nan,nan
1126,AC104472.4,1125,nan,nan,nan,nan,nan,nan,nan,nan,nan
1127,AC104472.5,1126,nan,nan,nan,nan,nan,nan,nan,nan,nan
1128,TIPARP,1127,nan,nan,nan,nan,nan,nan,nan,nan,nan
1129,CCNL1,1128,nan,nan,nan,nan,nan,nan,nan,nan,nan
1130,AC104411.1,1129,nan,nan,nan,nan,nan,nan,nan,nan,nan
1131,AC092944.1,1130,nan,nan,nan,nan,nan,nan,nan,nan,nan
1132,AC092944.3,1131,nan,nan,nan,nan,nan,nan,nan,nan,nan
1133,VEPH1,1132,nan,nan,nan,nan,nan,nan,nan,nan,nan
1134,PTX3,1133,nan,nan,nan,nan,nan,nan,nan,nan,nan
1135,LXN,1134,nan,nan,nan,nan,nan,nan,nan,nan,nan
1136,AC080013.4,1135,nan,nan,nan,nan,nan,nan,nan,nan,nan
1137,AC080013.6,1136,nan,nan,nan,nan,nan,nan,nan,nan,nan
1138,AC080013.1,1137,nan,nan,nan,nan,nan,nan,nan,nan,nan
1139,AC080013.3,1138,nan,nan,nan,nan,nan,nan,nan,nan,nan
1140,AC080013.5,1139,nan,nan,nan,nan,nan,nan,nan,nan,nan
1141,SCHIP1,1140,nan,nan,nan,nan,nan,nan,nan,nan,nan
1142,IL12A,1141,nan,nan,nan,nan,nan,nan,nan,nan,nan
1143,TRIM59,1142,nan,nan,nan,nan,nan,nan,nan,nan,nan
1144,MECOM,1143,nan,nan,nan,nan,nan,nan,nan,nan,nan
1145,AC074033.1,1144,nan,nan,nan,nan,nan,nan,nan,nan,nan
1146,MYNN,1145,nan,nan,nan,nan,nan,nan,nan,nan,nan
1147,PRKCI,1146,nan,nan,nan,nan,nan,nan,nan,nan,nan
1148,SKIL,1147,nan,nan,nan,nan,nan,nan,nan,nan,nan
1149,TNFSF10,1148,nan,nan,nan,nan,nan,nan,nan,nan,nan
1150,SPATA16,1149,nan,nan,nan,nan,nan,nan,nan,nan,nan
1151,ZMAT3,1150,nan,nan,nan,nan,nan,nan,nan,nan,nan
1152,ZNF639,1151,nan,nan,nan,nan,nan,nan,nan,nan,nan
1153,GNB4,1152,nan,nan,nan,nan,nan,nan,nan,nan,nan
1154,AC007620.2,1153,nan,nan,nan,nan,nan,nan,nan,nan,nan
1155,AC007620.3,1154,nan,nan,nan,nan,nan,nan,nan,nan,nan
1156,LAMP3,1155,nan,nan,nan,nan,nan,nan,nan,nan,nan
1157,YEATS2,1156,nan,nan,nan,nan,nan,nan,nan,nan,nan
1158,HTR3E,1157,nan,nan,nan,nan,nan,nan,nan,nan,nan
1159,THPO,1158,nan,nan,nan,nan,nan,nan,nan,nan,nan
1160,MAP3K13,1159,nan,nan,nan,nan,nan,nan,nan,nan,nan
1161,ETV5,1160,nan,nan,nan,nan,nan,nan,nan,nan,nan
1162,AC072022.1,1161,nan,nan,nan,nan,nan,nan,nan,nan,nan
1163,BCL6,1162,nan,nan,nan,nan,nan,nan,nan,nan,nan
1164,AC072022.2,1163,nan,nan,nan,nan,nan,nan,nan,nan,nan
1165,LPP,1164,nan,nan,nan,nan,nan,nan,nan,nan,nan
1166,TP63,1165,nan,nan,nan,nan,nan,nan,nan,nan,nan
1167,CLDN16,1166,nan,nan,nan,nan,nan,nan,nan,nan,nan
1168,IL1RAP,1167,nan,nan,nan,nan,nan,nan,nan,nan,nan
1169,GMNC,1168,nan,nan,nan,nan,nan,nan,nan,nan,nan
1170,UTS2B,1169,nan,nan,nan,nan,nan,nan,nan,nan,nan
1171,HES1,1170,nan,nan,nan,nan,nan,nan,nan,nan,nan
1172,TMEM44,1171,nan,nan,nan,nan,nan,nan,nan,nan,nan
1173,AC046143.1,1172,nan,nan,nan,nan,nan,nan,nan,nan,nan
1174,AC046143.2,1173,nan,nan,nan,nan,nan,nan,nan,nan,nan
1175,ZDHHC19,1174,nan,nan,nan,nan,nan,nan,nan,nan,nan
1176,TM4SF19,1175,nan,nan,nan,nan,nan,nan,nan,nan,nan
1177,RNF168,1176,nan,nan,nan,nan,nan,nan,nan,nan,nan
1178,AC117490.2,1177,nan,nan,nan,nan,nan,nan,nan,nan,nan
1179,FBXO45,1178,nan,nan,nan,nan,nan,nan,nan,nan,nan
1180,AC092933.2,1179,nan,nan,nan,nan,nan,nan,nan,nan,nan
1181,IQCG,1180,nan,nan,nan,nan,nan,nan,nan,nan,nan
1182,AC135893.1,1181,nan,nan,nan,nan,nan,nan,nan,nan,nan
1183,ZNF595,1182,nan,nan,nan,nan,nan,nan,nan,nan,nan
1184,ZNF718,1183,nan,nan,nan,nan,nan,nan,nan,nan,nan
1185,AC253576.2,1184,nan,nan,nan,nan,nan,nan,nan,nan,nan
1186,AC079140.6,1185,nan,nan,nan,nan,nan,nan,nan,nan,nan
1187,ZNF141,1186,nan,nan,nan,nan,nan,nan,nan,nan,nan
1188,ZNF721,1187,nan,nan,nan,nan,nan,nan,nan,nan,nan
1189,AC139887.4,1188,nan,nan,nan,nan,nan,nan,nan,nan,nan
1190,AC139887.2,1189,nan,nan,nan,nan,nan,nan,nan,nan,nan
1191,AC139887.1,1190,nan,nan,nan,nan,nan,nan,nan,nan,nan
1192,CPLX1,1191,nan,nan,nan,nan,nan,nan,nan,nan,nan
1193,AC139887.3,1192,nan,nan,nan,nan,nan,nan,nan,nan,nan
1194,AC139887.5,1193,nan,nan,nan,nan,nan,nan,nan,nan,nan
1195,SLC26A1,1194,nan,nan,nan,nan,nan,nan,nan,nan,nan
1196,CTBP1,1195,nan,nan,nan,nan,nan,nan,nan,nan,nan
1197,NSD2,1196,nan,nan,nan,nan,nan,nan,nan,nan,nan
1198,POLN,1197,nan,nan,nan,nan,nan,nan,nan,nan,nan
1199,AL136360.2,1198,nan,nan,nan,nan,nan,nan,nan,nan,nan
1200,MXD4,1199,nan,nan,nan,nan,nan,nan,nan,nan,nan
1201,RNF4,1200,nan,nan,nan,nan,nan,nan,nan,nan,nan
1202,TNIP2,1201,nan,nan,nan,nan,nan,nan,nan,nan,nan
1203,AL121750.1,1202,nan,nan,nan,nan,nan,nan,nan,nan,nan
1204,MSANTD1,1203,nan,nan,nan,nan,nan,nan,nan,nan,nan
1205,HGFAC,1204,nan,nan,nan,nan,nan,nan,nan,nan,nan
1206,LYAR,1205,nan,nan,nan,nan,nan,nan,nan,nan,nan
1207,ZBTB49,1206,nan,nan,nan,nan,nan,nan,nan,nan,nan
1208,MSX1,1207,nan,nan,nan,nan,nan,nan,nan,nan,nan
1209,WFS1,1208,nan,nan,nan,nan,nan,nan,nan,nan,nan
1210,AC116317.1,1209,nan,nan,nan,nan,nan,nan,nan,nan,nan
1211,TADA2B,1210,nan,nan,nan,nan,nan,nan,nan,nan,nan
1212,TRMT44,1211,nan,nan,nan,nan,nan,nan,nan,nan,nan
1213,AC105345.2,1212,nan,nan,nan,nan,nan,nan,nan,nan,nan
1214,AC105345.1,1213,nan,nan,nan,nan,nan,nan,nan,nan,nan
1215,HMX1,1214,nan,nan,nan,nan,nan,nan,nan,nan,nan
1216,AC116612.1,1215,nan,nan,nan,nan,nan,nan,nan,nan,nan
1217,FAM90A26,1216,nan,nan,nan,nan,nan,nan,nan,nan,nan
1218,SLC2A9,1217,nan,nan,nan,nan,nan,nan,nan,nan,nan
1219,AC108199.1,1218,nan,nan,nan,nan,nan,nan,nan,nan,nan
1220,AC005674.1,1219,nan,nan,nan,nan,nan,nan,nan,nan,nan
1221,AC005674.2,1220,nan,nan,nan,nan,nan,nan,nan,nan,nan
1222,ZNF518B,1221,nan,nan,nan,nan,nan,nan,nan,nan,nan
1223,AC005599.1,1222,nan,nan,nan,nan,nan,nan,nan,nan,nan
1224,CLNK,1223,nan,nan,nan,nan,nan,nan,nan,nan,nan
1225,AC084048.1,1224,nan,nan,nan,nan,nan,nan,nan,nan,nan
1226,BOD1L1,1225,nan,nan,nan,nan,nan,nan,nan,nan,nan
1227,FAM200B,1226,nan,nan,nan,nan,nan,nan,nan,nan,nan
1228,BST1,1227,nan,nan,nan,nan,nan,nan,nan,nan,nan
1229,PROM1,1228,nan,nan,nan,nan,nan,nan,nan,nan,nan
1230,LCORL,1229,nan,nan,nan,nan,nan,nan,nan,nan,nan
1231,PPARGC1A,1230,nan,nan,nan,nan,nan,nan,nan,nan,nan
1232,AC092834.1,1231,nan,nan,nan,nan,nan,nan,nan,nan,nan
1233,SEL1L3,1232,nan,nan,nan,nan,nan,nan,nan,nan,nan
1234,AC092436.3,1233,nan,nan,nan,nan,nan,nan,nan,nan,nan
1235,RBPJ,1234,nan,nan,nan,nan,nan,nan,nan,nan,nan
1236,ARAP2,1235,nan,nan,nan,nan,nan,nan,nan,nan,nan
1237,AC104078.1,1236,nan,nan,nan,nan,nan,nan,nan,nan,nan
1238,AC104078.2,1237,nan,nan,nan,nan,nan,nan,nan,nan,nan
1239,NWD2,1238,nan,nan,nan,nan,nan,nan,nan,nan,nan
1240,AC022463.1,1239,nan,nan,nan,nan,nan,nan,nan,nan,nan
1241,KLF3,1240,nan,nan,nan,nan,nan,nan,nan,nan,nan
1242,RFC1,1241,nan,nan,nan,nan,nan,nan,nan,nan,nan
1243,LIAS,1242,nan,nan,nan,nan,nan,nan,nan,nan,nan
1244,AC021148.2,1243,nan,nan,nan,nan,nan,nan,nan,nan,nan
1245,AC108471.3,1244,nan,nan,nan,nan,nan,nan,nan,nan,nan
1246,AC108471.2,1245,nan,nan,nan,nan,nan,nan,nan,nan,nan
1247,UBE2K,1246,nan,nan,nan,nan,nan,nan,nan,nan,nan
1248,N4BP2,1247,nan,nan,nan,nan,nan,nan,nan,nan,nan
1249,AC095057.3,1248,nan,nan,nan,nan,nan,nan,nan,nan,nan
1250,AC095057.4,1249,nan,nan,nan,nan,nan,nan,nan,nan,nan
1251,AC095057.2,1250,nan,nan,nan,nan,nan,nan,nan,nan,nan
1252,LIMCH1,1251,nan,nan,nan,nan,nan,nan,nan,nan,nan
1253,AC108050.1,1252,nan,nan,nan,nan,nan,nan,nan,nan,nan
1254,SLC30A9,1253,nan,nan,nan,nan,nan,nan,nan,nan,nan
1255,COX7B2,1254,nan,nan,nan,nan,nan,nan,nan,nan,nan
1256,NFXL1,1255,nan,nan,nan,nan,nan,nan,nan,nan,nan
1257,TXK,1256,nan,nan,nan,nan,nan,nan,nan,nan,nan
1258,TEC,1257,nan,nan,nan,nan,nan,nan,nan,nan,nan
1259,OCIAD2,1258,nan,nan,nan,nan,nan,nan,nan,nan,nan
1260,ERVMER34-1,1259,nan,nan,nan,nan,nan,nan,nan,nan,nan
1261,FIP1L1,1260,nan,nan,nan,nan,nan,nan,nan,nan,nan
1262,AC105384.1,1261,nan,nan,nan,nan,nan,nan,nan,nan,nan
1263,KIT,1262,nan,nan,nan,nan,nan,nan,nan,nan,nan
1264,CLOCK,1263,nan,nan,nan,nan,nan,nan,nan,nan,nan
1265,AC110611.1,1264,nan,nan,nan,nan,nan,nan,nan,nan,nan
1266,AC110611.2,1265,nan,nan,nan,nan,nan,nan,nan,nan,nan
1267,CEP135,1266,nan,nan,nan,nan,nan,nan,nan,nan,nan
1268,AASDH,1267,nan,nan,nan,nan,nan,nan,nan,nan,nan
1269,AC068620.1,1268,nan,nan,nan,nan,nan,nan,nan,nan,nan
1270,AC068620.2,1269,nan,nan,nan,nan,nan,nan,nan,nan,nan
1271,THEGL,1270,nan,nan,nan,nan,nan,nan,nan,nan,nan
1272,HOPX,1271,nan,nan,nan,nan,nan,nan,nan,nan,nan
1273,REST,1272,nan,nan,nan,nan,nan,nan,nan,nan,nan
1274,POLR2B,1273,nan,nan,nan,nan,nan,nan,nan,nan,nan
1275,EPHA5,1274,nan,nan,nan,nan,nan,nan,nan,nan,nan
1276,AC104137.1,1275,nan,nan,nan,nan,nan,nan,nan,nan,nan
1277,UGT2B7,1276,nan,nan,nan,nan,nan,nan,nan,nan,nan
1278,GC,1277,nan,nan,nan,nan,nan,nan,nan,nan,nan
1279,CXCL5,1278,nan,nan,nan,nan,nan,nan,nan,nan,nan
1280,AC093677.3,1279,nan,nan,nan,nan,nan,nan,nan,nan,nan
1281,MTHFD2L,1280,nan,nan,nan,nan,nan,nan,nan,nan,nan
1282,AC093677.2,1281,nan,nan,nan,nan,nan,nan,nan,nan,nan
1283,EPGN,1282,nan,nan,nan,nan,nan,nan,nan,nan,nan
1284,BTC,1283,nan,nan,nan,nan,nan,nan,nan,nan,nan
1285,AC098825.1,1284,nan,nan,nan,nan,nan,nan,nan,nan,nan
1286,PARM1,1285,nan,nan,nan,nan,nan,nan,nan,nan,nan
1287,AC110760.2,1286,nan,nan,nan,nan,nan,nan,nan,nan,nan
1288,AC110760.1,1287,nan,nan,nan,nan,nan,nan,nan,nan,nan
1289,THAP6,1288,nan,nan,nan,nan,nan,nan,nan,nan,nan
1290,PPEF2,1289,nan,nan,nan,nan,nan,nan,nan,nan,nan
1291,CXCL13,1290,nan,nan,nan,nan,nan,nan,nan,nan,nan
1292,ANXA3,1291,nan,nan,nan,nan,nan,nan,nan,nan,nan
1293,PRDM8,1292,nan,nan,nan,nan,nan,nan,nan,nan,nan
1294,PRKG2,1293,nan,nan,nan,nan,nan,nan,nan,nan,nan
1295,HNRNPD,1294,nan,nan,nan,nan,nan,nan,nan,nan,nan
1296,HNRNPDL,1295,nan,nan,nan,nan,nan,nan,nan,nan,nan
1297,THAP9,1296,nan,nan,nan,nan,nan,nan,nan,nan,nan
1298,LIN54,1297,nan,nan,nan,nan,nan,nan,nan,nan,nan
1299,COPS4,1298,nan,nan,nan,nan,nan,nan,nan,nan,nan
1300,AC114781.2,1299,nan,nan,nan,nan,nan,nan,nan,nan,nan
1301,HPSE,1300,nan,nan,nan,nan,nan,nan,nan,nan,nan
1302,GPAT3,1301,nan,nan,nan,nan,nan,nan,nan,nan,nan
1303,MAPK10,1302,nan,nan,nan,nan,nan,nan,nan,nan,nan
1304,AFF1,1303,nan,nan,nan,nan,nan,nan,nan,nan,nan
1305,NUDT9,1304,nan,nan,nan,nan,nan,nan,nan,nan,nan
1306,AC112250.2,1305,nan,nan,nan,nan,nan,nan,nan,nan,nan
1307,PPM1K,1306,nan,nan,nan,nan,nan,nan,nan,nan,nan
1308,AC107067.2,1307,nan,nan,nan,nan,nan,nan,nan,nan,nan
1309,AC107067.1,1308,nan,nan,nan,nan,nan,nan,nan,nan,nan
1310,TIGD2,1309,nan,nan,nan,nan,nan,nan,nan,nan,nan
1311,SNCA,1310,nan,nan,nan,nan,nan,nan,nan,nan,nan
1312,AC097478.1,1311,nan,nan,nan,nan,nan,nan,nan,nan,nan
1313,AC097478.3,1312,nan,nan,nan,nan,nan,nan,nan,nan,nan
1314,AC097478.2,1313,nan,nan,nan,nan,nan,nan,nan,nan,nan
1315,CCSER1,1314,nan,nan,nan,nan,nan,nan,nan,nan,nan
1316,AC004054.1,1315,nan,nan,nan,nan,nan,nan,nan,nan,nan
1317,AC074124.1,1316,nan,nan,nan,nan,nan,nan,nan,nan,nan
1318,ADH4,1317,nan,nan,nan,nan,nan,nan,nan,nan,nan
1319,ADH6,1318,nan,nan,nan,nan,nan,nan,nan,nan,nan
1320,DAPP1,1319,nan,nan,nan,nan,nan,nan,nan,nan,nan
1321,DDIT4L,1320,nan,nan,nan,nan,nan,nan,nan,nan,nan
1322,AP001961.1,1321,nan,nan,nan,nan,nan,nan,nan,nan,nan
1323,EMCN,1322,nan,nan,nan,nan,nan,nan,nan,nan,nan
1324,AC097459.1,1323,nan,nan,nan,nan,nan,nan,nan,nan,nan
1325,PPP3CA,1324,nan,nan,nan,nan,nan,nan,nan,nan,nan
1326,SLC39A8,1325,nan,nan,nan,nan,nan,nan,nan,nan,nan
1327,AC098487.1,1326,nan,nan,nan,nan,nan,nan,nan,nan,nan
1328,AF213884.3,1327,nan,nan,nan,nan,nan,nan,nan,nan,nan
1329,NFKB1,1328,nan,nan,nan,nan,nan,nan,nan,nan,nan
1330,TACR3,1329,nan,nan,nan,nan,nan,nan,nan,nan,nan
1331,CXXC4,1330,nan,nan,nan,nan,nan,nan,nan,nan,nan
1332,LEF1,1331,nan,nan,nan,nan,nan,nan,nan,nan,nan
1333,ENPEP,1332,nan,nan,nan,nan,nan,nan,nan,nan,nan
1334,AC098798.1,1333,nan,nan,nan,nan,nan,nan,nan,nan,nan
1335,TIFA,1334,nan,nan,nan,nan,nan,nan,nan,nan,nan
1336,AC023886.1,1335,nan,nan,nan,nan,nan,nan,nan,nan,nan
1337,ZGRF1,1336,nan,nan,nan,nan,nan,nan,nan,nan,nan
1338,LARP7,1337,nan,nan,nan,nan,nan,nan,nan,nan,nan
1339,AC106864.1,1338,nan,nan,nan,nan,nan,nan,nan,nan,nan
1340,NDNF,1339,nan,nan,nan,nan,nan,nan,nan,nan,nan
1341,AC105254.1,1340,nan,nan,nan,nan,nan,nan,nan,nan,nan
1342,TRPC3,1341,nan,nan,nan,nan,nan,nan,nan,nan,nan
1343,SLC25A31,1342,nan,nan,nan,nan,nan,nan,nan,nan,nan
1344,AC093591.2,1343,nan,nan,nan,nan,nan,nan,nan,nan,nan
1345,LARP1B,1344,nan,nan,nan,nan,nan,nan,nan,nan,nan
1346,JADE1,1345,nan,nan,nan,nan,nan,nan,nan,nan,nan
1347,AC015631.1,1346,nan,nan,nan,nan,nan,nan,nan,nan,nan
1348,PABPC4L,1347,nan,nan,nan,nan,nan,nan,nan,nan,nan
1349,PCDH18,1348,nan,nan,nan,nan,nan,nan,nan,nan,nan
1350,NOCT,1349,nan,nan,nan,nan,nan,nan,nan,nan,nan
1351,ELF2,1350,nan,nan,nan,nan,nan,nan,nan,nan,nan
1352,SETD7,1351,nan,nan,nan,nan,nan,nan,nan,nan,nan
1353,AC112236.2,1352,nan,nan,nan,nan,nan,nan,nan,nan,nan
1354,AC112236.3,1353,nan,nan,nan,nan,nan,nan,nan,nan,nan
1355,AC112236.1,1354,nan,nan,nan,nan,nan,nan,nan,nan,nan
1356,MGST2,1355,nan,nan,nan,nan,nan,nan,nan,nan,nan
1357,MAML3,1356,nan,nan,nan,nan,nan,nan,nan,nan,nan
1358,AC108053.1,1357,nan,nan,nan,nan,nan,nan,nan,nan,nan
1359,AC131182.1,1358,nan,nan,nan,nan,nan,nan,nan,nan,nan
1360,SCOC,1359,nan,nan,nan,nan,nan,nan,nan,nan,nan
1361,CLGN,1360,nan,nan,nan,nan,nan,nan,nan,nan,nan
1362,MGAT4D,1361,nan,nan,nan,nan,nan,nan,nan,nan,nan
1363,ZNF330,1362,nan,nan,nan,nan,nan,nan,nan,nan,nan
1364,SMARCA5,1363,nan,nan,nan,nan,nan,nan,nan,nan,nan
1365,GYPE,1364,nan,nan,nan,nan,nan,nan,nan,nan,nan
1366,AC093890.2,1365,nan,nan,nan,nan,nan,nan,nan,nan,nan
1367,AC093796.1,1366,nan,nan,nan,nan,nan,nan,nan,nan,nan
1368,SMAD1,1367,nan,nan,nan,nan,nan,nan,nan,nan,nan
1369,ZNF827,1368,nan,nan,nan,nan,nan,nan,nan,nan,nan
1370,AC104791.1,1369,nan,nan,nan,nan,nan,nan,nan,nan,nan
1371,REELD1,1370,nan,nan,nan,nan,nan,nan,nan,nan,nan
1372,NR3C2,1371,nan,nan,nan,nan,nan,nan,nan,nan,nan
1373,AC069272.1,1372,nan,nan,nan,nan,nan,nan,nan,nan,nan
1374,IQCM,1373,nan,nan,nan,nan,nan,nan,nan,nan,nan
1375,AC093893.1,1374,nan,nan,nan,nan,nan,nan,nan,nan,nan
1376,TIGD4,1375,nan,nan,nan,nan,nan,nan,nan,nan,nan
1377,TLR2,1376,nan,nan,nan,nan,nan,nan,nan,nan,nan
1378,RNF175,1377,nan,nan,nan,nan,nan,nan,nan,nan,nan
1379,AC020703.1,1378,nan,nan,nan,nan,nan,nan,nan,nan,nan
1380,LRAT,1379,nan,nan,nan,nan,nan,nan,nan,nan,nan
1381,AC009567.1,1380,nan,nan,nan,nan,nan,nan,nan,nan,nan
1382,RAPGEF2,1381,nan,nan,nan,nan,nan,nan,nan,nan,nan
1383,AC074344.2,1382,nan,nan,nan,nan,nan,nan,nan,nan,nan
1384,SMIM31,1383,nan,nan,nan,nan,nan,nan,nan,nan,nan
1385,HMGB2,1384,nan,nan,nan,nan,nan,nan,nan,nan,nan
1386,GLRA3,1385,nan,nan,nan,nan,nan,nan,nan,nan,nan
1387,NEIL3,1386,nan,nan,nan,nan,nan,nan,nan,nan,nan
1388,AC027627.1,1387,nan,nan,nan,nan,nan,nan,nan,nan,nan
1389,TENM3,1388,nan,nan,nan,nan,nan,nan,nan,nan,nan
1390,AC079226.2,1389,nan,nan,nan,nan,nan,nan,nan,nan,nan
1391,AC079226.1,1390,nan,nan,nan,nan,nan,nan,nan,nan,nan
1392,ENPP6,1391,nan,nan,nan,nan,nan,nan,nan,nan,nan
1393,AC107222.2,1392,nan,nan,nan,nan,nan,nan,nan,nan,nan
1394,IRF2,1393,nan,nan,nan,nan,nan,nan,nan,nan,nan
1395,AC099343.2,1394,nan,nan,nan,nan,nan,nan,nan,nan,nan
1396,AC099343.3,1395,nan,nan,nan,nan,nan,nan,nan,nan,nan
1397,AC099343.4,1396,nan,nan,nan,nan,nan,nan,nan,nan,nan
1398,PRIMPOL,1397,nan,nan,nan,nan,nan,nan,nan,nan,nan
1399,SORBS2,1398,nan,nan,nan,nan,nan,nan,nan,nan,nan
1400,AC093797.1,1399,nan,nan,nan,nan,nan,nan,nan,nan,nan
1401,AC108472.1,1400,nan,nan,nan,nan,nan,nan,nan,nan,nan
1402,TLR3,1401,nan,nan,nan,nan,nan,nan,nan,nan,nan
1403,MTNR1A,1402,nan,nan,nan,nan,nan,nan,nan,nan,nan
1404,AHRR,1403,nan,nan,nan,nan,nan,nan,nan,nan,nan
1405,BRD9,1404,nan,nan,nan,nan,nan,nan,nan,nan,nan
1406,IRX2,1405,nan,nan,nan,nan,nan,nan,nan,nan,nan
1407,IRX1,1406,nan,nan,nan,nan,nan,nan,nan,nan,nan
1408,MTRR,1407,nan,nan,nan,nan,nan,nan,nan,nan,nan
1409,AC025174.1,1408,nan,nan,nan,nan,nan,nan,nan,nan,nan
1410,ATPSCKMT,1409,nan,nan,nan,nan,nan,nan,nan,nan,nan
1411,AC012640.1,1410,nan,nan,nan,nan,nan,nan,nan,nan,nan
1412,AC012640.4,1411,nan,nan,nan,nan,nan,nan,nan,nan,nan
1413,AC012640.3,1412,nan,nan,nan,nan,nan,nan,nan,nan,nan
1414,AC012640.2,1413,nan,nan,nan,nan,nan,nan,nan,nan,nan
1415,ROPN1L,1414,nan,nan,nan,nan,nan,nan,nan,nan,nan
1416,LINC01513,1415,nan,nan,nan,nan,nan,nan,nan,nan,nan
1417,AC092336.1,1416,nan,nan,nan,nan,nan,nan,nan,nan,nan
1418,DAP,1417,nan,nan,nan,nan,nan,nan,nan,nan,nan
1419,AC012629.2,1418,nan,nan,nan,nan,nan,nan,nan,nan,nan
1420,AC012629.1,1419,nan,nan,nan,nan,nan,nan,nan,nan,nan
1421,OTULIN,1420,nan,nan,nan,nan,nan,nan,nan,nan,nan
1422,ZNF622,1421,nan,nan,nan,nan,nan,nan,nan,nan,nan
1423,CDH9,1422,nan,nan,nan,nan,nan,nan,nan,nan,nan
1424,CDH6,1423,nan,nan,nan,nan,nan,nan,nan,nan,nan
1425,ZFR,1424,nan,nan,nan,nan,nan,nan,nan,nan,nan
1426,SUB1,1425,nan,nan,nan,nan,nan,nan,nan,nan,nan
1427,AC034231.1,1426,nan,nan,nan,nan,nan,nan,nan,nan,nan
1428,TARS,1427,nan,nan,nan,nan,nan,nan,nan,nan,nan
1429,DNAJC21,1428,nan,nan,nan,nan,nan,nan,nan,nan,nan
1430,CAPSL,1429,nan,nan,nan,nan,nan,nan,nan,nan,nan
1431,AC112204.2,1430,nan,nan,nan,nan,nan,nan,nan,nan,nan
1432,RANBP3L,1431,nan,nan,nan,nan,nan,nan,nan,nan,nan
1433,AC114277.1,1432,nan,nan,nan,nan,nan,nan,nan,nan,nan
1434,AC026741.1,1433,nan,nan,nan,nan,nan,nan,nan,nan,nan
1435,NIPBL,1434,nan,nan,nan,nan,nan,nan,nan,nan,nan
1436,DAB2,1435,nan,nan,nan,nan,nan,nan,nan,nan,nan
1437,CARD6,1436,nan,nan,nan,nan,nan,nan,nan,nan,nan
1438,C7,1437,nan,nan,nan,nan,nan,nan,nan,nan,nan
1439,AC025171.1,1438,nan,nan,nan,nan,nan,nan,nan,nan,nan
1440,AC025171.3,1439,nan,nan,nan,nan,nan,nan,nan,nan,nan
1441,AC025171.5,1440,nan,nan,nan,nan,nan,nan,nan,nan,nan
1442,ANXA2R,1441,nan,nan,nan,nan,nan,nan,nan,nan,nan
1443,AC025171.2,1442,nan,nan,nan,nan,nan,nan,nan,nan,nan
1444,AC025171.4,1443,nan,nan,nan,nan,nan,nan,nan,nan,nan
1445,ZNF131,1444,nan,nan,nan,nan,nan,nan,nan,nan,nan
1446,ITGA1,1445,nan,nan,nan,nan,nan,nan,nan,nan,nan
1447,AC025180.1,1446,nan,nan,nan,nan,nan,nan,nan,nan,nan
1448,ITGA2,1447,nan,nan,nan,nan,nan,nan,nan,nan,nan
1449,AC008966.3,1448,nan,nan,nan,nan,nan,nan,nan,nan,nan
1450,AC008966.2,1449,nan,nan,nan,nan,nan,nan,nan,nan,nan
1451,AC008966.1,1450,nan,nan,nan,nan,nan,nan,nan,nan,nan
1452,ESM1,1451,nan,nan,nan,nan,nan,nan,nan,nan,nan
1453,DDX4,1452,nan,nan,nan,nan,nan,nan,nan,nan,nan
1454,MIER3,1453,nan,nan,nan,nan,nan,nan,nan,nan,nan
1455,AC016644.1,1454,nan,nan,nan,nan,nan,nan,nan,nan,nan
1456,GPBP1,1455,nan,nan,nan,nan,nan,nan,nan,nan,nan
1457,DEPDC1B,1456,nan,nan,nan,nan,nan,nan,nan,nan,nan
1458,RGS7BP,1457,nan,nan,nan,nan,nan,nan,nan,nan,nan
1459,TRIM23,1458,nan,nan,nan,nan,nan,nan,nan,nan,nan
1460,CD180,1459,nan,nan,nan,nan,nan,nan,nan,nan,nan
1461,AC010273.3,1460,nan,nan,nan,nan,nan,nan,nan,nan,nan
1462,AC010273.2,1461,nan,nan,nan,nan,nan,nan,nan,nan,nan
1463,CCNB1,1462,nan,nan,nan,nan,nan,nan,nan,nan,nan
1464,CDK7,1463,nan,nan,nan,nan,nan,nan,nan,nan,nan
1465,GTF2H2C,1464,nan,nan,nan,nan,nan,nan,nan,nan,nan
1466,GTF2H2,1465,nan,nan,nan,nan,nan,nan,nan,nan,nan
1467,BDP1,1466,nan,nan,nan,nan,nan,nan,nan,nan,nan
1468,FAM169A,1467,nan,nan,nan,nan,nan,nan,nan,nan,nan
1469,AC010501.2,1468,nan,nan,nan,nan,nan,nan,nan,nan,nan
1470,POLK,1469,nan,nan,nan,nan,nan,nan,nan,nan,nan
1471,AC026774.1,1470,nan,nan,nan,nan,nan,nan,nan,nan,nan
1472,SV2C,1471,nan,nan,nan,nan,nan,nan,nan,nan,nan
1473,AC113404.1,1472,nan,nan,nan,nan,nan,nan,nan,nan,nan
1474,F2RL1,1473,nan,nan,nan,nan,nan,nan,nan,nan,nan
1475,ZBED3,1474,nan,nan,nan,nan,nan,nan,nan,nan,nan
1476,TBCA,1475,nan,nan,nan,nan,nan,nan,nan,nan,nan
1477,AC108482.1,1476,nan,nan,nan,nan,nan,nan,nan,nan,nan
1478,AC108482.2,1477,nan,nan,nan,nan,nan,nan,nan,nan,nan
1479,JMY,1478,nan,nan,nan,nan,nan,nan,nan,nan,nan
1480,MSH3,1479,nan,nan,nan,nan,nan,nan,nan,nan,nan
1481,RASGRF2,1480,nan,nan,nan,nan,nan,nan,nan,nan,nan
1482,AC026427.1,1481,nan,nan,nan,nan,nan,nan,nan,nan,nan
1483,AC010623.1,1482,nan,nan,nan,nan,nan,nan,nan,nan,nan
1484,SSBP2,1483,nan,nan,nan,nan,nan,nan,nan,nan,nan
1485,NR2F1,1484,nan,nan,nan,nan,nan,nan,nan,nan,nan
1486,AC106818.2,1485,nan,nan,nan,nan,nan,nan,nan,nan,nan
1487,AC108102.1,1486,nan,nan,nan,nan,nan,nan,nan,nan,nan
1488,AC114980.1,1487,nan,nan,nan,nan,nan,nan,nan,nan,nan
1489,FAM81B,1488,nan,nan,nan,nan,nan,nan,nan,nan,nan
1490,AC008592.4,1489,nan,nan,nan,nan,nan,nan,nan,nan,nan
1491,AC008592.5,1490,nan,nan,nan,nan,nan,nan,nan,nan,nan
1492,AC008592.1,1491,nan,nan,nan,nan,nan,nan,nan,nan,nan
1493,ELL2,1492,nan,nan,nan,nan,nan,nan,nan,nan,nan
1494,AC008592.2,1493,nan,nan,nan,nan,nan,nan,nan,nan,nan
1495,PCSK1,1494,nan,nan,nan,nan,nan,nan,nan,nan,nan
1496,ERAP1,1495,nan,nan,nan,nan,nan,nan,nan,nan,nan
1497,AC008906.1,1496,nan,nan,nan,nan,nan,nan,nan,nan,nan
1498,AC008906.2,1497,nan,nan,nan,nan,nan,nan,nan,nan,nan
1499,RIOK2,1498,nan,nan,nan,nan,nan,nan,nan,nan,nan
1500,CHD1,1499,nan,nan,nan,nan,nan,nan,nan,nan,nan
1501,PPIP5K2,1500,nan,nan,nan,nan,nan,nan,nan,nan,nan
1502,AC011362.1,1501,nan,nan,nan,nan,nan,nan,nan,nan,nan
1503,FER,1502,nan,nan,nan,nan,nan,nan,nan,nan,nan
1504,AC008871.1,1503,nan,nan,nan,nan,nan,nan,nan,nan,nan
1505,AC116428.1,1504,nan,nan,nan,nan,nan,nan,nan,nan,nan
1506,AC008572.1,1505,nan,nan,nan,nan,nan,nan,nan,nan,nan
1507,WDR36,1506,nan,nan,nan,nan,nan,nan,nan,nan,nan
1508,CAMK4,1507,nan,nan,nan,nan,nan,nan,nan,nan,nan
1509,AC010275.1,1508,nan,nan,nan,nan,nan,nan,nan,nan,nan
1510,EPB41L4A,1509,nan,nan,nan,nan,nan,nan,nan,nan,nan
1511,AC010261.1,1510,nan,nan,nan,nan,nan,nan,nan,nan,nan
1512,AC010261.2,1511,nan,nan,nan,nan,nan,nan,nan,nan,nan
1513,AC104126.1,1512,nan,nan,nan,nan,nan,nan,nan,nan,nan
1514,LVRN,1513,nan,nan,nan,nan,nan,nan,nan,nan,nan
1515,ARL14EPL,1514,nan,nan,nan,nan,nan,nan,nan,nan,nan
1516,AC010255.1,1515,nan,nan,nan,nan,nan,nan,nan,nan,nan
1517,AC010255.3,1516,nan,nan,nan,nan,nan,nan,nan,nan,nan
1518,AC010255.2,1517,nan,nan,nan,nan,nan,nan,nan,nan,nan
1519,AC106786.2,1518,nan,nan,nan,nan,nan,nan,nan,nan,nan
1520,AC106786.1,1519,nan,nan,nan,nan,nan,nan,nan,nan,nan
1521,PRDM6,1520,nan,nan,nan,nan,nan,nan,nan,nan,nan
1522,ZNF608,1521,nan,nan,nan,nan,nan,nan,nan,nan,nan
1523,AC112196.1,1522,nan,nan,nan,nan,nan,nan,nan,nan,nan
1524,ADAMTS19,1523,nan,nan,nan,nan,nan,nan,nan,nan,nan
1525,AC008591.1,1524,nan,nan,nan,nan,nan,nan,nan,nan,nan
1526,SLC22A4,1525,nan,nan,nan,nan,nan,nan,nan,nan,nan
1527,IRF1,1526,nan,nan,nan,nan,nan,nan,nan,nan,nan
1528,IL5,1527,nan,nan,nan,nan,nan,nan,nan,nan,nan
1529,AFF4,1528,nan,nan,nan,nan,nan,nan,nan,nan,nan
1530,AC113410.5,1529,nan,nan,nan,nan,nan,nan,nan,nan,nan
1531,AC113410.4,1530,nan,nan,nan,nan,nan,nan,nan,nan,nan
1532,HSPA4,1531,nan,nan,nan,nan,nan,nan,nan,nan,nan
1533,AC113410.2,1532,nan,nan,nan,nan,nan,nan,nan,nan,nan
1534,AC008608.2,1533,nan,nan,nan,nan,nan,nan,nan,nan,nan
1535,TCF7,1534,nan,nan,nan,nan,nan,nan,nan,nan,nan
1536,CDKL3,1535,nan,nan,nan,nan,nan,nan,nan,nan,nan
1537,AC109454.2,1536,nan,nan,nan,nan,nan,nan,nan,nan,nan
1538,AC109454.3,1537,nan,nan,nan,nan,nan,nan,nan,nan,nan
1539,H2AFY,1538,nan,nan,nan,nan,nan,nan,nan,nan,nan
1540,AC026691.1,1539,nan,nan,nan,nan,nan,nan,nan,nan,nan
1541,SLC25A48,1540,nan,nan,nan,nan,nan,nan,nan,nan,nan
1542,AC114296.1,1541,nan,nan,nan,nan,nan,nan,nan,nan,nan
1543,TGFBI,1542,nan,nan,nan,nan,nan,nan,nan,nan,nan
1544,SMAD5,1543,nan,nan,nan,nan,nan,nan,nan,nan,nan
1545,BRD8,1544,nan,nan,nan,nan,nan,nan,nan,nan,nan
1546,CDC25C,1545,nan,nan,nan,nan,nan,nan,nan,nan,nan
1547,AC104116.1,1546,nan,nan,nan,nan,nan,nan,nan,nan,nan
1548,EGR1,1547,nan,nan,nan,nan,nan,nan,nan,nan,nan
1549,MATR3,1548,nan,nan,nan,nan,nan,nan,nan,nan,nan
1550,MATR3.1,1549,nan,nan,nan,nan,nan,nan,nan,nan,nan
1551,CXXC5,1550,nan,nan,nan,nan,nan,nan,nan,nan,nan
1552,AC008667.1,1551,nan,nan,nan,nan,nan,nan,nan,nan,nan
1553,AC008667.3,1552,nan,nan,nan,nan,nan,nan,nan,nan,nan
1554,AC008667.4,1553,nan,nan,nan,nan,nan,nan,nan,nan,nan
1555,NRG2,1554,nan,nan,nan,nan,nan,nan,nan,nan,nan
1556,AC008667.2,1555,nan,nan,nan,nan,nan,nan,nan,nan,nan
1557,PURA,1556,nan,nan,nan,nan,nan,nan,nan,nan,nan
1558,PFDN1,1557,nan,nan,nan,nan,nan,nan,nan,nan,nan
1559,APBB3,1558,nan,nan,nan,nan,nan,nan,nan,nan,nan
1560,ZMAT2,1559,nan,nan,nan,nan,nan,nan,nan,nan,nan
1561,AC244517.5,1560,nan,nan,nan,nan,nan,nan,nan,nan,nan
1562,AC244517.9,1561,nan,nan,nan,nan,nan,nan,nan,nan,nan
1563,AC244517.2,1562,nan,nan,nan,nan,nan,nan,nan,nan,nan
1564,AC244517.1,1563,nan,nan,nan,nan,nan,nan,nan,nan,nan
1565,AC244517.11,1564,nan,nan,nan,nan,nan,nan,nan,nan,nan
1566,AC244517.12,1565,nan,nan,nan,nan,nan,nan,nan,nan,nan
1567,AC244517.4,1566,nan,nan,nan,nan,nan,nan,nan,nan,nan
1568,AC244517.7,1567,nan,nan,nan,nan,nan,nan,nan,nan,nan
1569,TAF7,1568,nan,nan,nan,nan,nan,nan,nan,nan,nan
1570,AC005618.4,1569,nan,nan,nan,nan,nan,nan,nan,nan,nan
1571,AC005618.1,1570,nan,nan,nan,nan,nan,nan,nan,nan,nan
1572,PCDHGA3,1571,nan,nan,nan,nan,nan,nan,nan,nan,nan
1573,AC005618.3,1572,nan,nan,nan,nan,nan,nan,nan,nan,nan
1574,AC005618.2,1573,nan,nan,nan,nan,nan,nan,nan,nan,nan
1575,HDAC3,1574,nan,nan,nan,nan,nan,nan,nan,nan,nan
1576,RELL2,1575,nan,nan,nan,nan,nan,nan,nan,nan,nan
1577,AC005740.5,1576,nan,nan,nan,nan,nan,nan,nan,nan,nan
1578,PCDH12,1577,nan,nan,nan,nan,nan,nan,nan,nan,nan
1579,AC005740.4,1578,nan,nan,nan,nan,nan,nan,nan,nan,nan
1580,RNF14,1579,nan,nan,nan,nan,nan,nan,nan,nan,nan
1581,AC005740.3,1580,nan,nan,nan,nan,nan,nan,nan,nan,nan
1582,FGF1,1581,nan,nan,nan,nan,nan,nan,nan,nan,nan
1583,AC005592.1,1582,nan,nan,nan,nan,nan,nan,nan,nan,nan
1584,AC005592.2,1583,nan,nan,nan,nan,nan,nan,nan,nan,nan
1585,NR3C1,1584,nan,nan,nan,nan,nan,nan,nan,nan,nan
1586,RBM27,1585,nan,nan,nan,nan,nan,nan,nan,nan,nan
1587,AC008728.1,1586,nan,nan,nan,nan,nan,nan,nan,nan,nan
1588,PPP2R2B,1587,nan,nan,nan,nan,nan,nan,nan,nan,nan
1589,AC010251.1,1588,nan,nan,nan,nan,nan,nan,nan,nan,nan
1590,SPINK5,1589,nan,nan,nan,nan,nan,nan,nan,nan,nan
1591,SPINK13,1590,nan,nan,nan,nan,nan,nan,nan,nan,nan
1592,AFAP1L1,1591,nan,nan,nan,nan,nan,nan,nan,nan,nan
1593,PPARGC1B,1592,nan,nan,nan,nan,nan,nan,nan,nan,nan
1594,PDE6A,1593,nan,nan,nan,nan,nan,nan,nan,nan,nan
1595,TIGD6,1594,nan,nan,nan,nan,nan,nan,nan,nan,nan
1596,HMGXB3,1595,nan,nan,nan,nan,nan,nan,nan,nan,nan
1597,CAMK2A,1596,nan,nan,nan,nan,nan,nan,nan,nan,nan
1598,ARSI,1597,nan,nan,nan,nan,nan,nan,nan,nan,nan
1599,NDST1,1598,nan,nan,nan,nan,nan,nan,nan,nan,nan
1600,AC011383.1,1599,nan,nan,nan,nan,nan,nan,nan,nan,nan
1601,RBM22,1600,nan,nan,nan,nan,nan,nan,nan,nan,nan
1602,ZNF300,1601,nan,nan,nan,nan,nan,nan,nan,nan,nan
1603,GPX3,1602,nan,nan,nan,nan,nan,nan,nan,nan,nan
1604,LARP1,1603,nan,nan,nan,nan,nan,nan,nan,nan,nan
1605,CNOT8,1604,nan,nan,nan,nan,nan,nan,nan,nan,nan
1606,HAVCR1,1605,nan,nan,nan,nan,nan,nan,nan,nan,nan
1607,HAVCR2,1606,nan,nan,nan,nan,nan,nan,nan,nan,nan
1608,ITK,1607,nan,nan,nan,nan,nan,nan,nan,nan,nan
1609,AC009185.1,1608,nan,nan,nan,nan,nan,nan,nan,nan,nan
1610,CYFIP2,1609,nan,nan,nan,nan,nan,nan,nan,nan,nan
1611,AC016571.1,1610,nan,nan,nan,nan,nan,nan,nan,nan,nan
1612,SOX30,1611,nan,nan,nan,nan,nan,nan,nan,nan,nan
1613,EBF1,1612,nan,nan,nan,nan,nan,nan,nan,nan,nan
1614,AC136424.2,1613,nan,nan,nan,nan,nan,nan,nan,nan,nan
1615,AC136424.1,1614,nan,nan,nan,nan,nan,nan,nan,nan,nan
1616,AC134043.2,1615,nan,nan,nan,nan,nan,nan,nan,nan,nan
1617,FABP6,1616,nan,nan,nan,nan,nan,nan,nan,nan,nan
1618,AC008609.1,1617,nan,nan,nan,nan,nan,nan,nan,nan,nan
1619,ZBED8,1618,nan,nan,nan,nan,nan,nan,nan,nan,nan
1620,ATP10B,1619,nan,nan,nan,nan,nan,nan,nan,nan,nan
1621,AC011363.1,1620,nan,nan,nan,nan,nan,nan,nan,nan,nan
1622,GABRA6,1621,nan,nan,nan,nan,nan,nan,nan,nan,nan
1623,GABRA1,1622,nan,nan,nan,nan,nan,nan,nan,nan,nan
1624,TENM2,1623,nan,nan,nan,nan,nan,nan,nan,nan,nan
1625,AC008601.1,1624,nan,nan,nan,nan,nan,nan,nan,nan,nan
1626,AC008705.2,1625,nan,nan,nan,nan,nan,nan,nan,nan,nan
1627,AC026689.1,1626,nan,nan,nan,nan,nan,nan,nan,nan,nan
1628,DOCK2,1627,nan,nan,nan,nan,nan,nan,nan,nan,nan
1629,AC008680.1,1628,nan,nan,nan,nan,nan,nan,nan,nan,nan
1630,KCNMB1,1629,nan,nan,nan,nan,nan,nan,nan,nan,nan
1631,NPM1,1630,nan,nan,nan,nan,nan,nan,nan,nan,nan
1632,SH3PXD2B,1631,nan,nan,nan,nan,nan,nan,nan,nan,nan
1633,AC011407.1,1632,nan,nan,nan,nan,nan,nan,nan,nan,nan
1634,NEURL1B,1633,nan,nan,nan,nan,nan,nan,nan,nan,nan
1635,AC027309.1,1634,nan,nan,nan,nan,nan,nan,nan,nan,nan
1636,CREBRF,1635,nan,nan,nan,nan,nan,nan,nan,nan,nan
1637,C5orf47,1636,nan,nan,nan,nan,nan,nan,nan,nan,nan
1638,AC113423.1,1637,nan,nan,nan,nan,nan,nan,nan,nan,nan
1639,AC113423.2,1638,nan,nan,nan,nan,nan,nan,nan,nan,nan
1640,MSX2,1639,nan,nan,nan,nan,nan,nan,nan,nan,nan
1641,KIAA1191,1640,nan,nan,nan,nan,nan,nan,nan,nan,nan
1642,AC138956.1,1641,nan,nan,nan,nan,nan,nan,nan,nan,nan
1643,AC138956.2,1642,nan,nan,nan,nan,nan,nan,nan,nan,nan
1644,UNC5A,1643,nan,nan,nan,nan,nan,nan,nan,nan,nan
1645,ZNF346,1644,nan,nan,nan,nan,nan,nan,nan,nan,nan
1646,FGFR4,1645,nan,nan,nan,nan,nan,nan,nan,nan,nan
1647,NSD1,1646,nan,nan,nan,nan,nan,nan,nan,nan,nan
1648,AC146507.3,1647,nan,nan,nan,nan,nan,nan,nan,nan,nan
1649,MXD3,1648,nan,nan,nan,nan,nan,nan,nan,nan,nan
1650,RGS14,1649,nan,nan,nan,nan,nan,nan,nan,nan,nan
1651,AC138819.1,1650,nan,nan,nan,nan,nan,nan,nan,nan,nan
1652,FAM153A,1651,nan,nan,nan,nan,nan,nan,nan,nan,nan
1653,AC140125.2,1652,nan,nan,nan,nan,nan,nan,nan,nan,nan
1654,AC140125.1,1653,nan,nan,nan,nan,nan,nan,nan,nan,nan
1655,AC140125.3,1654,nan,nan,nan,nan,nan,nan,nan,nan,nan
1656,HNRNPAB,1655,nan,nan,nan,nan,nan,nan,nan,nan,nan
1657,ZNF354B,1656,nan,nan,nan,nan,nan,nan,nan,nan,nan
1658,ZFP2,1657,nan,nan,nan,nan,nan,nan,nan,nan,nan
1659,ZNF454,1658,nan,nan,nan,nan,nan,nan,nan,nan,nan
1660,ZNF354C,1659,nan,nan,nan,nan,nan,nan,nan,nan,nan
1661,MAML1,1660,nan,nan,nan,nan,nan,nan,nan,nan,nan
1662,RNF130,1661,nan,nan,nan,nan,nan,nan,nan,nan,nan
1663,AC010285.1,1662,nan,nan,nan,nan,nan,nan,nan,nan,nan
1664,AC010285.3,1663,nan,nan,nan,nan,nan,nan,nan,nan,nan
1665,MAPK9,1664,nan,nan,nan,nan,nan,nan,nan,nan,nan
1666,ZFP62,1665,nan,nan,nan,nan,nan,nan,nan,nan,nan
1667,AC008443.5,1666,nan,nan,nan,nan,nan,nan,nan,nan,nan
1668,AC008443.6,1667,nan,nan,nan,nan,nan,nan,nan,nan,nan
1669,AC008443.4,1668,nan,nan,nan,nan,nan,nan,nan,nan,nan
1670,AC008443.9,1669,nan,nan,nan,nan,nan,nan,nan,nan,nan
1671,AC008443.2,1670,nan,nan,nan,nan,nan,nan,nan,nan,nan
1672,AC008443.1,1671,nan,nan,nan,nan,nan,nan,nan,nan,nan
1673,TRIM52,1672,nan,nan,nan,nan,nan,nan,nan,nan,nan
1674,AC008443.8,1673,nan,nan,nan,nan,nan,nan,nan,nan,nan
1675,AC008443.3,1674,nan,nan,nan,nan,nan,nan,nan,nan,nan
1676,IRF4,1675,nan,nan,nan,nan,nan,nan,nan,nan,nan
1677,AL512308.1,1676,nan,nan,nan,nan,nan,nan,nan,nan,nan
1678,EXOC2,1677,nan,nan,nan,nan,nan,nan,nan,nan,nan
1679,AL357054.2,1678,nan,nan,nan,nan,nan,nan,nan,nan,nan
1680,AL357054.4,1679,nan,nan,nan,nan,nan,nan,nan,nan,nan
1681,AL357054.5,1680,nan,nan,nan,nan,nan,nan,nan,nan,nan
1682,AL357054.3,1681,nan,nan,nan,nan,nan,nan,nan,nan,nan
1683,FOXC1,1682,nan,nan,nan,nan,nan,nan,nan,nan,nan
1684,RIPK1,1683,nan,nan,nan,nan,nan,nan,nan,nan,nan
1685,AL391422.4,1684,nan,nan,nan,nan,nan,nan,nan,nan,nan
1686,AL391422.3,1685,nan,nan,nan,nan,nan,nan,nan,nan,nan
1687,AL391422.2,1686,nan,nan,nan,nan,nan,nan,nan,nan,nan
1688,FAM50B,1687,nan,nan,nan,nan,nan,nan,nan,nan,nan
1689,CDYL,1688,nan,nan,nan,nan,nan,nan,nan,nan,nan
1690,AL356747.1,1689,nan,nan,nan,nan,nan,nan,nan,nan,nan
1691,AL022725.1,1690,nan,nan,nan,nan,nan,nan,nan,nan,nan
1692,LY86,1691,nan,nan,nan,nan,nan,nan,nan,nan,nan
1693,AL031123.2,1692,nan,nan,nan,nan,nan,nan,nan,nan,nan
1694,AL031123.1,1693,nan,nan,nan,nan,nan,nan,nan,nan,nan
1695,AL031123.4,1694,nan,nan,nan,nan,nan,nan,nan,nan,nan
1696,AL031123.5,1695,nan,nan,nan,nan,nan,nan,nan,nan,nan
1697,RREB1,1696,nan,nan,nan,nan,nan,nan,nan,nan,nan
1698,AL355336.1,1697,nan,nan,nan,nan,nan,nan,nan,nan,nan
1699,BMP6,1698,nan,nan,nan,nan,nan,nan,nan,nan,nan
1700,AL358777.1,1699,nan,nan,nan,nan,nan,nan,nan,nan,nan
1701,TMEM170B,1700,nan,nan,nan,nan,nan,nan,nan,nan,nan
1702,AL357518.1,1701,nan,nan,nan,nan,nan,nan,nan,nan,nan
1703,ADTRP,1702,nan,nan,nan,nan,nan,nan,nan,nan,nan
1704,AL022724.3,1703,nan,nan,nan,nan,nan,nan,nan,nan,nan
1705,AL022724.2,1704,nan,nan,nan,nan,nan,nan,nan,nan,nan
1706,HIVEP1,1705,nan,nan,nan,nan,nan,nan,nan,nan,nan
1707,EDN1,1706,nan,nan,nan,nan,nan,nan,nan,nan,nan
1708,RANBP9,1707,nan,nan,nan,nan,nan,nan,nan,nan,nan
1709,Z93020.1,1708,nan,nan,nan,nan,nan,nan,nan,nan,nan
1710,MCUR1,1709,nan,nan,nan,nan,nan,nan,nan,nan,nan
1711,AL023583.1,1710,nan,nan,nan,nan,nan,nan,nan,nan,nan
1712,AL136305.1,1711,nan,nan,nan,nan,nan,nan,nan,nan,nan
1713,RBM24,1712,nan,nan,nan,nan,nan,nan,nan,nan,nan
1714,DEK,1713,nan,nan,nan,nan,nan,nan,nan,nan,nan
1715,ID4,1714,nan,nan,nan,nan,nan,nan,nan,nan,nan
1716,MBOAT1,1715,nan,nan,nan,nan,nan,nan,nan,nan,nan
1717,AL158198.1,1716,nan,nan,nan,nan,nan,nan,nan,nan,nan
1718,AL158198.2,1717,nan,nan,nan,nan,nan,nan,nan,nan,nan
1719,E2F3,1718,nan,nan,nan,nan,nan,nan,nan,nan,nan
1720,SOX4,1719,nan,nan,nan,nan,nan,nan,nan,nan,nan
1721,TDP2,1720,nan,nan,nan,nan,nan,nan,nan,nan,nan
1722,RIPOR2,1721,nan,nan,nan,nan,nan,nan,nan,nan,nan
1723,AL133268.3,1722,nan,nan,nan,nan,nan,nan,nan,nan,nan
1724,AL133268.2,1723,nan,nan,nan,nan,nan,nan,nan,nan,nan
1725,AL133268.4,1724,nan,nan,nan,nan,nan,nan,nan,nan,nan
1726,TRIM38,1725,nan,nan,nan,nan,nan,nan,nan,nan,nan
1727,HIST1H1C,1726,nan,nan,nan,nan,nan,nan,nan,nan,nan
1728,HIST1H1E,1727,nan,nan,nan,nan,nan,nan,nan,nan,nan
1729,AL353759.1,1728,nan,nan,nan,nan,nan,nan,nan,nan,nan
1730,ZNF391,1729,nan,nan,nan,nan,nan,nan,nan,nan,nan
1731,AL031118.1,1730,nan,nan,nan,nan,nan,nan,nan,nan,nan
1732,ZNF184,1731,nan,nan,nan,nan,nan,nan,nan,nan,nan
1733,HIST1H2BN,1732,nan,nan,nan,nan,nan,nan,nan,nan,nan
1734,ZKSCAN8,1733,nan,nan,nan,nan,nan,nan,nan,nan,nan
1735,ZSCAN9,1734,nan,nan,nan,nan,nan,nan,nan,nan,nan
1736,ZKSCAN4,1735,nan,nan,nan,nan,nan,nan,nan,nan,nan
1737,ZSCAN26,1736,nan,nan,nan,nan,nan,nan,nan,nan,nan
1738,PGBD1,1737,nan,nan,nan,nan,nan,nan,nan,nan,nan
1739,ZSCAN31,1738,nan,nan,nan,nan,nan,nan,nan,nan,nan
1740,ZKSCAN3,1739,nan,nan,nan,nan,nan,nan,nan,nan,nan
1741,ZSCAN12,1740,nan,nan,nan,nan,nan,nan,nan,nan,nan
1742,ZSCAN23,1741,nan,nan,nan,nan,nan,nan,nan,nan,nan
1743,ZBED9,1742,nan,nan,nan,nan,nan,nan,nan,nan,nan
1744,AL049543.1,1743,nan,nan,nan,nan,nan,nan,nan,nan,nan
1745,AL121932.2,1744,nan,nan,nan,nan,nan,nan,nan,nan,nan
1746,TRIM27,1745,nan,nan,nan,nan,nan,nan,nan,nan,nan
1747,TRIM31,1746,nan,nan,nan,nan,nan,nan,nan,nan,nan
1748,TRIM26,1747,nan,nan,nan,nan,nan,nan,nan,nan,nan
1749,PRR3,1748,nan,nan,nan,nan,nan,nan,nan,nan,nan
1750,PPP1R10,1749,nan,nan,nan,nan,nan,nan,nan,nan,nan
1751,GTF2H4,1750,nan,nan,nan,nan,nan,nan,nan,nan,nan
1752,CDSN,1751,nan,nan,nan,nan,nan,nan,nan,nan,nan
1753,TCF19,1752,nan,nan,nan,nan,nan,nan,nan,nan,nan
1754,POU5F1,1753,nan,nan,nan,nan,nan,nan,nan,nan,nan
1755,AL662844.4,1754,nan,nan,nan,nan,nan,nan,nan,nan,nan
1756,AL662844.3,1755,nan,nan,nan,nan,nan,nan,nan,nan,nan
1757,NFKBIL1,1756,nan,nan,nan,nan,nan,nan,nan,nan,nan
1758,LTB,1757,nan,nan,nan,nan,nan,nan,nan,nan,nan
1759,HSPA1A,1758,nan,nan,nan,nan,nan,nan,nan,nan,nan
1760,HSPA1B,1759,nan,nan,nan,nan,nan,nan,nan,nan,nan
1761,AL662884.5,1760,nan,nan,nan,nan,nan,nan,nan,nan,nan
1762,ATF6B,1761,nan,nan,nan,nan,nan,nan,nan,nan,nan
1763,AL662884.3,1762,nan,nan,nan,nan,nan,nan,nan,nan,nan
1764,AGER,1763,nan,nan,nan,nan,nan,nan,nan,nan,nan
1765,AL662884.1,1764,nan,nan,nan,nan,nan,nan,nan,nan,nan
1766,PBX2,1765,nan,nan,nan,nan,nan,nan,nan,nan,nan
1767,HLA-DRB5,1766,nan,nan,nan,nan,nan,nan,nan,nan,nan
1768,HLA-DRB1,1767,nan,nan,nan,nan,nan,nan,nan,nan,nan
1769,HLA-DQB1,1768,nan,nan,nan,nan,nan,nan,nan,nan,nan
1770,RXRB,1769,nan,nan,nan,nan,nan,nan,nan,nan,nan
1771,RING1,1770,nan,nan,nan,nan,nan,nan,nan,nan,nan
1772,ZBTB22,1771,nan,nan,nan,nan,nan,nan,nan,nan,nan
1773,DAXX,1772,nan,nan,nan,nan,nan,nan,nan,nan,nan
1774,PHF1,1773,nan,nan,nan,nan,nan,nan,nan,nan,nan
1775,ZBTB9,1774,nan,nan,nan,nan,nan,nan,nan,nan,nan
1776,ITPR3,1775,nan,nan,nan,nan,nan,nan,nan,nan,nan
1777,IP6K3,1776,nan,nan,nan,nan,nan,nan,nan,nan,nan
1778,HMGA1,1777,nan,nan,nan,nan,nan,nan,nan,nan,nan
1779,SNRPC,1778,nan,nan,nan,nan,nan,nan,nan,nan,nan
1780,TAF11,1779,nan,nan,nan,nan,nan,nan,nan,nan,nan
1781,ANKS1A,1780,nan,nan,nan,nan,nan,nan,nan,nan,nan
1782,AL591002.1,1781,nan,nan,nan,nan,nan,nan,nan,nan,nan
1783,ZNF76,1782,nan,nan,nan,nan,nan,nan,nan,nan,nan
1784,PPARD,1783,nan,nan,nan,nan,nan,nan,nan,nan,nan
1785,FANCE,1784,nan,nan,nan,nan,nan,nan,nan,nan,nan
1786,TEAD3,1785,nan,nan,nan,nan,nan,nan,nan,nan,nan
1787,AL033519.4,1786,nan,nan,nan,nan,nan,nan,nan,nan,nan
1788,AL033519.5,1787,nan,nan,nan,nan,nan,nan,nan,nan,nan
1789,MAPK14,1788,nan,nan,nan,nan,nan,nan,nan,nan,nan
1790,PNPLA1,1789,nan,nan,nan,nan,nan,nan,nan,nan,nan
1791,ETV7,1790,nan,nan,nan,nan,nan,nan,nan,nan,nan
1792,CDKN1A,1791,nan,nan,nan,nan,nan,nan,nan,nan,nan
1793,PIM1,1792,nan,nan,nan,nan,nan,nan,nan,nan,nan
1794,CMTR1,1793,nan,nan,nan,nan,nan,nan,nan,nan,nan
1795,AL353597.1,1794,nan,nan,nan,nan,nan,nan,nan,nan,nan
1796,AL391415.1,1795,nan,nan,nan,nan,nan,nan,nan,nan,nan
1797,DNAH8,1796,nan,nan,nan,nan,nan,nan,nan,nan,nan
1798,AL034345.2,1797,nan,nan,nan,nan,nan,nan,nan,nan,nan
1799,GLP1R,1798,nan,nan,nan,nan,nan,nan,nan,nan,nan
1800,NFYA,1799,nan,nan,nan,nan,nan,nan,nan,nan,nan
1801,TREM2,1800,nan,nan,nan,nan,nan,nan,nan,nan,nan
1802,FOXP4,1801,nan,nan,nan,nan,nan,nan,nan,nan,nan
1803,MDFI,1802,nan,nan,nan,nan,nan,nan,nan,nan,nan
1804,TFEB,1803,nan,nan,nan,nan,nan,nan,nan,nan,nan
1805,AL035588.1,1804,nan,nan,nan,nan,nan,nan,nan,nan,nan
1806,BYSL,1805,nan,nan,nan,nan,nan,nan,nan,nan,nan
1807,TRERF1,1806,nan,nan,nan,nan,nan,nan,nan,nan,nan
1808,SRF,1807,nan,nan,nan,nan,nan,nan,nan,nan,nan
1809,ZNF318,1808,nan,nan,nan,nan,nan,nan,nan,nan,nan
1810,AL359813.1,1809,nan,nan,nan,nan,nan,nan,nan,nan,nan
1811,AL359813.2,1810,nan,nan,nan,nan,nan,nan,nan,nan,nan
1812,ABCC10,1811,nan,nan,nan,nan,nan,nan,nan,nan,nan
1813,POLH,1812,nan,nan,nan,nan,nan,nan,nan,nan,nan
1814,VEGFA,1813,nan,nan,nan,nan,nan,nan,nan,nan,nan
1815,NFKBIE,1814,nan,nan,nan,nan,nan,nan,nan,nan,nan
1816,TCTE1,1815,nan,nan,nan,nan,nan,nan,nan,nan,nan
1817,CDC5L,1816,nan,nan,nan,nan,nan,nan,nan,nan,nan
1818,RUNX2,1817,nan,nan,nan,nan,nan,nan,nan,nan,nan
1819,AL096865.1,1818,nan,nan,nan,nan,nan,nan,nan,nan,nan
1820,AL035670.1,1819,nan,nan,nan,nan,nan,nan,nan,nan,nan
1821,CYP39A1,1820,nan,nan,nan,nan,nan,nan,nan,nan,nan
1822,TNFRSF21,1821,nan,nan,nan,nan,nan,nan,nan,nan,nan
1823,PKHD1,1822,nan,nan,nan,nan,nan,nan,nan,nan,nan
1824,GSTA2,1823,nan,nan,nan,nan,nan,nan,nan,nan,nan
1825,KLHL31,1824,nan,nan,nan,nan,nan,nan,nan,nan,nan
1826,HCRTR2,1825,nan,nan,nan,nan,nan,nan,nan,nan,nan
1827,ZNF451,1826,nan,nan,nan,nan,nan,nan,nan,nan,nan
1828,PRIM2,1827,nan,nan,nan,nan,nan,nan,nan,nan,nan
1829,FO680682.1,1828,nan,nan,nan,nan,nan,nan,nan,nan,nan
1830,OGFRL1,1829,nan,nan,nan,nan,nan,nan,nan,nan,nan
1831,AL136164.1,1830,nan,nan,nan,nan,nan,nan,nan,nan,nan
1832,FILIP1,1831,nan,nan,nan,nan,nan,nan,nan,nan,nan
1833,AL445465.1,1832,nan,nan,nan,nan,nan,nan,nan,nan,nan
1834,AL445465.2,1833,nan,nan,nan,nan,nan,nan,nan,nan,nan
1835,HMGN3,1834,nan,nan,nan,nan,nan,nan,nan,nan,nan
1836,SNAP91,1835,nan,nan,nan,nan,nan,nan,nan,nan,nan
1837,AL136972.1,1836,nan,nan,nan,nan,nan,nan,nan,nan,nan
1838,ZNF292,1837,nan,nan,nan,nan,nan,nan,nan,nan,nan
1839,GJB7,1838,nan,nan,nan,nan,nan,nan,nan,nan,nan
1840,CNR1,1839,nan,nan,nan,nan,nan,nan,nan,nan,nan
1841,GABRR2,1840,nan,nan,nan,nan,nan,nan,nan,nan,nan
1842,CASP8AP2,1841,nan,nan,nan,nan,nan,nan,nan,nan,nan
1843,BACH2,1842,nan,nan,nan,nan,nan,nan,nan,nan,nan
1844,AL121787.1,1843,nan,nan,nan,nan,nan,nan,nan,nan,nan
1845,MAP3K7,1844,nan,nan,nan,nan,nan,nan,nan,nan,nan
1846,UFL1,1845,nan,nan,nan,nan,nan,nan,nan,nan,nan
1847,POU3F2,1846,nan,nan,nan,nan,nan,nan,nan,nan,nan
1848,MCHR2,1847,nan,nan,nan,nan,nan,nan,nan,nan,nan
1849,AL357315.1,1848,nan,nan,nan,nan,nan,nan,nan,nan,nan
1850,LIN28B,1849,nan,nan,nan,nan,nan,nan,nan,nan,nan
1851,PREP,1850,nan,nan,nan,nan,nan,nan,nan,nan,nan
1852,AL133406.2,1851,nan,nan,nan,nan,nan,nan,nan,nan,nan
1853,PRDM1,1852,nan,nan,nan,nan,nan,nan,nan,nan,nan
1854,AL022067.1,1853,nan,nan,nan,nan,nan,nan,nan,nan,nan
1855,CD24,1854,nan,nan,nan,nan,nan,nan,nan,nan,nan
1856,NR2E1,1855,nan,nan,nan,nan,nan,nan,nan,nan,nan
1857,FOXO3,1856,nan,nan,nan,nan,nan,nan,nan,nan,nan
1858,ZBTB24,1857,nan,nan,nan,nan,nan,nan,nan,nan,nan
1859,SLC22A16,1858,nan,nan,nan,nan,nan,nan,nan,nan,nan
1860,HSF2,1859,nan,nan,nan,nan,nan,nan,nan,nan,nan
1861,PKIB,1860,nan,nan,nan,nan,nan,nan,nan,nan,nan
1862,AL512283.2,1861,nan,nan,nan,nan,nan,nan,nan,nan,nan
1863,AL512283.1,1862,nan,nan,nan,nan,nan,nan,nan,nan,nan
1864,AL512283.3,1863,nan,nan,nan,nan,nan,nan,nan,nan,nan
1865,AL591428.1,1864,nan,nan,nan,nan,nan,nan,nan,nan,nan
1866,CLVS2,1865,nan,nan,nan,nan,nan,nan,nan,nan,nan
1867,HEY2,1866,nan,nan,nan,nan,nan,nan,nan,nan,nan
1868,NCOA7,1867,nan,nan,nan,nan,nan,nan,nan,nan,nan
1869,RSPO3,1868,nan,nan,nan,nan,nan,nan,nan,nan,nan
1870,SOGA3,1869,nan,nan,nan,nan,nan,nan,nan,nan,nan
1871,L3MBTL3,1870,nan,nan,nan,nan,nan,nan,nan,nan,nan
1872,ARG1,1871,nan,nan,nan,nan,nan,nan,nan,nan,nan
1873,MED23,1872,nan,nan,nan,nan,nan,nan,nan,nan,nan
1874,ENPP1,1873,nan,nan,nan,nan,nan,nan,nan,nan,nan
1875,AL117378.1,1874,nan,nan,nan,nan,nan,nan,nan,nan,nan
1876,CCN2,1875,nan,nan,nan,nan,nan,nan,nan,nan,nan
1877,TBPL1,1876,nan,nan,nan,nan,nan,nan,nan,nan,nan
1878,SLC2A12,1877,nan,nan,nan,nan,nan,nan,nan,nan,nan
1879,AL449363.2,1878,nan,nan,nan,nan,nan,nan,nan,nan,nan
1880,SGK1,1879,nan,nan,nan,nan,nan,nan,nan,nan,nan
1881,AL355881.1,1880,nan,nan,nan,nan,nan,nan,nan,nan,nan
1882,Z84486.1,1881,nan,nan,nan,nan,nan,nan,nan,nan,nan
1883,BCLAF1,1882,nan,nan,nan,nan,nan,nan,nan,nan,nan
1884,TNFAIP3,1883,nan,nan,nan,nan,nan,nan,nan,nan,nan
1885,PERP,1884,nan,nan,nan,nan,nan,nan,nan,nan,nan
1886,AL592429.2,1885,nan,nan,nan,nan,nan,nan,nan,nan,nan
1887,CITED2,1886,nan,nan,nan,nan,nan,nan,nan,nan,nan
1888,HIVEP2,1887,nan,nan,nan,nan,nan,nan,nan,nan,nan
1889,AL023581.2,1888,nan,nan,nan,nan,nan,nan,nan,nan,nan
1890,AIG1,1889,nan,nan,nan,nan,nan,nan,nan,nan,nan
1891,AL023581.1,1890,nan,nan,nan,nan,nan,nan,nan,nan,nan
1892,PLAGL1,1891,nan,nan,nan,nan,nan,nan,nan,nan,nan
1893,EPM2A,1892,nan,nan,nan,nan,nan,nan,nan,nan,nan
1894,AL023806.1,1893,nan,nan,nan,nan,nan,nan,nan,nan,nan
1895,AL023806.2,1894,nan,nan,nan,nan,nan,nan,nan,nan,nan
1896,AL023806.4,1895,nan,nan,nan,nan,nan,nan,nan,nan,nan
1897,SHPRH,1896,nan,nan,nan,nan,nan,nan,nan,nan,nan
1898,AL359547.1,1897,nan,nan,nan,nan,nan,nan,nan,nan,nan
1899,ADGB,1898,nan,nan,nan,nan,nan,nan,nan,nan,nan
1900,AL138916.1,1899,nan,nan,nan,nan,nan,nan,nan,nan,nan
1901,AL138916.2,1900,nan,nan,nan,nan,nan,nan,nan,nan,nan
1902,TAB2,1901,nan,nan,nan,nan,nan,nan,nan,nan,nan
1903,PPIL4,1902,nan,nan,nan,nan,nan,nan,nan,nan,nan
1904,AL078581.3,1903,nan,nan,nan,nan,nan,nan,nan,nan,nan
1905,AL078581.4,1904,nan,nan,nan,nan,nan,nan,nan,nan,nan
1906,AL078581.2,1905,nan,nan,nan,nan,nan,nan,nan,nan,nan
1907,ZBTB2,1906,nan,nan,nan,nan,nan,nan,nan,nan,nan
1908,ESR1,1907,nan,nan,nan,nan,nan,nan,nan,nan,nan
1909,AL356311.1,1908,nan,nan,nan,nan,nan,nan,nan,nan,nan
1910,SYNE1,1909,nan,nan,nan,nan,nan,nan,nan,nan,nan
1911,AL049548.1,1910,nan,nan,nan,nan,nan,nan,nan,nan,nan
1912,AL355297.3,1911,nan,nan,nan,nan,nan,nan,nan,nan,nan
1913,ARID1B,1912,nan,nan,nan,nan,nan,nan,nan,nan,nan
1914,AL355297.4,1913,nan,nan,nan,nan,nan,nan,nan,nan,nan
1915,AL355297.2,1914,nan,nan,nan,nan,nan,nan,nan,nan,nan
1916,AL049820.1,1915,nan,nan,nan,nan,nan,nan,nan,nan,nan
1917,SNX9,1916,nan,nan,nan,nan,nan,nan,nan,nan,nan
1918,AL391863.2,1917,nan,nan,nan,nan,nan,nan,nan,nan,nan
1919,AL391863.1,1918,nan,nan,nan,nan,nan,nan,nan,nan,nan
1920,AL035634.1,1919,nan,nan,nan,nan,nan,nan,nan,nan,nan
1921,AL139330.1,1920,nan,nan,nan,nan,nan,nan,nan,nan,nan
1922,TULP4,1921,nan,nan,nan,nan,nan,nan,nan,nan,nan
1923,AL360169.2,1922,nan,nan,nan,nan,nan,nan,nan,nan,nan
1924,AL360169.3,1923,nan,nan,nan,nan,nan,nan,nan,nan,nan
1925,AL360169.1,1924,nan,nan,nan,nan,nan,nan,nan,nan,nan
1926,AL035530.2,1925,nan,nan,nan,nan,nan,nan,nan,nan,nan
1927,TAGAP,1926,nan,nan,nan,nan,nan,nan,nan,nan,nan
1928,PNLDC1,1927,nan,nan,nan,nan,nan,nan,nan,nan,nan
1929,SLC22A3,1928,nan,nan,nan,nan,nan,nan,nan,nan,nan
1930,AL591069.1,1929,nan,nan,nan,nan,nan,nan,nan,nan,nan
1931,PRKN,1930,nan,nan,nan,nan,nan,nan,nan,nan,nan
1932,AL132982.1,1931,nan,nan,nan,nan,nan,nan,nan,nan,nan
1933,PACRG,1932,nan,nan,nan,nan,nan,nan,nan,nan,nan
1934,AL590286.2,1933,nan,nan,nan,nan,nan,nan,nan,nan,nan
1935,AL031121.2,1934,nan,nan,nan,nan,nan,nan,nan,nan,nan
1936,AL031121.3,1935,nan,nan,nan,nan,nan,nan,nan,nan,nan
1937,AL121956.1,1936,nan,nan,nan,nan,nan,nan,nan,nan,nan
1938,AL121956.4,1937,nan,nan,nan,nan,nan,nan,nan,nan,nan
1939,AL121956.6,1938,nan,nan,nan,nan,nan,nan,nan,nan,nan
1940,SFT2D1,1939,nan,nan,nan,nan,nan,nan,nan,nan,nan
1941,RPS6KA2,1940,nan,nan,nan,nan,nan,nan,nan,nan,nan
1942,AL023775.2,1941,nan,nan,nan,nan,nan,nan,nan,nan,nan
1943,TBP,1942,nan,nan,nan,nan,nan,nan,nan,nan,nan
1944,GPER1,1943,nan,nan,nan,nan,nan,nan,nan,nan,nan
1945,MAFK,1944,nan,nan,nan,nan,nan,nan,nan,nan,nan
1946,NUDT1,1945,nan,nan,nan,nan,nan,nan,nan,nan,nan
1947,CARD11,1946,nan,nan,nan,nan,nan,nan,nan,nan,nan
1948,AC024028.1,1947,nan,nan,nan,nan,nan,nan,nan,nan,nan
1949,AC072054.1,1948,nan,nan,nan,nan,nan,nan,nan,nan,nan
1950,FOXK1,1949,nan,nan,nan,nan,nan,nan,nan,nan,nan
1951,AC092428.1,1950,nan,nan,nan,nan,nan,nan,nan,nan,nan
1952,AP5Z1,1951,nan,nan,nan,nan,nan,nan,nan,nan,nan
1953,RBAK,1952,nan,nan,nan,nan,nan,nan,nan,nan,nan
1954,TNRC18,1953,nan,nan,nan,nan,nan,nan,nan,nan,nan
1955,AC092171.1,1954,nan,nan,nan,nan,nan,nan,nan,nan,nan
1956,AC092171.4,1955,nan,nan,nan,nan,nan,nan,nan,nan,nan
1957,AC092171.3,1956,nan,nan,nan,nan,nan,nan,nan,nan,nan
1958,AC092171.5,1957,nan,nan,nan,nan,nan,nan,nan,nan,nan
1959,AC092171.2,1958,nan,nan,nan,nan,nan,nan,nan,nan,nan
1960,ZNF853,1959,nan,nan,nan,nan,nan,nan,nan,nan,nan
1961,ZNF316,1960,nan,nan,nan,nan,nan,nan,nan,nan,nan
1962,AC073343.2,1961,nan,nan,nan,nan,nan,nan,nan,nan,nan
1963,ZNF12,1962,nan,nan,nan,nan,nan,nan,nan,nan,nan
1964,RSPH10B2,1963,nan,nan,nan,nan,nan,nan,nan,nan,nan
1965,ICA1,1964,nan,nan,nan,nan,nan,nan,nan,nan,nan
1966,AC007009.1,1965,nan,nan,nan,nan,nan,nan,nan,nan,nan
1967,ARL4A,1966,nan,nan,nan,nan,nan,nan,nan,nan,nan
1968,ETV1,1967,nan,nan,nan,nan,nan,nan,nan,nan,nan
1969,DGKB,1968,nan,nan,nan,nan,nan,nan,nan,nan,nan
1970,AC006150.1,1969,nan,nan,nan,nan,nan,nan,nan,nan,nan
1971,MEOX2,1970,nan,nan,nan,nan,nan,nan,nan,nan,nan
1972,AC005550.2,1971,nan,nan,nan,nan,nan,nan,nan,nan,nan
1973,AC005550.1,1972,nan,nan,nan,nan,nan,nan,nan,nan,nan
1974,AHR,1973,nan,nan,nan,nan,nan,nan,nan,nan,nan
1975,HDAC9,1974,nan,nan,nan,nan,nan,nan,nan,nan,nan
1976,SP4,1975,nan,nan,nan,nan,nan,nan,nan,nan,nan
1977,RAPGEF5,1976,nan,nan,nan,nan,nan,nan,nan,nan,nan
1978,NUP42,1977,nan,nan,nan,nan,nan,nan,nan,nan,nan
1979,AC005082.2,1978,nan,nan,nan,nan,nan,nan,nan,nan,nan
1980,AC005082.1,1979,nan,nan,nan,nan,nan,nan,nan,nan,nan
1981,AC003093.1,1980,nan,nan,nan,nan,nan,nan,nan,nan,nan
1982,OSBPL3,1981,nan,nan,nan,nan,nan,nan,nan,nan,nan
1983,NFE2L3,1982,nan,nan,nan,nan,nan,nan,nan,nan,nan
1984,AC005091.1,1983,nan,nan,nan,nan,nan,nan,nan,nan,nan
1985,TAX1BP1,1984,nan,nan,nan,nan,nan,nan,nan,nan,nan
1986,JAZF1,1985,nan,nan,nan,nan,nan,nan,nan,nan,nan
1987,AC004549.1,1986,nan,nan,nan,nan,nan,nan,nan,nan,nan
1988,CREB5,1987,nan,nan,nan,nan,nan,nan,nan,nan,nan
1989,AC005013.1,1988,nan,nan,nan,nan,nan,nan,nan,nan,nan
1990,AC007285.1,1989,nan,nan,nan,nan,nan,nan,nan,nan,nan
1991,FKBP14,1990,nan,nan,nan,nan,nan,nan,nan,nan,nan
1992,AC007285.2,1991,nan,nan,nan,nan,nan,nan,nan,nan,nan
1993,AC007036.5,1992,nan,nan,nan,nan,nan,nan,nan,nan,nan
1994,MTURN,1993,nan,nan,nan,nan,nan,nan,nan,nan,nan
1995,AC007036.2,1994,nan,nan,nan,nan,nan,nan,nan,nan,nan
1996,AC007036.3,1995,nan,nan,nan,nan,nan,nan,nan,nan,nan
1997,AC007036.1,1996,nan,nan,nan,nan,nan,nan,nan,nan,nan
1998,NOD1,1997,nan,nan,nan,nan,nan,nan,nan,nan,nan
1999,MINDY4,1998,nan,nan,nan,nan,nan,nan,nan,nan,nan
2000,AC004691.1,1999,nan,nan,nan,nan,nan,nan,nan,nan,nan
2001,ITPRID1,2000,nan,nan,nan,nan,nan,nan,nan,nan,nan
2002,BBS9,2001,nan,nan,nan,nan,nan,nan,nan,nan,nan
2003,AC008080.1,2002,nan,nan,nan,nan,nan,nan,nan,nan,nan
2004,AC008080.2,2003,nan,nan,nan,nan,nan,nan,nan,nan,nan
2005,AC008080.4,2004,nan,nan,nan,nan,nan,nan,nan,nan,nan
2006,AC008080.3,2005,nan,nan,nan,nan,nan,nan,nan,nan,nan
2007,EEPD1,2006,nan,nan,nan,nan,nan,nan,nan,nan,nan
2008,AC007327.2,2007,nan,nan,nan,nan,nan,nan,nan,nan,nan
2009,ANLN,2008,nan,nan,nan,nan,nan,nan,nan,nan,nan
2010,SFRP4,2009,nan,nan,nan,nan,nan,nan,nan,nan,nan
2011,POU6F2,2010,nan,nan,nan,nan,nan,nan,nan,nan,nan
2012,SUGCT,2011,nan,nan,nan,nan,nan,nan,nan,nan,nan
2013,AC004988.1,2012,nan,nan,nan,nan,nan,nan,nan,nan,nan
2014,AC005160.1,2013,nan,nan,nan,nan,nan,nan,nan,nan,nan
2015,GLI3,2014,nan,nan,nan,nan,nan,nan,nan,nan,nan
2016,DBNL,2015,nan,nan,nan,nan,nan,nan,nan,nan,nan
2017,AC017116.1,2016,nan,nan,nan,nan,nan,nan,nan,nan,nan
2018,POLM,2017,nan,nan,nan,nan,nan,nan,nan,nan,nan
2019,AEBP1,2018,nan,nan,nan,nan,nan,nan,nan,nan,nan
2020,MYL7,2019,nan,nan,nan,nan,nan,nan,nan,nan,nan
2021,PURB,2020,nan,nan,nan,nan,nan,nan,nan,nan,nan
2022,MYO1G,2021,nan,nan,nan,nan,nan,nan,nan,nan,nan
2023,SUN3,2022,nan,nan,nan,nan,nan,nan,nan,nan,nan
2024,C7orf57,2023,nan,nan,nan,nan,nan,nan,nan,nan,nan
2025,ZPBP,2024,nan,nan,nan,nan,nan,nan,nan,nan,nan
2026,AC020743.1,2025,nan,nan,nan,nan,nan,nan,nan,nan,nan
2027,AC020743.2,2026,nan,nan,nan,nan,nan,nan,nan,nan,nan
2028,AC020743.3,2027,nan,nan,nan,nan,nan,nan,nan,nan,nan
2029,IKZF1,2028,nan,nan,nan,nan,nan,nan,nan,nan,nan
2030,AC124014.1,2029,nan,nan,nan,nan,nan,nan,nan,nan,nan
2031,VOPP1,2030,nan,nan,nan,nan,nan,nan,nan,nan,nan
2032,AC099681.1,2031,nan,nan,nan,nan,nan,nan,nan,nan,nan
2033,AC099681.3,2032,nan,nan,nan,nan,nan,nan,nan,nan,nan
2034,AC099681.2,2033,nan,nan,nan,nan,nan,nan,nan,nan,nan
2035,ZNF713,2034,nan,nan,nan,nan,nan,nan,nan,nan,nan
2036,CHCHD2,2035,nan,nan,nan,nan,nan,nan,nan,nan,nan
2037,AC006970.3,2036,nan,nan,nan,nan,nan,nan,nan,nan,nan
2038,ZNF727,2037,nan,nan,nan,nan,nan,nan,nan,nan,nan
2039,ZNF736,2038,nan,nan,nan,nan,nan,nan,nan,nan,nan
2040,ZNF680,2039,nan,nan,nan,nan,nan,nan,nan,nan,nan
2041,ZNF138,2040,nan,nan,nan,nan,nan,nan,nan,nan,nan
2042,AC073349.4,2041,nan,nan,nan,nan,nan,nan,nan,nan,nan
2043,AC073349.5,2042,nan,nan,nan,nan,nan,nan,nan,nan,nan
2044,ZNF273,2043,nan,nan,nan,nan,nan,nan,nan,nan,nan
2045,AC073349.1,2044,nan,nan,nan,nan,nan,nan,nan,nan,nan
2046,ZNF117,2045,nan,nan,nan,nan,nan,nan,nan,nan,nan
2047,ZNF92,2046,nan,nan,nan,nan,nan,nan,nan,nan,nan
2048,FZD9,2047,nan,nan,nan,nan,nan,nan,nan,nan,nan
2049,MLXIPL,2048,nan,nan,nan,nan,nan,nan,nan,nan,nan
2050,RFC2,2049,nan,nan,nan,nan,nan,nan,nan,nan,nan
2051,AC005081.1,2050,nan,nan,nan,nan,nan,nan,nan,nan,nan
2052,GTF2IRD1,2051,nan,nan,nan,nan,nan,nan,nan,nan,nan
2053,GTF2IRD2,2052,nan,nan,nan,nan,nan,nan,nan,nan,nan
2054,GTF2IRD2B,2053,nan,nan,nan,nan,nan,nan,nan,nan,nan
2055,AC211486.5,2054,nan,nan,nan,nan,nan,nan,nan,nan,nan
2056,AC211486.2,2055,nan,nan,nan,nan,nan,nan,nan,nan,nan
2057,AC211486.7,2056,nan,nan,nan,nan,nan,nan,nan,nan,nan
2058,AC211486.8,2057,nan,nan,nan,nan,nan,nan,nan,nan,nan
2059,AC211486.6,2058,nan,nan,nan,nan,nan,nan,nan,nan,nan
2060,TRIM73,2059,nan,nan,nan,nan,nan,nan,nan,nan,nan
2061,SSC4D,2060,nan,nan,nan,nan,nan,nan,nan,nan,nan
2062,AC006972.1,2061,nan,nan,nan,nan,nan,nan,nan,nan,nan
2063,AC007003.1,2062,nan,nan,nan,nan,nan,nan,nan,nan,nan
2064,GSAP,2063,nan,nan,nan,nan,nan,nan,nan,nan,nan
2065,AC004921.1,2064,nan,nan,nan,nan,nan,nan,nan,nan,nan
2066,AC004921.2,2065,nan,nan,nan,nan,nan,nan,nan,nan,nan
2067,PHTF2,2066,nan,nan,nan,nan,nan,nan,nan,nan,nan
2068,CD36,2067,nan,nan,nan,nan,nan,nan,nan,nan,nan
2069,CACNA2D1,2068,nan,nan,nan,nan,nan,nan,nan,nan,nan
2070,AC006145.1,2069,nan,nan,nan,nan,nan,nan,nan,nan,nan
2071,GRM3,2070,nan,nan,nan,nan,nan,nan,nan,nan,nan
2072,AC005009.1,2071,nan,nan,nan,nan,nan,nan,nan,nan,nan
2073,AC005009.2,2072,nan,nan,nan,nan,nan,nan,nan,nan,nan
2074,DMTF1,2073,nan,nan,nan,nan,nan,nan,nan,nan,nan
2075,ZNF804B,2074,nan,nan,nan,nan,nan,nan,nan,nan,nan
2076,STEAP1,2075,nan,nan,nan,nan,nan,nan,nan,nan,nan
2077,CDK14,2076,nan,nan,nan,nan,nan,nan,nan,nan,nan
2078,AC002458.1,2077,nan,nan,nan,nan,nan,nan,nan,nan,nan
2079,FZD1,2078,nan,nan,nan,nan,nan,nan,nan,nan,nan
2080,MTERF1,2079,nan,nan,nan,nan,nan,nan,nan,nan,nan
2081,GATAD1,2080,nan,nan,nan,nan,nan,nan,nan,nan,nan
2082,AC007566.1,2081,nan,nan,nan,nan,nan,nan,nan,nan,nan
2083,HEPACAM2,2082,nan,nan,nan,nan,nan,nan,nan,nan,nan
2084,BET1,2083,nan,nan,nan,nan,nan,nan,nan,nan,nan
2085,AC006378.1,2084,nan,nan,nan,nan,nan,nan,nan,nan,nan
2086,TMEM130,2085,nan,nan,nan,nan,nan,nan,nan,nan,nan
2087,TRRAP,2086,nan,nan,nan,nan,nan,nan,nan,nan,nan
2088,AC004893.3,2087,nan,nan,nan,nan,nan,nan,nan,nan,nan
2089,BUD31,2088,nan,nan,nan,nan,nan,nan,nan,nan,nan
2090,CPSF4,2089,nan,nan,nan,nan,nan,nan,nan,nan,nan
2091,ZNF789,2090,nan,nan,nan,nan,nan,nan,nan,nan,nan
2092,ZNF394,2091,nan,nan,nan,nan,nan,nan,nan,nan,nan
2093,ZKSCAN5,2092,nan,nan,nan,nan,nan,nan,nan,nan,nan
2094,FAM200A,2093,nan,nan,nan,nan,nan,nan,nan,nan,nan
2095,ZNF655,2094,nan,nan,nan,nan,nan,nan,nan,nan,nan
2096,ZSCAN25,2095,nan,nan,nan,nan,nan,nan,nan,nan,nan
2097,ZKSCAN1,2096,nan,nan,nan,nan,nan,nan,nan,nan,nan
2098,ZSCAN21,2097,nan,nan,nan,nan,nan,nan,nan,nan,nan
2099,ZNF3,2098,nan,nan,nan,nan,nan,nan,nan,nan,nan
2100,TAF6,2099,nan,nan,nan,nan,nan,nan,nan,nan,nan
2101,AC073842.2,2100,nan,nan,nan,nan,nan,nan,nan,nan,nan
2102,AC073842.1,2101,nan,nan,nan,nan,nan,nan,nan,nan,nan
2103,TSC22D4,2102,nan,nan,nan,nan,nan,nan,nan,nan,nan
2104,MUC12,2103,nan,nan,nan,nan,nan,nan,nan,nan,nan
2105,AC105446.1,2104,nan,nan,nan,nan,nan,nan,nan,nan,nan
2106,CUX1,2105,nan,nan,nan,nan,nan,nan,nan,nan,nan
2107,AC005096.1,2106,nan,nan,nan,nan,nan,nan,nan,nan,nan
2108,AC005072.1,2107,nan,nan,nan,nan,nan,nan,nan,nan,nan
2109,AC005086.2,2108,nan,nan,nan,nan,nan,nan,nan,nan,nan
2110,SPDYE6,2109,nan,nan,nan,nan,nan,nan,nan,nan,nan
2111,POLR2J,2110,nan,nan,nan,nan,nan,nan,nan,nan,nan
2112,DNAJC2,2111,nan,nan,nan,nan,nan,nan,nan,nan,nan
2113,RELN,2112,nan,nan,nan,nan,nan,nan,nan,nan,nan
2114,PIK3CG,2113,nan,nan,nan,nan,nan,nan,nan,nan,nan
2115,HBP1,2114,nan,nan,nan,nan,nan,nan,nan,nan,nan
2116,SLC26A4,2115,nan,nan,nan,nan,nan,nan,nan,nan,nan
2117,AC002467.1,2116,nan,nan,nan,nan,nan,nan,nan,nan,nan
2118,CBLL1,2117,nan,nan,nan,nan,nan,nan,nan,nan,nan
2119,SLC26A3,2118,nan,nan,nan,nan,nan,nan,nan,nan,nan
2120,THAP5,2119,nan,nan,nan,nan,nan,nan,nan,nan,nan
2121,DOCK4,2120,nan,nan,nan,nan,nan,nan,nan,nan,nan
2122,AC003077.1,2121,nan,nan,nan,nan,nan,nan,nan,nan,nan
2123,ZNF277,2122,nan,nan,nan,nan,nan,nan,nan,nan,nan
2124,BMT2,2123,nan,nan,nan,nan,nan,nan,nan,nan,nan
2125,AC018464.1,2124,nan,nan,nan,nan,nan,nan,nan,nan,nan
2126,GPR85,2125,nan,nan,nan,nan,nan,nan,nan,nan,nan
2127,FOXP2,2126,nan,nan,nan,nan,nan,nan,nan,nan,nan
2128,AC073626.1,2127,nan,nan,nan,nan,nan,nan,nan,nan,nan
2129,TFEC,2128,nan,nan,nan,nan,nan,nan,nan,nan,nan
2130,AC073130.2,2129,nan,nan,nan,nan,nan,nan,nan,nan,nan
2131,AC073130.1,2130,nan,nan,nan,nan,nan,nan,nan,nan,nan
2132,CAV2,2131,nan,nan,nan,nan,nan,nan,nan,nan,nan
2133,AC006159.1,2132,nan,nan,nan,nan,nan,nan,nan,nan,nan
2134,AC006159.2,2133,nan,nan,nan,nan,nan,nan,nan,nan,nan
2135,MET,2134,nan,nan,nan,nan,nan,nan,nan,nan,nan
2136,CFTR,2135,nan,nan,nan,nan,nan,nan,nan,nan,nan
2137,AC000061.1,2136,nan,nan,nan,nan,nan,nan,nan,nan,nan
2138,AC004946.1,2137,nan,nan,nan,nan,nan,nan,nan,nan,nan
2139,AC004946.2,2138,nan,nan,nan,nan,nan,nan,nan,nan,nan
2140,KCND2,2139,nan,nan,nan,nan,nan,nan,nan,nan,nan
2141,FEZF1,2140,nan,nan,nan,nan,nan,nan,nan,nan,nan
2142,POT1,2141,nan,nan,nan,nan,nan,nan,nan,nan,nan
2143,GRM8,2142,nan,nan,nan,nan,nan,nan,nan,nan,nan
2144,AC002057.2,2143,nan,nan,nan,nan,nan,nan,nan,nan,nan
2145,AC002057.1,2144,nan,nan,nan,nan,nan,nan,nan,nan,nan
2146,ZNF800,2145,nan,nan,nan,nan,nan,nan,nan,nan,nan
2147,FAM71F1,2146,nan,nan,nan,nan,nan,nan,nan,nan,nan
2148,FLNC,2147,nan,nan,nan,nan,nan,nan,nan,nan,nan
2149,IRF5,2148,nan,nan,nan,nan,nan,nan,nan,nan,nan
2150,NRF1,2149,nan,nan,nan,nan,nan,nan,nan,nan,nan
2151,CPA2,2150,nan,nan,nan,nan,nan,nan,nan,nan,nan
2152,AC008264.2,2151,nan,nan,nan,nan,nan,nan,nan,nan,nan
2153,PODXL,2152,nan,nan,nan,nan,nan,nan,nan,nan,nan
2154,PLXNA4,2153,nan,nan,nan,nan,nan,nan,nan,nan,nan
2155,AC011625.1,2154,nan,nan,nan,nan,nan,nan,nan,nan,nan
2156,AC009365.1,2155,nan,nan,nan,nan,nan,nan,nan,nan,nan
2157,AC009365.3,2156,nan,nan,nan,nan,nan,nan,nan,nan,nan
2158,CHCHD3,2157,nan,nan,nan,nan,nan,nan,nan,nan,nan
2159,AC009365.4,2158,nan,nan,nan,nan,nan,nan,nan,nan,nan
2160,LRGUK,2159,nan,nan,nan,nan,nan,nan,nan,nan,nan
2161,AC008154.2,2160,nan,nan,nan,nan,nan,nan,nan,nan,nan
2162,AC008154.1,2161,nan,nan,nan,nan,nan,nan,nan,nan,nan
2163,TMEM140,2162,nan,nan,nan,nan,nan,nan,nan,nan,nan
2164,AC083862.2,2163,nan,nan,nan,nan,nan,nan,nan,nan,nan
2165,AC083862.3,2164,nan,nan,nan,nan,nan,nan,nan,nan,nan
2166,CNOT4,2165,nan,nan,nan,nan,nan,nan,nan,nan,nan
2167,AC015987.1,2166,nan,nan,nan,nan,nan,nan,nan,nan,nan
2168,MTPN,2167,nan,nan,nan,nan,nan,nan,nan,nan,nan
2169,CHRM2,2168,nan,nan,nan,nan,nan,nan,nan,nan,nan
2170,CREB3L2,2169,nan,nan,nan,nan,nan,nan,nan,nan,nan
2171,TRIM24,2170,nan,nan,nan,nan,nan,nan,nan,nan,nan
2172,KIAA1549,2171,nan,nan,nan,nan,nan,nan,nan,nan,nan
2173,ZC3HAV1,2172,nan,nan,nan,nan,nan,nan,nan,nan,nan
2174,FMC1,2173,nan,nan,nan,nan,nan,nan,nan,nan,nan
2175,HIPK2,2174,nan,nan,nan,nan,nan,nan,nan,nan,nan
2176,PARP12,2175,nan,nan,nan,nan,nan,nan,nan,nan,nan
2177,MKRN1,2176,nan,nan,nan,nan,nan,nan,nan,nan,nan
2178,ARHGEF5,2177,nan,nan,nan,nan,nan,nan,nan,nan,nan
2179,CUL1,2178,nan,nan,nan,nan,nan,nan,nan,nan,nan
2180,EZH2,2179,nan,nan,nan,nan,nan,nan,nan,nan,nan
2181,AC073140.2,2180,nan,nan,nan,nan,nan,nan,nan,nan,nan
2182,AC073140.1,2181,nan,nan,nan,nan,nan,nan,nan,nan,nan
2183,ZNF786,2182,nan,nan,nan,nan,nan,nan,nan,nan,nan
2184,ZNF425,2183,nan,nan,nan,nan,nan,nan,nan,nan,nan
2185,ZNF398,2184,nan,nan,nan,nan,nan,nan,nan,nan,nan
2186,ZNF282,2185,nan,nan,nan,nan,nan,nan,nan,nan,nan
2187,ZNF212,2186,nan,nan,nan,nan,nan,nan,nan,nan,nan
2188,ZNF783,2187,nan,nan,nan,nan,nan,nan,nan,nan,nan
2189,ZNF777,2188,nan,nan,nan,nan,nan,nan,nan,nan,nan
2190,ZNF467,2189,nan,nan,nan,nan,nan,nan,nan,nan,nan
2191,ZNF862,2190,nan,nan,nan,nan,nan,nan,nan,nan,nan
2192,AC004877.1,2191,nan,nan,nan,nan,nan,nan,nan,nan,nan
2193,LRRC61,2192,nan,nan,nan,nan,nan,nan,nan,nan,nan
2194,ZNF775,2193,nan,nan,nan,nan,nan,nan,nan,nan,nan
2195,AC073111.1,2194,nan,nan,nan,nan,nan,nan,nan,nan,nan
2196,AC073111.4,2195,nan,nan,nan,nan,nan,nan,nan,nan,nan
2197,GIMAP8,2196,nan,nan,nan,nan,nan,nan,nan,nan,nan
2198,GIMAP4,2197,nan,nan,nan,nan,nan,nan,nan,nan,nan
2199,CDK5,2198,nan,nan,nan,nan,nan,nan,nan,nan,nan
2200,SMARCD3,2199,nan,nan,nan,nan,nan,nan,nan,nan,nan
2201,AC074257.1,2200,nan,nan,nan,nan,nan,nan,nan,nan,nan
2202,GALNTL5,2201,nan,nan,nan,nan,nan,nan,nan,nan,nan
2203,KMT2C,2202,nan,nan,nan,nan,nan,nan,nan,nan,nan
2204,ACTR3B,2203,nan,nan,nan,nan,nan,nan,nan,nan,nan
2205,AC005998.1,2204,nan,nan,nan,nan,nan,nan,nan,nan,nan
2206,DPP6,2205,nan,nan,nan,nan,nan,nan,nan,nan,nan
2207,AC006019.3,2206,nan,nan,nan,nan,nan,nan,nan,nan,nan
2208,AC006019.1,2207,nan,nan,nan,nan,nan,nan,nan,nan,nan
2209,AC006019.2,2208,nan,nan,nan,nan,nan,nan,nan,nan,nan
2210,PAXIP1,2209,nan,nan,nan,nan,nan,nan,nan,nan,nan
2211,AC093726.1,2210,nan,nan,nan,nan,nan,nan,nan,nan,nan
2212,AC093726.2,2211,nan,nan,nan,nan,nan,nan,nan,nan,nan
2213,VIPR2,2212,nan,nan,nan,nan,nan,nan,nan,nan,nan
2214,AC007269.1,2213,nan,nan,nan,nan,nan,nan,nan,nan,nan
2215,ZNF596,2214,nan,nan,nan,nan,nan,nan,nan,nan,nan
2216,AC136777.1,2215,nan,nan,nan,nan,nan,nan,nan,nan,nan
2217,AC016065.1,2216,nan,nan,nan,nan,nan,nan,nan,nan,nan
2218,MCPH1,2217,nan,nan,nan,nan,nan,nan,nan,nan,nan
2219,AC018398.1,2218,nan,nan,nan,nan,nan,nan,nan,nan,nan
2220,AF287957.1,2219,nan,nan,nan,nan,nan,nan,nan,nan,nan
2221,AC034111.2,2220,nan,nan,nan,nan,nan,nan,nan,nan,nan
2222,AC034111.1,2221,nan,nan,nan,nan,nan,nan,nan,nan,nan
2223,AC023385.1,2222,nan,nan,nan,nan,nan,nan,nan,nan,nan
2224,AC079200.1,2223,nan,nan,nan,nan,nan,nan,nan,nan,nan
2225,AC105001.1,2224,nan,nan,nan,nan,nan,nan,nan,nan,nan
2226,CNOT7,2225,nan,nan,nan,nan,nan,nan,nan,nan,nan
2227,LZTS1,2226,nan,nan,nan,nan,nan,nan,nan,nan,nan
2228,NPM2,2227,nan,nan,nan,nan,nan,nan,nan,nan,nan
2229,FGF17,2228,nan,nan,nan,nan,nan,nan,nan,nan,nan
2230,HR,2229,nan,nan,nan,nan,nan,nan,nan,nan,nan
2231,SORBS3,2230,nan,nan,nan,nan,nan,nan,nan,nan,nan
2232,AC037459.4,2231,nan,nan,nan,nan,nan,nan,nan,nan,nan
2233,AC037459.3,2232,nan,nan,nan,nan,nan,nan,nan,nan,nan
2234,AC037459.2,2233,nan,nan,nan,nan,nan,nan,nan,nan,nan
2235,AC107959.1,2234,nan,nan,nan,nan,nan,nan,nan,nan,nan
2236,RHOBTB2,2235,nan,nan,nan,nan,nan,nan,nan,nan,nan
2237,AC107959.2,2236,nan,nan,nan,nan,nan,nan,nan,nan,nan
2238,AC107959.3,2237,nan,nan,nan,nan,nan,nan,nan,nan,nan
2239,TNFRSF10C,2238,nan,nan,nan,nan,nan,nan,nan,nan,nan
2240,TNFRSF10A,2239,nan,nan,nan,nan,nan,nan,nan,nan,nan
2241,AC100861.1,2240,nan,nan,nan,nan,nan,nan,nan,nan,nan
2242,AC100861.2,2241,nan,nan,nan,nan,nan,nan,nan,nan,nan
2243,R3HCC1,2242,nan,nan,nan,nan,nan,nan,nan,nan,nan
2244,AC090197.1,2243,nan,nan,nan,nan,nan,nan,nan,nan,nan
2245,STC1,2244,nan,nan,nan,nan,nan,nan,nan,nan,nan
2246,NEFM,2245,nan,nan,nan,nan,nan,nan,nan,nan,nan
2247,NEFL,2246,nan,nan,nan,nan,nan,nan,nan,nan,nan
2248,AC107373.2,2247,nan,nan,nan,nan,nan,nan,nan,nan,nan
2249,AC107373.1,2248,nan,nan,nan,nan,nan,nan,nan,nan,nan
2250,AC107373.3,2249,nan,nan,nan,nan,nan,nan,nan,nan,nan
2251,CDCA2,2250,nan,nan,nan,nan,nan,nan,nan,nan,nan
2252,EBF2,2251,nan,nan,nan,nan,nan,nan,nan,nan,nan
2253,CLU,2252,nan,nan,nan,nan,nan,nan,nan,nan,nan
2254,PNOC,2253,nan,nan,nan,nan,nan,nan,nan,nan,nan
2255,ZNF395,2254,nan,nan,nan,nan,nan,nan,nan,nan,nan
2256,AC025871.3,2255,nan,nan,nan,nan,nan,nan,nan,nan,nan
2257,AC025871.2,2256,nan,nan,nan,nan,nan,nan,nan,nan,nan
2258,AC025871.1,2257,nan,nan,nan,nan,nan,nan,nan,nan,nan
2259,HMBOX1,2258,nan,nan,nan,nan,nan,nan,nan,nan,nan
2260,AC108449.2,2259,nan,nan,nan,nan,nan,nan,nan,nan,nan
2261,KIF13B,2260,nan,nan,nan,nan,nan,nan,nan,nan,nan
2262,AC108449.3,2261,nan,nan,nan,nan,nan,nan,nan,nan,nan
2263,AC108449.1,2262,nan,nan,nan,nan,nan,nan,nan,nan,nan
2264,GTF2E2,2263,nan,nan,nan,nan,nan,nan,nan,nan,nan
2265,PURG,2264,nan,nan,nan,nan,nan,nan,nan,nan,nan
2266,WRN,2265,nan,nan,nan,nan,nan,nan,nan,nan,nan
2267,AC009563.1,2266,nan,nan,nan,nan,nan,nan,nan,nan,nan
2268,NRG1,2267,nan,nan,nan,nan,nan,nan,nan,nan,nan
2269,AC068931.1,2268,nan,nan,nan,nan,nan,nan,nan,nan,nan
2270,ZNF703,2269,nan,nan,nan,nan,nan,nan,nan,nan,nan
2271,BRF2,2270,nan,nan,nan,nan,nan,nan,nan,nan,nan
2272,AC084024.1,2271,nan,nan,nan,nan,nan,nan,nan,nan,nan
2273,STAR,2272,nan,nan,nan,nan,nan,nan,nan,nan,nan
2274,AC084024.3,2273,nan,nan,nan,nan,nan,nan,nan,nan,nan
2275,AC084024.4,2274,nan,nan,nan,nan,nan,nan,nan,nan,nan
2276,ADAM18,2275,nan,nan,nan,nan,nan,nan,nan,nan,nan
2277,IDO2,2276,nan,nan,nan,nan,nan,nan,nan,nan,nan
2278,AC087518.1,2277,nan,nan,nan,nan,nan,nan,nan,nan,nan
2279,ZMAT4,2278,nan,nan,nan,nan,nan,nan,nan,nan,nan
2280,AC048387.1,2279,nan,nan,nan,nan,nan,nan,nan,nan,nan
2281,AC009630.1,2280,nan,nan,nan,nan,nan,nan,nan,nan,nan
2282,GINS4,2281,nan,nan,nan,nan,nan,nan,nan,nan,nan
2283,AC009630.2,2282,nan,nan,nan,nan,nan,nan,nan,nan,nan
2284,AC009630.4,2283,nan,nan,nan,nan,nan,nan,nan,nan,nan
2285,GPAT4,2284,nan,nan,nan,nan,nan,nan,nan,nan,nan
2286,AC009630.3,2285,nan,nan,nan,nan,nan,nan,nan,nan,nan
2287,ANK1,2286,nan,nan,nan,nan,nan,nan,nan,nan,nan
2288,AC113133.1,2287,nan,nan,nan,nan,nan,nan,nan,nan,nan
2289,AC027702.1,2288,nan,nan,nan,nan,nan,nan,nan,nan,nan
2290,KAT6A,2289,nan,nan,nan,nan,nan,nan,nan,nan,nan
2291,POLB,2290,nan,nan,nan,nan,nan,nan,nan,nan,nan
2292,THAP1,2291,nan,nan,nan,nan,nan,nan,nan,nan,nan
2293,CEBPD,2292,nan,nan,nan,nan,nan,nan,nan,nan,nan
2294,ST18,2293,nan,nan,nan,nan,nan,nan,nan,nan,nan
2295,AC021915.2,2294,nan,nan,nan,nan,nan,nan,nan,nan,nan
2296,AC021915.1,2295,nan,nan,nan,nan,nan,nan,nan,nan,nan
2297,AC103831.1,2296,nan,nan,nan,nan,nan,nan,nan,nan,nan
2298,RB1CC1,2297,nan,nan,nan,nan,nan,nan,nan,nan,nan
2299,AC113139.1,2298,nan,nan,nan,nan,nan,nan,nan,nan,nan
2300,TGS1,2299,nan,nan,nan,nan,nan,nan,nan,nan,nan
2301,PLAG1,2300,nan,nan,nan,nan,nan,nan,nan,nan,nan
2302,TOX,2301,nan,nan,nan,nan,nan,nan,nan,nan,nan
2303,CHD7,2302,nan,nan,nan,nan,nan,nan,nan,nan,nan
2304,AC113143.1,2303,nan,nan,nan,nan,nan,nan,nan,nan,nan
2305,AC113143.3,2304,nan,nan,nan,nan,nan,nan,nan,nan,nan
2306,AC022182.1,2305,nan,nan,nan,nan,nan,nan,nan,nan,nan
2307,AC022182.2,2306,nan,nan,nan,nan,nan,nan,nan,nan,nan
2308,CLVS1,2307,nan,nan,nan,nan,nan,nan,nan,nan,nan
2309,MYBL1,2308,nan,nan,nan,nan,nan,nan,nan,nan,nan
2310,SGK3,2309,nan,nan,nan,nan,nan,nan,nan,nan,nan
2311,TCF24,2310,nan,nan,nan,nan,nan,nan,nan,nan,nan
2312,PREX2,2311,nan,nan,nan,nan,nan,nan,nan,nan,nan
2313,NCOA2,2312,nan,nan,nan,nan,nan,nan,nan,nan,nan
2314,AC022730.3,2313,nan,nan,nan,nan,nan,nan,nan,nan,nan
2315,AC022730.4,2314,nan,nan,nan,nan,nan,nan,nan,nan,nan
2316,EYA1,2315,nan,nan,nan,nan,nan,nan,nan,nan,nan
2317,AC009446.1,2316,nan,nan,nan,nan,nan,nan,nan,nan,nan
2318,TERF1,2317,nan,nan,nan,nan,nan,nan,nan,nan,nan
2319,AC100823.1,2318,nan,nan,nan,nan,nan,nan,nan,nan,nan
2320,C8orf89,2319,nan,nan,nan,nan,nan,nan,nan,nan,nan
2321,RPL7,2320,nan,nan,nan,nan,nan,nan,nan,nan,nan
2322,GDAP1,2321,nan,nan,nan,nan,nan,nan,nan,nan,nan
2323,AC103952.1,2322,nan,nan,nan,nan,nan,nan,nan,nan,nan
2324,HNF4G,2323,nan,nan,nan,nan,nan,nan,nan,nan,nan
2325,ZFHX4,2324,nan,nan,nan,nan,nan,nan,nan,nan,nan
2326,AC023200.1,2325,nan,nan,nan,nan,nan,nan,nan,nan,nan
2327,MRPS28,2326,nan,nan,nan,nan,nan,nan,nan,nan,nan
2328,AC009686.2,2327,nan,nan,nan,nan,nan,nan,nan,nan,nan
2329,AC009686.1,2328,nan,nan,nan,nan,nan,nan,nan,nan,nan
2330,AC009812.1,2329,nan,nan,nan,nan,nan,nan,nan,nan,nan
2331,ZBTB10,2330,nan,nan,nan,nan,nan,nan,nan,nan,nan
2332,AC009812.3,2331,nan,nan,nan,nan,nan,nan,nan,nan,nan
2333,AC009812.4,2332,nan,nan,nan,nan,nan,nan,nan,nan,nan
2334,ZNF704,2333,nan,nan,nan,nan,nan,nan,nan,nan,nan
2335,FABP4,2334,nan,nan,nan,nan,nan,nan,nan,nan,nan
2336,AC023644.1,2335,nan,nan,nan,nan,nan,nan,nan,nan,nan
2337,FABP12,2336,nan,nan,nan,nan,nan,nan,nan,nan,nan
2338,AC132219.1,2337,nan,nan,nan,nan,nan,nan,nan,nan,nan
2339,SNX16,2338,nan,nan,nan,nan,nan,nan,nan,nan,nan
2340,AC011773.4,2339,nan,nan,nan,nan,nan,nan,nan,nan,nan
2341,E2F5,2340,nan,nan,nan,nan,nan,nan,nan,nan,nan
2342,AC011773.1,2341,nan,nan,nan,nan,nan,nan,nan,nan,nan
2343,AC011773.3,2342,nan,nan,nan,nan,nan,nan,nan,nan,nan
2344,AC011773.2,2343,nan,nan,nan,nan,nan,nan,nan,nan,nan
2345,RIPK2,2344,nan,nan,nan,nan,nan,nan,nan,nan,nan
2346,AC103770.1,2345,nan,nan,nan,nan,nan,nan,nan,nan,nan
2347,C8orf88,2346,nan,nan,nan,nan,nan,nan,nan,nan,nan
2348,RUNX1T1,2347,nan,nan,nan,nan,nan,nan,nan,nan,nan
2349,AF181450.1,2348,nan,nan,nan,nan,nan,nan,nan,nan,nan
2350,CDH17,2349,nan,nan,nan,nan,nan,nan,nan,nan,nan
2351,FSBP,2350,nan,nan,nan,nan,nan,nan,nan,nan,nan
2352,AC023632.5,2351,nan,nan,nan,nan,nan,nan,nan,nan,nan
2353,AC023632.2,2352,nan,nan,nan,nan,nan,nan,nan,nan,nan
2354,AP003465.2,2353,nan,nan,nan,nan,nan,nan,nan,nan,nan
2355,UQCRB,2354,nan,nan,nan,nan,nan,nan,nan,nan,nan
2356,AP003465.1,2355,nan,nan,nan,nan,nan,nan,nan,nan,nan
2357,MTERF3,2356,nan,nan,nan,nan,nan,nan,nan,nan,nan
2358,RPL30,2357,nan,nan,nan,nan,nan,nan,nan,nan,nan
2359,AP003352.1,2358,nan,nan,nan,nan,nan,nan,nan,nan,nan
2360,ERICH5,2359,nan,nan,nan,nan,nan,nan,nan,nan,nan
2361,STK3,2360,nan,nan,nan,nan,nan,nan,nan,nan,nan
2362,AP003355.2,2361,nan,nan,nan,nan,nan,nan,nan,nan,nan
2363,VPS13B,2362,nan,nan,nan,nan,nan,nan,nan,nan,nan
2364,AC018442.2,2363,nan,nan,nan,nan,nan,nan,nan,nan,nan
2365,AC105328.1,2364,nan,nan,nan,nan,nan,nan,nan,nan,nan
2366,POLR2K,2365,nan,nan,nan,nan,nan,nan,nan,nan,nan
2367,AP003469.2,2366,nan,nan,nan,nan,nan,nan,nan,nan,nan
2368,AP003469.1,2367,nan,nan,nan,nan,nan,nan,nan,nan,nan
2369,AP003469.3,2368,nan,nan,nan,nan,nan,nan,nan,nan,nan
2370,AP003469.4,2369,nan,nan,nan,nan,nan,nan,nan,nan,nan
2371,ZNF706,2370,nan,nan,nan,nan,nan,nan,nan,nan,nan
2372,AP001330.4,2371,nan,nan,nan,nan,nan,nan,nan,nan,nan
2373,AP001330.5,2372,nan,nan,nan,nan,nan,nan,nan,nan,nan
2374,AP001330.1,2373,nan,nan,nan,nan,nan,nan,nan,nan,nan
2375,GRHL2,2374,nan,nan,nan,nan,nan,nan,nan,nan,nan
2376,NCALD,2375,nan,nan,nan,nan,nan,nan,nan,nan,nan
2377,AP000426.1,2376,nan,nan,nan,nan,nan,nan,nan,nan,nan
2378,AP002852.1,2377,nan,nan,nan,nan,nan,nan,nan,nan,nan
2379,ODF1,2378,nan,nan,nan,nan,nan,nan,nan,nan,nan
2380,KLF10,2379,nan,nan,nan,nan,nan,nan,nan,nan,nan
2381,AC025370.1,2380,nan,nan,nan,nan,nan,nan,nan,nan,nan
2382,FZD6,2381,nan,nan,nan,nan,nan,nan,nan,nan,nan
2383,AC025370.2,2382,nan,nan,nan,nan,nan,nan,nan,nan,nan
2384,CTHRC1,2383,nan,nan,nan,nan,nan,nan,nan,nan,nan
2385,ZFPM2,2384,nan,nan,nan,nan,nan,nan,nan,nan,nan
2386,EIF3E,2385,nan,nan,nan,nan,nan,nan,nan,nan,nan
2387,AC087620.1,2386,nan,nan,nan,nan,nan,nan,nan,nan,nan
2388,PKHD1L1,2387,nan,nan,nan,nan,nan,nan,nan,nan,nan
2389,CSMD3,2388,nan,nan,nan,nan,nan,nan,nan,nan,nan
2390,AC024996.1,2389,nan,nan,nan,nan,nan,nan,nan,nan,nan
2391,TRPS1,2390,nan,nan,nan,nan,nan,nan,nan,nan,nan
2392,AF178030.1,2391,nan,nan,nan,nan,nan,nan,nan,nan,nan
2393,RAD21,2392,nan,nan,nan,nan,nan,nan,nan,nan,nan
2394,MAL2,2393,nan,nan,nan,nan,nan,nan,nan,nan,nan
2395,TAF2,2394,nan,nan,nan,nan,nan,nan,nan,nan,nan
2396,AP005717.2,2395,nan,nan,nan,nan,nan,nan,nan,nan,nan
2397,AP005717.1,2396,nan,nan,nan,nan,nan,nan,nan,nan,nan
2398,DEPTOR,2397,nan,nan,nan,nan,nan,nan,nan,nan,nan
2399,HAS2,2398,nan,nan,nan,nan,nan,nan,nan,nan,nan
2400,AC016405.3,2399,nan,nan,nan,nan,nan,nan,nan,nan,nan
2401,AC016405.2,2400,nan,nan,nan,nan,nan,nan,nan,nan,nan
2402,ZHX2,2401,nan,nan,nan,nan,nan,nan,nan,nan,nan
2403,AC016405.1,2402,nan,nan,nan,nan,nan,nan,nan,nan,nan
2404,ZHX1,2403,nan,nan,nan,nan,nan,nan,nan,nan,nan
2405,WDYHV1,2404,nan,nan,nan,nan,nan,nan,nan,nan,nan
2406,AC090193.1,2405,nan,nan,nan,nan,nan,nan,nan,nan,nan
2407,FER1L6,2406,nan,nan,nan,nan,nan,nan,nan,nan,nan
2408,AC100871.2,2407,nan,nan,nan,nan,nan,nan,nan,nan,nan
2409,ZNF572,2408,nan,nan,nan,nan,nan,nan,nan,nan,nan
2410,TRIB1,2409,nan,nan,nan,nan,nan,nan,nan,nan,nan
2411,AC091114.1,2410,nan,nan,nan,nan,nan,nan,nan,nan,nan
2412,MYC,2411,nan,nan,nan,nan,nan,nan,nan,nan,nan
2413,HHLA1,2412,nan,nan,nan,nan,nan,nan,nan,nan,nan
2414,TMEM71,2413,nan,nan,nan,nan,nan,nan,nan,nan,nan
2415,ZFAT,2414,nan,nan,nan,nan,nan,nan,nan,nan,nan
2416,AC087045.2,2415,nan,nan,nan,nan,nan,nan,nan,nan,nan
2417,TRAPPC9,2416,nan,nan,nan,nan,nan,nan,nan,nan,nan
2418,CHRAC1,2417,nan,nan,nan,nan,nan,nan,nan,nan,nan
2419,DENND3,2418,nan,nan,nan,nan,nan,nan,nan,nan,nan
2420,AC040970.1,2419,nan,nan,nan,nan,nan,nan,nan,nan,nan
2421,SLC45A4,2420,nan,nan,nan,nan,nan,nan,nan,nan,nan
2422,AC011676.1,2421,nan,nan,nan,nan,nan,nan,nan,nan,nan
2423,AC011676.2,2422,nan,nan,nan,nan,nan,nan,nan,nan,nan
2424,AC011676.3,2423,nan,nan,nan,nan,nan,nan,nan,nan,nan
2425,AC011676.4,2424,nan,nan,nan,nan,nan,nan,nan,nan,nan
2426,ARC,2425,nan,nan,nan,nan,nan,nan,nan,nan,nan
2427,JRK,2426,nan,nan,nan,nan,nan,nan,nan,nan,nan
2428,GML,2427,nan,nan,nan,nan,nan,nan,nan,nan,nan
2429,ZFP41,2428,nan,nan,nan,nan,nan,nan,nan,nan,nan
2430,GLI4,2429,nan,nan,nan,nan,nan,nan,nan,nan,nan
2431,ZNF696,2430,nan,nan,nan,nan,nan,nan,nan,nan,nan
2432,AC138696.2,2431,nan,nan,nan,nan,nan,nan,nan,nan,nan
2433,ZC3H3,2432,nan,nan,nan,nan,nan,nan,nan,nan,nan
2434,AC067930.8,2433,nan,nan,nan,nan,nan,nan,nan,nan,nan
2435,AC067930.3,2434,nan,nan,nan,nan,nan,nan,nan,nan,nan
2436,AC067930.4,2435,nan,nan,nan,nan,nan,nan,nan,nan,nan
2437,AC067930.1,2436,nan,nan,nan,nan,nan,nan,nan,nan,nan
2438,TIGD5,2437,nan,nan,nan,nan,nan,nan,nan,nan,nan
2439,AC067930.2,2438,nan,nan,nan,nan,nan,nan,nan,nan,nan
2440,ZNF623,2439,nan,nan,nan,nan,nan,nan,nan,nan,nan
2441,ZNF707,2440,nan,nan,nan,nan,nan,nan,nan,nan,nan
2442,PARP10,2441,nan,nan,nan,nan,nan,nan,nan,nan,nan
2443,SCX,2442,nan,nan,nan,nan,nan,nan,nan,nan,nan
2444,HSF1,2443,nan,nan,nan,nan,nan,nan,nan,nan,nan
2445,TONSL,2444,nan,nan,nan,nan,nan,nan,nan,nan,nan
2446,ZNF251,2445,nan,nan,nan,nan,nan,nan,nan,nan,nan
2447,ZNF34,2446,nan,nan,nan,nan,nan,nan,nan,nan,nan
2448,ZNF517,2447,nan,nan,nan,nan,nan,nan,nan,nan,nan
2449,ZNF7,2448,nan,nan,nan,nan,nan,nan,nan,nan,nan
2450,AF235103.3,2449,nan,nan,nan,nan,nan,nan,nan,nan,nan
2451,ZNF250,2450,nan,nan,nan,nan,nan,nan,nan,nan,nan
2452,ZNF16,2451,nan,nan,nan,nan,nan,nan,nan,nan,nan
2453,AF235103.1,2452,nan,nan,nan,nan,nan,nan,nan,nan,nan
2454,AL158832.2,2453,nan,nan,nan,nan,nan,nan,nan,nan,nan
2455,DOCK8,2454,nan,nan,nan,nan,nan,nan,nan,nan,nan
2456,AL158832.1,2455,nan,nan,nan,nan,nan,nan,nan,nan,nan
2457,DMRT1,2456,nan,nan,nan,nan,nan,nan,nan,nan,nan
2458,SMARCA2,2457,nan,nan,nan,nan,nan,nan,nan,nan,nan
2459,AL359076.1,2458,nan,nan,nan,nan,nan,nan,nan,nan,nan
2460,PUM3,2459,nan,nan,nan,nan,nan,nan,nan,nan,nan
2461,RFX3,2460,nan,nan,nan,nan,nan,nan,nan,nan,nan
2462,GLIS3,2461,nan,nan,nan,nan,nan,nan,nan,nan,nan
2463,AL137071.1,2462,nan,nan,nan,nan,nan,nan,nan,nan,nan
2464,JAK2,2463,nan,nan,nan,nan,nan,nan,nan,nan,nan
2465,INSL6,2464,nan,nan,nan,nan,nan,nan,nan,nan,nan
2466,MLANA,2465,nan,nan,nan,nan,nan,nan,nan,nan,nan
2467,UHRF2,2466,nan,nan,nan,nan,nan,nan,nan,nan,nan
2468,PTPRD,2467,nan,nan,nan,nan,nan,nan,nan,nan,nan
2469,AL583805.2,2468,nan,nan,nan,nan,nan,nan,nan,nan,nan
2470,AL596451.1,2469,nan,nan,nan,nan,nan,nan,nan,nan,nan
2471,AL135790.1,2470,nan,nan,nan,nan,nan,nan,nan,nan,nan
2472,AL161449.2,2471,nan,nan,nan,nan,nan,nan,nan,nan,nan
2473,MPDZ,2472,nan,nan,nan,nan,nan,nan,nan,nan,nan
2474,NFIB,2473,nan,nan,nan,nan,nan,nan,nan,nan,nan
2475,BNC2,2474,nan,nan,nan,nan,nan,nan,nan,nan,nan
2476,AL449983.1,2475,nan,nan,nan,nan,nan,nan,nan,nan,nan
2477,AL450003.1,2476,nan,nan,nan,nan,nan,nan,nan,nan,nan
2478,DENND4C,2477,nan,nan,nan,nan,nan,nan,nan,nan,nan
2479,AL161909.2,2478,nan,nan,nan,nan,nan,nan,nan,nan,nan
2480,ACER2,2479,nan,nan,nan,nan,nan,nan,nan,nan,nan
2481,AL158206.1,2480,nan,nan,nan,nan,nan,nan,nan,nan,nan
2482,SLC24A2,2481,nan,nan,nan,nan,nan,nan,nan,nan,nan
2483,AL158077.2,2482,nan,nan,nan,nan,nan,nan,nan,nan,nan
2484,MLLT3,2483,nan,nan,nan,nan,nan,nan,nan,nan,nan
2485,CDKN2A,2484,nan,nan,nan,nan,nan,nan,nan,nan,nan
2486,AL449423.1,2485,nan,nan,nan,nan,nan,nan,nan,nan,nan
2487,DMRTA1,2486,nan,nan,nan,nan,nan,nan,nan,nan,nan
2488,AL445623.2,2487,nan,nan,nan,nan,nan,nan,nan,nan,nan
2489,AL445623.1,2488,nan,nan,nan,nan,nan,nan,nan,nan,nan
2490,ELAVL2,2489,nan,nan,nan,nan,nan,nan,nan,nan,nan
2491,TEK,2490,nan,nan,nan,nan,nan,nan,nan,nan,nan
2492,LINGO2,2491,nan,nan,nan,nan,nan,nan,nan,nan,nan
2493,AL445526.1,2492,nan,nan,nan,nan,nan,nan,nan,nan,nan
2494,DDX58,2493,nan,nan,nan,nan,nan,nan,nan,nan,nan
2495,TOPORS,2494,nan,nan,nan,nan,nan,nan,nan,nan,nan
2496,APTX,2495,nan,nan,nan,nan,nan,nan,nan,nan,nan
2497,BAG1,2496,nan,nan,nan,nan,nan,nan,nan,nan,nan
2498,NFX1,2497,nan,nan,nan,nan,nan,nan,nan,nan,nan
2499,AL139008.2,2498,nan,nan,nan,nan,nan,nan,nan,nan,nan
2500,ANKRD18B,2499,nan,nan,nan,nan,nan,nan,nan,nan,nan
2501,AL356489.2,2500,nan,nan,nan,nan,nan,nan,nan,nan,nan
2502,AL356489.3,2501,nan,nan,nan,nan,nan,nan,nan,nan,nan
2503,AL356489.1,2502,nan,nan,nan,nan,nan,nan,nan,nan,nan
2504,AL356489.4,2503,nan,nan,nan,nan,nan,nan,nan,nan,nan
2505,PRSS3,2504,nan,nan,nan,nan,nan,nan,nan,nan,nan
2506,RUSC2,2505,nan,nan,nan,nan,nan,nan,nan,nan,nan
2507,AL133476.1,2506,nan,nan,nan,nan,nan,nan,nan,nan,nan
2508,CREB3,2507,nan,nan,nan,nan,nan,nan,nan,nan,nan
2509,SPAAR,2508,nan,nan,nan,nan,nan,nan,nan,nan,nan
2510,ZBTB5,2509,nan,nan,nan,nan,nan,nan,nan,nan,nan
2511,AL513165.1,2510,nan,nan,nan,nan,nan,nan,nan,nan,nan
2512,FBXO10,2511,nan,nan,nan,nan,nan,nan,nan,nan,nan
2513,ANKRD18A,2512,nan,nan,nan,nan,nan,nan,nan,nan,nan
2514,ZNF658,2513,nan,nan,nan,nan,nan,nan,nan,nan,nan
2515,AL353770.4,2514,nan,nan,nan,nan,nan,nan,nan,nan,nan
2516,AL353770.3,2515,nan,nan,nan,nan,nan,nan,nan,nan,nan
2517,AL353608.2,2516,nan,nan,nan,nan,nan,nan,nan,nan,nan
2518,AL353608.3,2517,nan,nan,nan,nan,nan,nan,nan,nan,nan
2519,AL353608.1,2518,nan,nan,nan,nan,nan,nan,nan,nan,nan
2520,AL162390.1,2519,nan,nan,nan,nan,nan,nan,nan,nan,nan
2521,KLF9,2520,nan,nan,nan,nan,nan,nan,nan,nan,nan
2522,GDA,2521,nan,nan,nan,nan,nan,nan,nan,nan,nan
2523,AL135924.2,2522,nan,nan,nan,nan,nan,nan,nan,nan,nan
2524,ZFAND5,2523,nan,nan,nan,nan,nan,nan,nan,nan,nan
2525,RORB,2524,nan,nan,nan,nan,nan,nan,nan,nan,nan
2526,AL137018.1,2525,nan,nan,nan,nan,nan,nan,nan,nan,nan
2527,TRPM6,2526,nan,nan,nan,nan,nan,nan,nan,nan,nan
2528,TLE4,2527,nan,nan,nan,nan,nan,nan,nan,nan,nan
2529,TLE1,2528,nan,nan,nan,nan,nan,nan,nan,nan,nan
2530,HNRNPK,2529,nan,nan,nan,nan,nan,nan,nan,nan,nan
2531,NAA35,2530,nan,nan,nan,nan,nan,nan,nan,nan,nan
2532,AL161447.2,2531,nan,nan,nan,nan,nan,nan,nan,nan,nan
2533,GAS1,2532,nan,nan,nan,nan,nan,nan,nan,nan,nan
2534,CKS2,2533,nan,nan,nan,nan,nan,nan,nan,nan,nan
2535,AL161910.1,2534,nan,nan,nan,nan,nan,nan,nan,nan,nan
2536,GADD45G,2535,nan,nan,nan,nan,nan,nan,nan,nan,nan
2537,SYK,2536,nan,nan,nan,nan,nan,nan,nan,nan,nan
2538,NFIL3,2537,nan,nan,nan,nan,nan,nan,nan,nan,nan
2539,ZNF484,2538,nan,nan,nan,nan,nan,nan,nan,nan,nan
2540,PTPDC1,2539,nan,nan,nan,nan,nan,nan,nan,nan,nan
2541,AL360020.1,2540,nan,nan,nan,nan,nan,nan,nan,nan,nan
2542,ZNF169,2541,nan,nan,nan,nan,nan,nan,nan,nan,nan
2543,AL691447.2,2542,nan,nan,nan,nan,nan,nan,nan,nan,nan
2544,MFSD14B,2543,nan,nan,nan,nan,nan,nan,nan,nan,nan
2545,AOPEP,2544,nan,nan,nan,nan,nan,nan,nan,nan,nan
2546,AL807757.1,2545,nan,nan,nan,nan,nan,nan,nan,nan,nan
2547,AL807757.2,2546,nan,nan,nan,nan,nan,nan,nan,nan,nan
2548,AL353768.1,2547,nan,nan,nan,nan,nan,nan,nan,nan,nan
2549,AL353768.2,2548,nan,nan,nan,nan,nan,nan,nan,nan,nan
2550,AL354893.2,2549,nan,nan,nan,nan,nan,nan,nan,nan,nan
2551,PTCH1,2550,nan,nan,nan,nan,nan,nan,nan,nan,nan
2552,ZNF367,2551,nan,nan,nan,nan,nan,nan,nan,nan,nan
2553,ZNF510,2552,nan,nan,nan,nan,nan,nan,nan,nan,nan
2554,ZNF782,2553,nan,nan,nan,nan,nan,nan,nan,nan,nan
2555,CCDC180,2554,nan,nan,nan,nan,nan,nan,nan,nan,nan
2556,AL512590.3,2555,nan,nan,nan,nan,nan,nan,nan,nan,nan
2557,NCBP1,2556,nan,nan,nan,nan,nan,nan,nan,nan,nan
2558,XPA,2557,nan,nan,nan,nan,nan,nan,nan,nan,nan
2559,AL445531.1,2558,nan,nan,nan,nan,nan,nan,nan,nan,nan
2560,TRIM14,2559,nan,nan,nan,nan,nan,nan,nan,nan,nan
2561,GALNT12,2560,nan,nan,nan,nan,nan,nan,nan,nan,nan
2562,NR4A3,2561,nan,nan,nan,nan,nan,nan,nan,nan,nan
2563,MSANTD3,2562,nan,nan,nan,nan,nan,nan,nan,nan,nan
2564,ZNF189,2563,nan,nan,nan,nan,nan,nan,nan,nan,nan
2565,ZNF462,2564,nan,nan,nan,nan,nan,nan,nan,nan,nan
2566,PTPN3,2565,nan,nan,nan,nan,nan,nan,nan,nan,nan
2567,SVEP1,2566,nan,nan,nan,nan,nan,nan,nan,nan,nan
2568,AL592463.1,2567,nan,nan,nan,nan,nan,nan,nan,nan,nan
2569,ZNF483,2568,nan,nan,nan,nan,nan,nan,nan,nan,nan
2570,AL135787.1,2569,nan,nan,nan,nan,nan,nan,nan,nan,nan
2571,AL138756.1,2570,nan,nan,nan,nan,nan,nan,nan,nan,nan
2572,SUSD1,2571,nan,nan,nan,nan,nan,nan,nan,nan,nan
2573,KIAA1958,2572,nan,nan,nan,nan,nan,nan,nan,nan,nan
2574,ZFP37,2573,nan,nan,nan,nan,nan,nan,nan,nan,nan
2575,RNF183,2574,nan,nan,nan,nan,nan,nan,nan,nan,nan
2576,POLE3,2575,nan,nan,nan,nan,nan,nan,nan,nan,nan
2577,ZNF618,2576,nan,nan,nan,nan,nan,nan,nan,nan,nan
2578,AKNA,2577,nan,nan,nan,nan,nan,nan,nan,nan,nan
2579,TRIM32,2578,nan,nan,nan,nan,nan,nan,nan,nan,nan
2580,TLR4,2579,nan,nan,nan,nan,nan,nan,nan,nan,nan
2581,AL160272.1,2580,nan,nan,nan,nan,nan,nan,nan,nan,nan
2582,TRAF1,2581,nan,nan,nan,nan,nan,nan,nan,nan,nan
2583,GSN,2582,nan,nan,nan,nan,nan,nan,nan,nan,nan
2584,AL513122.2,2583,nan,nan,nan,nan,nan,nan,nan,nan,nan
2585,DAB2IP,2584,nan,nan,nan,nan,nan,nan,nan,nan,nan
2586,AL357936.1,2585,nan,nan,nan,nan,nan,nan,nan,nan,nan
2587,MRRF,2586,nan,nan,nan,nan,nan,nan,nan,nan,nan
2588,PTGS1,2587,nan,nan,nan,nan,nan,nan,nan,nan,nan
2589,AL162424.1,2588,nan,nan,nan,nan,nan,nan,nan,nan,nan
2590,OR1L8,2589,nan,nan,nan,nan,nan,nan,nan,nan,nan
2591,RC3H2,2590,nan,nan,nan,nan,nan,nan,nan,nan,nan
2592,ZBTB6,2591,nan,nan,nan,nan,nan,nan,nan,nan,nan
2593,ZBTB26,2592,nan,nan,nan,nan,nan,nan,nan,nan,nan
2594,AC007066.2,2593,nan,nan,nan,nan,nan,nan,nan,nan,nan
2595,AC007066.3,2594,nan,nan,nan,nan,nan,nan,nan,nan,nan
2596,GPR21,2595,nan,nan,nan,nan,nan,nan,nan,nan,nan
2597,LHX2,2596,nan,nan,nan,nan,nan,nan,nan,nan,nan
2598,AC006450.3,2597,nan,nan,nan,nan,nan,nan,nan,nan,nan
2599,AC006450.1,2598,nan,nan,nan,nan,nan,nan,nan,nan,nan
2600,AC006450.2,2599,nan,nan,nan,nan,nan,nan,nan,nan,nan
2601,NEK6,2600,nan,nan,nan,nan,nan,nan,nan,nan,nan
2602,AL162724.2,2601,nan,nan,nan,nan,nan,nan,nan,nan,nan
2603,AL162724.1,2602,nan,nan,nan,nan,nan,nan,nan,nan,nan
2604,NR6A1,2603,nan,nan,nan,nan,nan,nan,nan,nan,nan
2605,OLFML2A,2604,nan,nan,nan,nan,nan,nan,nan,nan,nan
2606,MAPKAP1,2605,nan,nan,nan,nan,nan,nan,nan,nan,nan
2607,AL162584.1,2606,nan,nan,nan,nan,nan,nan,nan,nan,nan
2608,AL358074.1,2607,nan,nan,nan,nan,nan,nan,nan,nan,nan
2609,PBX3,2608,nan,nan,nan,nan,nan,nan,nan,nan,nan
2610,ZBTB43,2609,nan,nan,nan,nan,nan,nan,nan,nan,nan
2611,ZBTB34,2610,nan,nan,nan,nan,nan,nan,nan,nan,nan
2612,ZNF79,2611,nan,nan,nan,nan,nan,nan,nan,nan,nan
2613,CFAP157,2612,nan,nan,nan,nan,nan,nan,nan,nan,nan
2614,TTC16,2613,nan,nan,nan,nan,nan,nan,nan,nan,nan
2615,CDK9,2614,nan,nan,nan,nan,nan,nan,nan,nan,nan
2616,NAIF1,2615,nan,nan,nan,nan,nan,nan,nan,nan,nan
2617,CIZ1,2616,nan,nan,nan,nan,nan,nan,nan,nan,nan
2618,PKN3,2617,nan,nan,nan,nan,nan,nan,nan,nan,nan
2619,ZDHHC12,2618,nan,nan,nan,nan,nan,nan,nan,nan,nan
2620,C9orf50,2619,nan,nan,nan,nan,nan,nan,nan,nan,nan
2621,AL590369.1,2620,nan,nan,nan,nan,nan,nan,nan,nan,nan
2622,PRRX2,2621,nan,nan,nan,nan,nan,nan,nan,nan,nan
2623,FUBP3,2622,nan,nan,nan,nan,nan,nan,nan,nan,nan
2624,ABL1,2623,nan,nan,nan,nan,nan,nan,nan,nan,nan
2625,AL161733.1,2624,nan,nan,nan,nan,nan,nan,nan,nan,nan
2626,TTF1,2625,nan,nan,nan,nan,nan,nan,nan,nan,nan
2627,RPL7A,2626,nan,nan,nan,nan,nan,nan,nan,nan,nan
2628,REXO4,2627,nan,nan,nan,nan,nan,nan,nan,nan,nan
2629,RXRA,2628,nan,nan,nan,nan,nan,nan,nan,nan,nan
2630,AL669970.1,2629,nan,nan,nan,nan,nan,nan,nan,nan,nan
2631,AL669970.3,2630,nan,nan,nan,nan,nan,nan,nan,nan,nan
2632,AL669970.2,2631,nan,nan,nan,nan,nan,nan,nan,nan,nan
2633,COL5A1,2632,nan,nan,nan,nan,nan,nan,nan,nan,nan
2634,AL645768.1,2633,nan,nan,nan,nan,nan,nan,nan,nan,nan
2635,OLFM1,2634,nan,nan,nan,nan,nan,nan,nan,nan,nan
2636,AL390778.1,2635,nan,nan,nan,nan,nan,nan,nan,nan,nan
2637,AL390778.2,2636,nan,nan,nan,nan,nan,nan,nan,nan,nan
2638,C9orf116,2637,nan,nan,nan,nan,nan,nan,nan,nan,nan
2639,AL161452.1,2638,nan,nan,nan,nan,nan,nan,nan,nan,nan
2640,NACC2,2639,nan,nan,nan,nan,nan,nan,nan,nan,nan
2641,SNAPC4,2640,nan,nan,nan,nan,nan,nan,nan,nan,nan
2642,NOTCH1,2641,nan,nan,nan,nan,nan,nan,nan,nan,nan
2643,AL592301.1,2642,nan,nan,nan,nan,nan,nan,nan,nan,nan
2644,EDF1,2643,nan,nan,nan,nan,nan,nan,nan,nan,nan
2645,TRAF2,2644,nan,nan,nan,nan,nan,nan,nan,nan,nan
2646,ANAPC2,2645,nan,nan,nan,nan,nan,nan,nan,nan,nan
2647,DIP2C,2646,nan,nan,nan,nan,nan,nan,nan,nan,nan
2648,AL358216.1,2647,nan,nan,nan,nan,nan,nan,nan,nan,nan
2649,AL157709.1,2648,nan,nan,nan,nan,nan,nan,nan,nan,nan
2650,LARP4B,2649,nan,nan,nan,nan,nan,nan,nan,nan,nan
2651,PITRM1,2650,nan,nan,nan,nan,nan,nan,nan,nan,nan
2652,AL451164.1,2651,nan,nan,nan,nan,nan,nan,nan,nan,nan
2653,AKR1C2,2652,nan,nan,nan,nan,nan,nan,nan,nan,nan
2654,NET1,2653,nan,nan,nan,nan,nan,nan,nan,nan,nan
2655,AL732437.1,2654,nan,nan,nan,nan,nan,nan,nan,nan,nan
2656,AL732437.3,2655,nan,nan,nan,nan,nan,nan,nan,nan,nan
2657,AL732437.2,2656,nan,nan,nan,nan,nan,nan,nan,nan,nan
2658,FBH1,2657,nan,nan,nan,nan,nan,nan,nan,nan,nan
2659,AL137186.2,2658,nan,nan,nan,nan,nan,nan,nan,nan,nan
2660,IL2RA,2659,nan,nan,nan,nan,nan,nan,nan,nan,nan
2661,AL137186.1,2660,nan,nan,nan,nan,nan,nan,nan,nan,nan
2662,PRKCQ,2661,nan,nan,nan,nan,nan,nan,nan,nan,nan
2663,ITIH2,2662,nan,nan,nan,nan,nan,nan,nan,nan,nan
2664,KIN,2663,nan,nan,nan,nan,nan,nan,nan,nan,nan
2665,TAF3,2664,nan,nan,nan,nan,nan,nan,nan,nan,nan
2666,CELF2,2665,nan,nan,nan,nan,nan,nan,nan,nan,nan
2667,AL136369.2,2666,nan,nan,nan,nan,nan,nan,nan,nan,nan
2668,AL136369.1,2667,nan,nan,nan,nan,nan,nan,nan,nan,nan
2669,AL162408.1,2668,nan,nan,nan,nan,nan,nan,nan,nan,nan
2670,CAMK1D,2669,nan,nan,nan,nan,nan,nan,nan,nan,nan
2671,AL731559.1,2670,nan,nan,nan,nan,nan,nan,nan,nan,nan
2672,CCDC3,2671,nan,nan,nan,nan,nan,nan,nan,nan,nan
2673,SEPHS1,2672,nan,nan,nan,nan,nan,nan,nan,nan,nan
2674,AL355870.2,2673,nan,nan,nan,nan,nan,nan,nan,nan,nan
2675,AL355870.1,2674,nan,nan,nan,nan,nan,nan,nan,nan,nan
2676,AL157392.3,2675,nan,nan,nan,nan,nan,nan,nan,nan,nan
2677,FRMD4A,2676,nan,nan,nan,nan,nan,nan,nan,nan,nan
2678,AL157392.4,2677,nan,nan,nan,nan,nan,nan,nan,nan,nan
2679,AL157392.1,2678,nan,nan,nan,nan,nan,nan,nan,nan,nan
2680,AL157392.2,2679,nan,nan,nan,nan,nan,nan,nan,nan,nan
2681,AC044781.1,2680,nan,nan,nan,nan,nan,nan,nan,nan,nan
2682,AL157896.1,2681,nan,nan,nan,nan,nan,nan,nan,nan,nan
2683,AC069544.1,2682,nan,nan,nan,nan,nan,nan,nan,nan,nan
2684,SUV39H2,2683,nan,nan,nan,nan,nan,nan,nan,nan,nan
2685,RSU1,2684,nan,nan,nan,nan,nan,nan,nan,nan,nan
2686,AL365215.2,2685,nan,nan,nan,nan,nan,nan,nan,nan,nan
2687,AC067747.1,2686,nan,nan,nan,nan,nan,nan,nan,nan,nan
2688,TRDMT1,2687,nan,nan,nan,nan,nan,nan,nan,nan,nan
2689,AL133415.1,2688,nan,nan,nan,nan,nan,nan,nan,nan,nan
2690,ST8SIA6,2689,nan,nan,nan,nan,nan,nan,nan,nan,nan
2691,MALRD1,2690,nan,nan,nan,nan,nan,nan,nan,nan,nan
2692,AL590378.1,2691,nan,nan,nan,nan,nan,nan,nan,nan,nan
2693,AL157895.1,2692,nan,nan,nan,nan,nan,nan,nan,nan,nan
2694,SKIDA1,2693,nan,nan,nan,nan,nan,nan,nan,nan,nan
2695,MLLT10,2694,nan,nan,nan,nan,nan,nan,nan,nan,nan
2696,DNAJC1,2695,nan,nan,nan,nan,nan,nan,nan,nan,nan
2697,SPAG6,2696,nan,nan,nan,nan,nan,nan,nan,nan,nan
2698,AL513128.1,2697,nan,nan,nan,nan,nan,nan,nan,nan,nan
2699,AL513128.3,2698,nan,nan,nan,nan,nan,nan,nan,nan,nan
2700,AL513128.2,2699,nan,nan,nan,nan,nan,nan,nan,nan,nan
2701,MSRB2,2700,nan,nan,nan,nan,nan,nan,nan,nan,nan
2702,AL157385.2,2701,nan,nan,nan,nan,nan,nan,nan,nan,nan
2703,PRTFDC1,2702,nan,nan,nan,nan,nan,nan,nan,nan,nan
2704,GAD2,2703,nan,nan,nan,nan,nan,nan,nan,nan,nan
2705,MKX,2704,nan,nan,nan,nan,nan,nan,nan,nan,nan
2706,AL158167.1,2705,nan,nan,nan,nan,nan,nan,nan,nan,nan
2707,SVIL,2706,nan,nan,nan,nan,nan,nan,nan,nan,nan
2708,JCAD,2707,nan,nan,nan,nan,nan,nan,nan,nan,nan
2709,ZNF438,2708,nan,nan,nan,nan,nan,nan,nan,nan,nan
2710,AL359532.1,2709,nan,nan,nan,nan,nan,nan,nan,nan,nan
2711,AL359546.1,2710,nan,nan,nan,nan,nan,nan,nan,nan,nan
2712,ZEB1,2711,nan,nan,nan,nan,nan,nan,nan,nan,nan
2713,AL161935.1,2712,nan,nan,nan,nan,nan,nan,nan,nan,nan
2714,AL161935.3,2713,nan,nan,nan,nan,nan,nan,nan,nan,nan
2715,NRP1,2714,nan,nan,nan,nan,nan,nan,nan,nan,nan
2716,AL121748.1,2715,nan,nan,nan,nan,nan,nan,nan,nan,nan
2717,AL353600.1,2716,nan,nan,nan,nan,nan,nan,nan,nan,nan
2718,AL353600.2,2717,nan,nan,nan,nan,nan,nan,nan,nan,nan
2719,CUL2,2718,nan,nan,nan,nan,nan,nan,nan,nan,nan
2720,CREM,2719,nan,nan,nan,nan,nan,nan,nan,nan,nan
2721,ANKRD30A,2720,nan,nan,nan,nan,nan,nan,nan,nan,nan
2722,AL132657.1,2721,nan,nan,nan,nan,nan,nan,nan,nan,nan
2723,ZNF248,2722,nan,nan,nan,nan,nan,nan,nan,nan,nan
2724,AL132657.2,2723,nan,nan,nan,nan,nan,nan,nan,nan,nan
2725,AL135791.1,2724,nan,nan,nan,nan,nan,nan,nan,nan,nan
2726,ZNF25,2725,nan,nan,nan,nan,nan,nan,nan,nan,nan
2727,ZNF33A,2726,nan,nan,nan,nan,nan,nan,nan,nan,nan
2728,ZNF37A,2727,nan,nan,nan,nan,nan,nan,nan,nan,nan
2729,ZNF33B,2728,nan,nan,nan,nan,nan,nan,nan,nan,nan
2730,RET,2729,nan,nan,nan,nan,nan,nan,nan,nan,nan
2731,AC010864.1,2730,nan,nan,nan,nan,nan,nan,nan,nan,nan
2732,ZNF487,2731,nan,nan,nan,nan,nan,nan,nan,nan,nan
2733,ZNF239,2732,nan,nan,nan,nan,nan,nan,nan,nan,nan
2734,ZNF485,2733,nan,nan,nan,nan,nan,nan,nan,nan,nan
2735,AL645634.2,2734,nan,nan,nan,nan,nan,nan,nan,nan,nan
2736,ZNF32,2735,nan,nan,nan,nan,nan,nan,nan,nan,nan
2737,AL645634.1,2736,nan,nan,nan,nan,nan,nan,nan,nan,nan
2738,ZNF22,2737,nan,nan,nan,nan,nan,nan,nan,nan,nan
2739,NCOA4,2738,nan,nan,nan,nan,nan,nan,nan,nan,nan
2740,ANXA8,2739,nan,nan,nan,nan,nan,nan,nan,nan,nan
2741,AL591684.1,2740,nan,nan,nan,nan,nan,nan,nan,nan,nan
2742,MAPK8,2741,nan,nan,nan,nan,nan,nan,nan,nan,nan
2743,ARHGAP22,2742,nan,nan,nan,nan,nan,nan,nan,nan,nan
2744,AC068898.2,2743,nan,nan,nan,nan,nan,nan,nan,nan,nan
2745,AC068898.1,2744,nan,nan,nan,nan,nan,nan,nan,nan,nan
2746,WDFY4,2745,nan,nan,nan,nan,nan,nan,nan,nan,nan
2747,AC035139.2,2746,nan,nan,nan,nan,nan,nan,nan,nan,nan
2748,AC035139.1,2747,nan,nan,nan,nan,nan,nan,nan,nan,nan
2749,SGMS1,2748,nan,nan,nan,nan,nan,nan,nan,nan,nan
2750,AC069547.2,2749,nan,nan,nan,nan,nan,nan,nan,nan,nan
2751,TFAM,2750,nan,nan,nan,nan,nan,nan,nan,nan,nan
2752,ANK3,2751,nan,nan,nan,nan,nan,nan,nan,nan,nan
2753,AL592430.1,2752,nan,nan,nan,nan,nan,nan,nan,nan,nan
2754,AL592430.2,2753,nan,nan,nan,nan,nan,nan,nan,nan,nan
2755,ARID5B,2754,nan,nan,nan,nan,nan,nan,nan,nan,nan
2756,ZNF365,2755,nan,nan,nan,nan,nan,nan,nan,nan,nan
2757,NRBF2,2756,nan,nan,nan,nan,nan,nan,nan,nan,nan
2758,AL133551.1,2757,nan,nan,nan,nan,nan,nan,nan,nan,nan
2759,SIRT1,2758,nan,nan,nan,nan,nan,nan,nan,nan,nan
2760,HERC4,2759,nan,nan,nan,nan,nan,nan,nan,nan,nan
2761,MYPN,2760,nan,nan,nan,nan,nan,nan,nan,nan,nan
2762,DNA2,2761,nan,nan,nan,nan,nan,nan,nan,nan,nan
2763,TET1,2762,nan,nan,nan,nan,nan,nan,nan,nan,nan
2764,COL13A1,2763,nan,nan,nan,nan,nan,nan,nan,nan,nan
2765,NODAL,2764,nan,nan,nan,nan,nan,nan,nan,nan,nan
2766,PCBD1,2765,nan,nan,nan,nan,nan,nan,nan,nan,nan
2767,MYOZ1,2766,nan,nan,nan,nan,nan,nan,nan,nan,nan
2768,PLAU,2767,nan,nan,nan,nan,nan,nan,nan,nan,nan
2769,AC010997.3,2768,nan,nan,nan,nan,nan,nan,nan,nan,nan
2770,AC010997.5,2769,nan,nan,nan,nan,nan,nan,nan,nan,nan
2771,AC010997.4,2770,nan,nan,nan,nan,nan,nan,nan,nan,nan
2772,AC010997.2,2771,nan,nan,nan,nan,nan,nan,nan,nan,nan
2773,LRMDA,2772,nan,nan,nan,nan,nan,nan,nan,nan,nan
2774,AL589863.2,2773,nan,nan,nan,nan,nan,nan,nan,nan,nan
2775,AL589863.1,2774,nan,nan,nan,nan,nan,nan,nan,nan,nan
2776,AL731568.1,2775,nan,nan,nan,nan,nan,nan,nan,nan,nan
2777,AC013286.1,2776,nan,nan,nan,nan,nan,nan,nan,nan,nan
2778,AC024603.1,2777,nan,nan,nan,nan,nan,nan,nan,nan,nan
2779,KCNMA1,2778,nan,nan,nan,nan,nan,nan,nan,nan,nan
2780,AL731575.1,2779,nan,nan,nan,nan,nan,nan,nan,nan,nan
2781,AL135925.1,2780,nan,nan,nan,nan,nan,nan,nan,nan,nan
2782,NUTM2E,2781,nan,nan,nan,nan,nan,nan,nan,nan,nan
2783,SH2D4B,2782,nan,nan,nan,nan,nan,nan,nan,nan,nan
2784,AL096706.1,2783,nan,nan,nan,nan,nan,nan,nan,nan,nan
2785,NRG3,2784,nan,nan,nan,nan,nan,nan,nan,nan,nan
2786,AC010157.2,2785,nan,nan,nan,nan,nan,nan,nan,nan,nan
2787,AC010157.1,2786,nan,nan,nan,nan,nan,nan,nan,nan,nan
2788,GRID1,2787,nan,nan,nan,nan,nan,nan,nan,nan,nan
2789,AC022028.2,2788,nan,nan,nan,nan,nan,nan,nan,nan,nan
2790,BMPR1A,2789,nan,nan,nan,nan,nan,nan,nan,nan,nan
2791,AL157893.2,2790,nan,nan,nan,nan,nan,nan,nan,nan,nan
2792,NUTM2A,2791,nan,nan,nan,nan,nan,nan,nan,nan,nan
2793,PTEN,2792,nan,nan,nan,nan,nan,nan,nan,nan,nan
2794,ANKRD22,2793,nan,nan,nan,nan,nan,nan,nan,nan,nan
2795,AL157394.3,2794,nan,nan,nan,nan,nan,nan,nan,nan,nan
2796,AL157394.1,2795,nan,nan,nan,nan,nan,nan,nan,nan,nan
2797,CH25H,2796,nan,nan,nan,nan,nan,nan,nan,nan,nan
2798,ANKRD1,2797,nan,nan,nan,nan,nan,nan,nan,nan,nan
2799,BTAF1,2798,nan,nan,nan,nan,nan,nan,nan,nan,nan
2800,MARCH5,2799,nan,nan,nan,nan,nan,nan,nan,nan,nan
2801,AL161652.1,2800,nan,nan,nan,nan,nan,nan,nan,nan,nan
2802,PDE6C,2801,nan,nan,nan,nan,nan,nan,nan,nan,nan
2803,AL157396.1,2802,nan,nan,nan,nan,nan,nan,nan,nan,nan
2804,PLCE1,2803,nan,nan,nan,nan,nan,nan,nan,nan,nan
2805,AL139118.1,2804,nan,nan,nan,nan,nan,nan,nan,nan,nan
2806,AL389885.1,2805,nan,nan,nan,nan,nan,nan,nan,nan,nan
2807,AL139124.1,2806,nan,nan,nan,nan,nan,nan,nan,nan,nan
2808,NOC3L,2807,nan,nan,nan,nan,nan,nan,nan,nan,nan
2809,CYP2C8,2808,nan,nan,nan,nan,nan,nan,nan,nan,nan
2810,ZNF518A,2809,nan,nan,nan,nan,nan,nan,nan,nan,nan
2811,TLL2,2810,nan,nan,nan,nan,nan,nan,nan,nan,nan
2812,LCOR,2811,nan,nan,nan,nan,nan,nan,nan,nan,nan
2813,SLIT1,2812,nan,nan,nan,nan,nan,nan,nan,nan,nan
2814,AL512424.1,2813,nan,nan,nan,nan,nan,nan,nan,nan,nan
2815,FRAT2,2814,nan,nan,nan,nan,nan,nan,nan,nan,nan
2816,AL355490.1,2815,nan,nan,nan,nan,nan,nan,nan,nan,nan
2817,RRP12,2816,nan,nan,nan,nan,nan,nan,nan,nan,nan
2818,AL355490.2,2817,nan,nan,nan,nan,nan,nan,nan,nan,nan
2819,CHUK,2818,nan,nan,nan,nan,nan,nan,nan,nan,nan
2820,POLL,2819,nan,nan,nan,nan,nan,nan,nan,nan,nan
2821,NPM3,2820,nan,nan,nan,nan,nan,nan,nan,nan,nan
2822,PPRC1,2821,nan,nan,nan,nan,nan,nan,nan,nan,nan
2823,NFKB2,2822,nan,nan,nan,nan,nan,nan,nan,nan,nan
2824,SUFU,2823,nan,nan,nan,nan,nan,nan,nan,nan,nan
2825,TRIM8,2824,nan,nan,nan,nan,nan,nan,nan,nan,nan
2826,AL391121.1,2825,nan,nan,nan,nan,nan,nan,nan,nan,nan
2827,PCGF6,2826,nan,nan,nan,nan,nan,nan,nan,nan,nan
2828,TAF5,2827,nan,nan,nan,nan,nan,nan,nan,nan,nan
2829,CALHM2,2828,nan,nan,nan,nan,nan,nan,nan,nan,nan
2830,ITPRIP,2829,nan,nan,nan,nan,nan,nan,nan,nan,nan
2831,AL162742.1,2830,nan,nan,nan,nan,nan,nan,nan,nan,nan
2832,MXI1,2831,nan,nan,nan,nan,nan,nan,nan,nan,nan
2833,AL360182.2,2832,nan,nan,nan,nan,nan,nan,nan,nan,nan
2834,SMNDC1,2833,nan,nan,nan,nan,nan,nan,nan,nan,nan
2835,SMC3,2834,nan,nan,nan,nan,nan,nan,nan,nan,nan
2836,RBM20,2835,nan,nan,nan,nan,nan,nan,nan,nan,nan
2837,VTI1A,2836,nan,nan,nan,nan,nan,nan,nan,nan,nan
2838,AL139120.1,2837,nan,nan,nan,nan,nan,nan,nan,nan,nan
2839,TCF7L2,2838,nan,nan,nan,nan,nan,nan,nan,nan,nan
2840,AFAP1L2,2839,nan,nan,nan,nan,nan,nan,nan,nan,nan
2841,VAX1,2840,nan,nan,nan,nan,nan,nan,nan,nan,nan
2842,EMX2,2841,nan,nan,nan,nan,nan,nan,nan,nan,nan
2843,PRDX3,2842,nan,nan,nan,nan,nan,nan,nan,nan,nan
2844,TACC2,2843,nan,nan,nan,nan,nan,nan,nan,nan,nan
2845,AC063960.1,2844,nan,nan,nan,nan,nan,nan,nan,nan,nan
2846,AC063960.2,2845,nan,nan,nan,nan,nan,nan,nan,nan,nan
2847,CUZD1,2846,nan,nan,nan,nan,nan,nan,nan,nan,nan
2848,IKZF5,2847,nan,nan,nan,nan,nan,nan,nan,nan,nan
2849,AL731577.2,2848,nan,nan,nan,nan,nan,nan,nan,nan,nan
2850,ZRANB1,2849,nan,nan,nan,nan,nan,nan,nan,nan,nan
2851,AL731577.1,2850,nan,nan,nan,nan,nan,nan,nan,nan,nan
2852,CTBP2,2851,nan,nan,nan,nan,nan,nan,nan,nan,nan
2853,AL731571.1,2852,nan,nan,nan,nan,nan,nan,nan,nan,nan
2854,TEX36,2853,nan,nan,nan,nan,nan,nan,nan,nan,nan
2855,MMP21,2854,nan,nan,nan,nan,nan,nan,nan,nan,nan
2856,FANK1,2855,nan,nan,nan,nan,nan,nan,nan,nan,nan
2857,AL589787.2,2856,nan,nan,nan,nan,nan,nan,nan,nan,nan
2858,C10orf90,2857,nan,nan,nan,nan,nan,nan,nan,nan,nan
2859,AL589787.1,2858,nan,nan,nan,nan,nan,nan,nan,nan,nan
2860,MGMT,2859,nan,nan,nan,nan,nan,nan,nan,nan,nan
2861,EBF3,2860,nan,nan,nan,nan,nan,nan,nan,nan,nan
2862,AL354950.2,2861,nan,nan,nan,nan,nan,nan,nan,nan,nan
2863,AL354950.1,2862,nan,nan,nan,nan,nan,nan,nan,nan,nan
2864,AL354950.3,2863,nan,nan,nan,nan,nan,nan,nan,nan,nan
2865,TCERG1L,2864,nan,nan,nan,nan,nan,nan,nan,nan,nan
2866,NKX6-2,2865,nan,nan,nan,nan,nan,nan,nan,nan,nan
2867,ADGRA1,2866,nan,nan,nan,nan,nan,nan,nan,nan,nan
2868,VENTX,2867,nan,nan,nan,nan,nan,nan,nan,nan,nan
2869,ADAM8,2868,nan,nan,nan,nan,nan,nan,nan,nan,nan
2870,ZNF511,2869,nan,nan,nan,nan,nan,nan,nan,nan,nan
2871,CALY,2870,nan,nan,nan,nan,nan,nan,nan,nan,nan
2872,CYP2E1,2871,nan,nan,nan,nan,nan,nan,nan,nan,nan
2873,AL161645.1,2872,nan,nan,nan,nan,nan,nan,nan,nan,nan
2874,AL161645.2,2873,nan,nan,nan,nan,nan,nan,nan,nan,nan
2875,AC069287.1,2874,nan,nan,nan,nan,nan,nan,nan,nan,nan
2876,AC069287.3,2875,nan,nan,nan,nan,nan,nan,nan,nan,nan
2877,BET1L,2876,nan,nan,nan,nan,nan,nan,nan,nan,nan
2878,AC069287.2,2877,nan,nan,nan,nan,nan,nan,nan,nan,nan
2879,SIRT3,2878,nan,nan,nan,nan,nan,nan,nan,nan,nan
2880,PSMD13,2879,nan,nan,nan,nan,nan,nan,nan,nan,nan
2881,AC136475.3,2880,nan,nan,nan,nan,nan,nan,nan,nan,nan
2882,AC136475.2,2881,nan,nan,nan,nan,nan,nan,nan,nan,nan
2883,AC136475.1,2882,nan,nan,nan,nan,nan,nan,nan,nan,nan
2884,AC136475.4,2883,nan,nan,nan,nan,nan,nan,nan,nan,nan
2885,AC136475.8,2884,nan,nan,nan,nan,nan,nan,nan,nan,nan
2886,AC136475.7,2885,nan,nan,nan,nan,nan,nan,nan,nan,nan
2887,AC136475.5,2886,nan,nan,nan,nan,nan,nan,nan,nan,nan
2888,AC136475.9,2887,nan,nan,nan,nan,nan,nan,nan,nan,nan
2889,SIGIRR,2888,nan,nan,nan,nan,nan,nan,nan,nan,nan
2890,AC137894.3,2889,nan,nan,nan,nan,nan,nan,nan,nan,nan
2891,AC137894.1,2890,nan,nan,nan,nan,nan,nan,nan,nan,nan
2892,IRF7,2891,nan,nan,nan,nan,nan,nan,nan,nan,nan
2893,DEAF1,2892,nan,nan,nan,nan,nan,nan,nan,nan,nan
2894,AP006621.4,2893,nan,nan,nan,nan,nan,nan,nan,nan,nan
2895,GATD1,2894,nan,nan,nan,nan,nan,nan,nan,nan,nan
2896,AP006621.3,2895,nan,nan,nan,nan,nan,nan,nan,nan,nan
2897,AP006621.2,2896,nan,nan,nan,nan,nan,nan,nan,nan,nan
2898,PANO1,2897,nan,nan,nan,nan,nan,nan,nan,nan,nan
2899,PIDD1,2898,nan,nan,nan,nan,nan,nan,nan,nan,nan
2900,AP006621.1,2899,nan,nan,nan,nan,nan,nan,nan,nan,nan
2901,POLR2L,2900,nan,nan,nan,nan,nan,nan,nan,nan,nan
2902,CD81,2901,nan,nan,nan,nan,nan,nan,nan,nan,nan
2903,AC124057.1,2902,nan,nan,nan,nan,nan,nan,nan,nan,nan
2904,AC108448.3,2903,nan,nan,nan,nan,nan,nan,nan,nan,nan
2905,AC108448.1,2904,nan,nan,nan,nan,nan,nan,nan,nan,nan
2906,AC123788.1,2905,nan,nan,nan,nan,nan,nan,nan,nan,nan
2907,ZNF195,2906,nan,nan,nan,nan,nan,nan,nan,nan,nan
2908,CHRNA10,2907,nan,nan,nan,nan,nan,nan,nan,nan,nan
2909,NUP98,2908,nan,nan,nan,nan,nan,nan,nan,nan,nan
2910,TRIM21,2909,nan,nan,nan,nan,nan,nan,nan,nan,nan
2911,MMP26,2910,nan,nan,nan,nan,nan,nan,nan,nan,nan
2912,TRIM6,2911,nan,nan,nan,nan,nan,nan,nan,nan,nan
2913,TRIM34,2912,nan,nan,nan,nan,nan,nan,nan,nan,nan
2914,TRIM5,2913,nan,nan,nan,nan,nan,nan,nan,nan,nan
2915,TRIM22,2914,nan,nan,nan,nan,nan,nan,nan,nan,nan
2916,TRIM3,2915,nan,nan,nan,nan,nan,nan,nan,nan,nan
2917,TAF10,2916,nan,nan,nan,nan,nan,nan,nan,nan,nan
2918,AC087280.2,2917,nan,nan,nan,nan,nan,nan,nan,nan,nan
2919,OR10A4,2918,nan,nan,nan,nan,nan,nan,nan,nan,nan
2920,ZNF215,2919,nan,nan,nan,nan,nan,nan,nan,nan,nan
2921,ZNF214,2920,nan,nan,nan,nan,nan,nan,nan,nan,nan
2922,EIF3F,2921,nan,nan,nan,nan,nan,nan,nan,nan,nan
2923,TUB,2922,nan,nan,nan,nan,nan,nan,nan,nan,nan
2924,AC116456.1,2923,nan,nan,nan,nan,nan,nan,nan,nan,nan
2925,NRIP3,2924,nan,nan,nan,nan,nan,nan,nan,nan,nan
2926,AC079296.1,2925,nan,nan,nan,nan,nan,nan,nan,nan,nan
2927,AC079296.2,2926,nan,nan,nan,nan,nan,nan,nan,nan,nan
2928,AC132192.1,2927,nan,nan,nan,nan,nan,nan,nan,nan,nan
2929,AC132192.2,2928,nan,nan,nan,nan,nan,nan,nan,nan,nan
2930,ZNF143,2929,nan,nan,nan,nan,nan,nan,nan,nan,nan
2931,ZBED5,2930,nan,nan,nan,nan,nan,nan,nan,nan,nan
2932,PARVA,2931,nan,nan,nan,nan,nan,nan,nan,nan,nan
2933,AC009806.1,2932,nan,nan,nan,nan,nan,nan,nan,nan,nan
2934,AC107881.1,2933,nan,nan,nan,nan,nan,nan,nan,nan,nan
2935,TEAD1,2934,nan,nan,nan,nan,nan,nan,nan,nan,nan
2936,RASSF10,2935,nan,nan,nan,nan,nan,nan,nan,nan,nan
2937,ARNTL,2936,nan,nan,nan,nan,nan,nan,nan,nan,nan
2938,INSC,2937,nan,nan,nan,nan,nan,nan,nan,nan,nan
2939,SOX6,2938,nan,nan,nan,nan,nan,nan,nan,nan,nan
2940,AC103794.1,2939,nan,nan,nan,nan,nan,nan,nan,nan,nan
2941,OTOG,2940,nan,nan,nan,nan,nan,nan,nan,nan,nan
2942,SAAL1,2941,nan,nan,nan,nan,nan,nan,nan,nan,nan
2943,AC090099.1,2942,nan,nan,nan,nan,nan,nan,nan,nan,nan
2944,AC090099.2,2943,nan,nan,nan,nan,nan,nan,nan,nan,nan
2945,GTF2H1,2944,nan,nan,nan,nan,nan,nan,nan,nan,nan
2946,LDHAL6A,2945,nan,nan,nan,nan,nan,nan,nan,nan,nan
2947,IGSF22,2946,nan,nan,nan,nan,nan,nan,nan,nan,nan
2948,PRMT3,2947,nan,nan,nan,nan,nan,nan,nan,nan,nan
2949,NELL1,2948,nan,nan,nan,nan,nan,nan,nan,nan,nan
2950,AC090857.2,2949,nan,nan,nan,nan,nan,nan,nan,nan,nan
2951,ANO5,2950,nan,nan,nan,nan,nan,nan,nan,nan,nan
2952,AC116534.1,2951,nan,nan,nan,nan,nan,nan,nan,nan,nan
2953,AC107882.1,2952,nan,nan,nan,nan,nan,nan,nan,nan,nan
2954,AC107886.1,2953,nan,nan,nan,nan,nan,nan,nan,nan,nan
2955,LGR4,2954,nan,nan,nan,nan,nan,nan,nan,nan,nan
2956,KIF18A,2955,nan,nan,nan,nan,nan,nan,nan,nan,nan
2957,KCNA4,2956,nan,nan,nan,nan,nan,nan,nan,nan,nan
2958,MPPED2,2957,nan,nan,nan,nan,nan,nan,nan,nan,nan
2959,AL353699.1,2958,nan,nan,nan,nan,nan,nan,nan,nan,nan
2960,PAX6,2959,nan,nan,nan,nan,nan,nan,nan,nan,nan
2961,AL035078.1,2960,nan,nan,nan,nan,nan,nan,nan,nan,nan
2962,AL035078.3,2961,nan,nan,nan,nan,nan,nan,nan,nan,nan
2963,AL035078.2,2962,nan,nan,nan,nan,nan,nan,nan,nan,nan
2964,RCN1,2963,nan,nan,nan,nan,nan,nan,nan,nan,nan
2965,AL078612.1,2964,nan,nan,nan,nan,nan,nan,nan,nan,nan
2966,AL078612.2,2965,nan,nan,nan,nan,nan,nan,nan,nan,nan
2967,WT1,2966,nan,nan,nan,nan,nan,nan,nan,nan,nan
2968,LMO2,2967,nan,nan,nan,nan,nan,nan,nan,nan,nan
2969,CAT,2968,nan,nan,nan,nan,nan,nan,nan,nan,nan
2970,PDHX,2969,nan,nan,nan,nan,nan,nan,nan,nan,nan
2971,AL356215.1,2970,nan,nan,nan,nan,nan,nan,nan,nan,nan
2972,TRAF6,2971,nan,nan,nan,nan,nan,nan,nan,nan,nan
2973,AC068205.1,2972,nan,nan,nan,nan,nan,nan,nan,nan,nan
2974,AC068205.2,2973,nan,nan,nan,nan,nan,nan,nan,nan,nan
2975,HSD17B12,2974,nan,nan,nan,nan,nan,nan,nan,nan,nan
2976,AC087521.2,2975,nan,nan,nan,nan,nan,nan,nan,nan,nan
2977,AC087521.4,2976,nan,nan,nan,nan,nan,nan,nan,nan,nan
2978,ALKBH3,2977,nan,nan,nan,nan,nan,nan,nan,nan,nan
2979,AC087521.3,2978,nan,nan,nan,nan,nan,nan,nan,nan,nan
2980,AC087521.1,2979,nan,nan,nan,nan,nan,nan,nan,nan,nan
2981,PRDM11,2980,nan,nan,nan,nan,nan,nan,nan,nan,nan
2982,AC044839.1,2981,nan,nan,nan,nan,nan,nan,nan,nan,nan
2983,AC044839.2,2982,nan,nan,nan,nan,nan,nan,nan,nan,nan
2984,SLC35C1,2983,nan,nan,nan,nan,nan,nan,nan,nan,nan
2985,AC044839.3,2984,nan,nan,nan,nan,nan,nan,nan,nan,nan
2986,PHF21A,2985,nan,nan,nan,nan,nan,nan,nan,nan,nan
2987,ZNF408,2986,nan,nan,nan,nan,nan,nan,nan,nan,nan
2988,DDB2,2987,nan,nan,nan,nan,nan,nan,nan,nan,nan
2989,AC018410.2,2988,nan,nan,nan,nan,nan,nan,nan,nan,nan
2990,NR1H3,2989,nan,nan,nan,nan,nan,nan,nan,nan,nan
2991,AC018410.1,2990,nan,nan,nan,nan,nan,nan,nan,nan,nan
2992,SPI1,2991,nan,nan,nan,nan,nan,nan,nan,nan,nan
2993,FOLH1,2992,nan,nan,nan,nan,nan,nan,nan,nan,nan
2994,LRRC55,2993,nan,nan,nan,nan,nan,nan,nan,nan,nan
2995,SSRP1,2994,nan,nan,nan,nan,nan,nan,nan,nan,nan
2996,RTN4RL2,2995,nan,nan,nan,nan,nan,nan,nan,nan,nan
2997,SMTNL1,2996,nan,nan,nan,nan,nan,nan,nan,nan,nan
2998,ZFP91,2997,nan,nan,nan,nan,nan,nan,nan,nan,nan
2999,AP001350.1,2998,nan,nan,nan,nan,nan,nan,nan,nan,nan
3000,GLYATL1,2999,nan,nan,nan,nan,nan,nan,nan,nan,nan
3001,AP000640.2,3000,nan,nan,nan,nan,nan,nan,nan,nan,nan
3002,STX3,3001,nan,nan,nan,nan,nan,nan,nan,nan,nan
3003,AP000640.1,3002,nan,nan,nan,nan,nan,nan,nan,nan,nan
3004,MS4A4E,3003,nan,nan,nan,nan,nan,nan,nan,nan,nan
3005,MS4A13,3004,nan,nan,nan,nan,nan,nan,nan,nan,nan
3006,CCDC86,3005,nan,nan,nan,nan,nan,nan,nan,nan,nan
3007,CD6,3006,nan,nan,nan,nan,nan,nan,nan,nan,nan
3008,CD5,3007,nan,nan,nan,nan,nan,nan,nan,nan,nan
3009,DDB1,3008,nan,nan,nan,nan,nan,nan,nan,nan,nan
3010,AP003108.1,3009,nan,nan,nan,nan,nan,nan,nan,nan,nan
3011,SYT7,3010,nan,nan,nan,nan,nan,nan,nan,nan,nan
3012,AP002754.1,3011,nan,nan,nan,nan,nan,nan,nan,nan,nan
3013,AP002754.2,3012,nan,nan,nan,nan,nan,nan,nan,nan,nan
3014,AP003306.1,3013,nan,nan,nan,nan,nan,nan,nan,nan,nan
3015,SCGB1D2,3014,nan,nan,nan,nan,nan,nan,nan,nan,nan
3016,SCGB2A2,3015,nan,nan,nan,nan,nan,nan,nan,nan,nan
3017,AP003306.2,3016,nan,nan,nan,nan,nan,nan,nan,nan,nan
3018,TUT1,3017,nan,nan,nan,nan,nan,nan,nan,nan,nan
3019,MTA2,3018,nan,nan,nan,nan,nan,nan,nan,nan,nan
3020,GNG3,3019,nan,nan,nan,nan,nan,nan,nan,nan,nan
3021,ZBTB3,3020,nan,nan,nan,nan,nan,nan,nan,nan,nan
3022,TAF6L,3021,nan,nan,nan,nan,nan,nan,nan,nan,nan
3023,PLAAT3,3022,nan,nan,nan,nan,nan,nan,nan,nan,nan
3024,AP000753.1,3023,nan,nan,nan,nan,nan,nan,nan,nan,nan
3025,AP000753.2,3024,nan,nan,nan,nan,nan,nan,nan,nan,nan
3026,C11orf95,3025,nan,nan,nan,nan,nan,nan,nan,nan,nan
3027,AP001453.1,3026,nan,nan,nan,nan,nan,nan,nan,nan,nan
3028,AP001453.3,3027,nan,nan,nan,nan,nan,nan,nan,nan,nan
3029,AP001453.2,3028,nan,nan,nan,nan,nan,nan,nan,nan,nan
3030,CATSPERZ,3029,nan,nan,nan,nan,nan,nan,nan,nan,nan
3031,ESRRA,3030,nan,nan,nan,nan,nan,nan,nan,nan,nan
3032,RPS6KA4,3031,nan,nan,nan,nan,nan,nan,nan,nan,nan
3033,AP001462.1,3032,nan,nan,nan,nan,nan,nan,nan,nan,nan
3034,MEN1,3033,nan,nan,nan,nan,nan,nan,nan,nan,nan
3035,PPP2R5B,3034,nan,nan,nan,nan,nan,nan,nan,nan,nan
3036,BATF2,3035,nan,nan,nan,nan,nan,nan,nan,nan,nan
3037,ZFPL1,3036,nan,nan,nan,nan,nan,nan,nan,nan,nan
3038,DPF2,3037,nan,nan,nan,nan,nan,nan,nan,nan,nan
3039,AP000769.6,3038,nan,nan,nan,nan,nan,nan,nan,nan,nan
3040,AP000769.2,3039,nan,nan,nan,nan,nan,nan,nan,nan,nan
3041,SCYL1,3040,nan,nan,nan,nan,nan,nan,nan,nan,nan
3042,RELA,3041,nan,nan,nan,nan,nan,nan,nan,nan,nan
3043,KAT5,3042,nan,nan,nan,nan,nan,nan,nan,nan,nan
3044,MUS81,3043,nan,nan,nan,nan,nan,nan,nan,nan,nan
3045,FOSL1,3044,nan,nan,nan,nan,nan,nan,nan,nan,nan
3046,DRAP1,3045,nan,nan,nan,nan,nan,nan,nan,nan,nan
3047,SART1,3046,nan,nan,nan,nan,nan,nan,nan,nan,nan
3048,BANF1,3047,nan,nan,nan,nan,nan,nan,nan,nan,nan
3049,GAL3ST3,3048,nan,nan,nan,nan,nan,nan,nan,nan,nan
3050,AP001107.4,3049,nan,nan,nan,nan,nan,nan,nan,nan,nan
3051,AP001107.8,3050,nan,nan,nan,nan,nan,nan,nan,nan,nan
3052,AP001107.7,3051,nan,nan,nan,nan,nan,nan,nan,nan,nan
3053,AP001107.1,3052,nan,nan,nan,nan,nan,nan,nan,nan,nan
3054,AP001107.2,3053,nan,nan,nan,nan,nan,nan,nan,nan,nan
3055,TMEM151A,3054,nan,nan,nan,nan,nan,nan,nan,nan,nan
3056,AP001107.3,3055,nan,nan,nan,nan,nan,nan,nan,nan,nan
3057,AP001107.6,3056,nan,nan,nan,nan,nan,nan,nan,nan,nan
3058,BRMS1,3057,nan,nan,nan,nan,nan,nan,nan,nan,nan
3059,AP001107.9,3058,nan,nan,nan,nan,nan,nan,nan,nan,nan
3060,AP001107.5,3059,nan,nan,nan,nan,nan,nan,nan,nan,nan
3061,NPAS4,3060,nan,nan,nan,nan,nan,nan,nan,nan,nan
3062,KDM2A,3061,nan,nan,nan,nan,nan,nan,nan,nan,nan
3063,AP001885.3,3062,nan,nan,nan,nan,nan,nan,nan,nan,nan
3064,SSH3,3063,nan,nan,nan,nan,nan,nan,nan,nan,nan
3065,AP001885.2,3064,nan,nan,nan,nan,nan,nan,nan,nan,nan
3066,TCIRG1,3065,nan,nan,nan,nan,nan,nan,nan,nan,nan
3067,AP002813.1,3066,nan,nan,nan,nan,nan,nan,nan,nan,nan
3068,LRP5,3067,nan,nan,nan,nan,nan,nan,nan,nan,nan
3069,CLPB,3068,nan,nan,nan,nan,nan,nan,nan,nan,nan
3070,AP003785.1,3069,nan,nan,nan,nan,nan,nan,nan,nan,nan
3071,PDE2A,3070,nan,nan,nan,nan,nan,nan,nan,nan,nan
3072,P2RY2,3071,nan,nan,nan,nan,nan,nan,nan,nan,nan
3073,RELT,3072,nan,nan,nan,nan,nan,nan,nan,nan,nan
3074,AP000763.4,3073,nan,nan,nan,nan,nan,nan,nan,nan,nan
3075,AP000763.3,3074,nan,nan,nan,nan,nan,nan,nan,nan,nan
3076,RAB6A,3075,nan,nan,nan,nan,nan,nan,nan,nan,nan
3077,AP002993.1,3076,nan,nan,nan,nan,nan,nan,nan,nan,nan
3078,UCP2,3077,nan,nan,nan,nan,nan,nan,nan,nan,nan
3079,THAP12,3078,nan,nan,nan,nan,nan,nan,nan,nan,nan
3080,MYO7A,3079,nan,nan,nan,nan,nan,nan,nan,nan,nan
3081,GDPD4,3080,nan,nan,nan,nan,nan,nan,nan,nan,nan
3082,DDIAS,3081,nan,nan,nan,nan,nan,nan,nan,nan,nan
3083,CREBZF,3082,nan,nan,nan,nan,nan,nan,nan,nan,nan
3084,CCDC83,3083,nan,nan,nan,nan,nan,nan,nan,nan,nan
3085,EED,3084,nan,nan,nan,nan,nan,nan,nan,nan,nan
3086,FZD4,3085,nan,nan,nan,nan,nan,nan,nan,nan,nan
3087,NOX4,3086,nan,nan,nan,nan,nan,nan,nan,nan,nan
3088,MED17,3087,nan,nan,nan,nan,nan,nan,nan,nan,nan
3089,VSTM5,3088,nan,nan,nan,nan,nan,nan,nan,nan,nan
3090,AP002784.1,3089,nan,nan,nan,nan,nan,nan,nan,nan,nan
3091,IZUMO1R,3090,nan,nan,nan,nan,nan,nan,nan,nan,nan
3092,JRKL,3091,nan,nan,nan,nan,nan,nan,nan,nan,nan
3093,PGR,3092,nan,nan,nan,nan,nan,nan,nan,nan,nan
3094,GRIA4,3093,nan,nan,nan,nan,nan,nan,nan,nan,nan
3095,AP000813.1,3094,nan,nan,nan,nan,nan,nan,nan,nan,nan
3096,MSANTD4,3095,nan,nan,nan,nan,nan,nan,nan,nan,nan
3097,CUL5,3096,nan,nan,nan,nan,nan,nan,nan,nan,nan
3098,ATM,3097,nan,nan,nan,nan,nan,nan,nan,nan,nan
3099,DDX10,3098,nan,nan,nan,nan,nan,nan,nan,nan,nan
3100,AP003027.1,3099,nan,nan,nan,nan,nan,nan,nan,nan,nan
3101,BTG4,3100,nan,nan,nan,nan,nan,nan,nan,nan,nan
3102,AP000802.1,3101,nan,nan,nan,nan,nan,nan,nan,nan,nan
3103,NCAM1,3102,nan,nan,nan,nan,nan,nan,nan,nan,nan
3104,ZBTB16,3103,nan,nan,nan,nan,nan,nan,nan,nan,nan
3105,AP002755.1,3104,nan,nan,nan,nan,nan,nan,nan,nan,nan
3106,AP002518.2,3105,nan,nan,nan,nan,nan,nan,nan,nan,nan
3107,AP002518.1,3106,nan,nan,nan,nan,nan,nan,nan,nan,nan
3108,NXPE1,3107,nan,nan,nan,nan,nan,nan,nan,nan,nan
3109,NXPE2,3108,nan,nan,nan,nan,nan,nan,nan,nan,nan
3110,CADM1,3109,nan,nan,nan,nan,nan,nan,nan,nan,nan
3111,AP000465.1,3110,nan,nan,nan,nan,nan,nan,nan,nan,nan
3112,AP000462.3,3111,nan,nan,nan,nan,nan,nan,nan,nan,nan
3113,AP000462.1,3112,nan,nan,nan,nan,nan,nan,nan,nan,nan
3114,AP000462.2,3113,nan,nan,nan,nan,nan,nan,nan,nan,nan
3115,SCN4B,3114,nan,nan,nan,nan,nan,nan,nan,nan,nan
3116,KMT2A,3115,nan,nan,nan,nan,nan,nan,nan,nan,nan
3117,TREH,3116,nan,nan,nan,nan,nan,nan,nan,nan,nan
3118,AP004609.3,3117,nan,nan,nan,nan,nan,nan,nan,nan,nan
3119,AP004609.1,3118,nan,nan,nan,nan,nan,nan,nan,nan,nan
3120,FOXR1,3119,nan,nan,nan,nan,nan,nan,nan,nan,nan
3121,HINFP,3120,nan,nan,nan,nan,nan,nan,nan,nan,nan
3122,CBL,3121,nan,nan,nan,nan,nan,nan,nan,nan,nan
3123,MCAM,3122,nan,nan,nan,nan,nan,nan,nan,nan,nan
3124,RNF26,3123,nan,nan,nan,nan,nan,nan,nan,nan,nan
3125,POU2F3,3124,nan,nan,nan,nan,nan,nan,nan,nan,nan
3126,GRAMD1B,3125,nan,nan,nan,nan,nan,nan,nan,nan,nan
3127,AP002765.1,3126,nan,nan,nan,nan,nan,nan,nan,nan,nan
3128,ZNF202,3127,nan,nan,nan,nan,nan,nan,nan,nan,nan
3129,TMEM218,3128,nan,nan,nan,nan,nan,nan,nan,nan,nan
3130,AP001007.2,3129,nan,nan,nan,nan,nan,nan,nan,nan,nan
3131,PKNOX2,3130,nan,nan,nan,nan,nan,nan,nan,nan,nan
3132,AP001007.3,3131,nan,nan,nan,nan,nan,nan,nan,nan,nan
3133,AP001007.1,3132,nan,nan,nan,nan,nan,nan,nan,nan,nan
3134,FEZ1,3133,nan,nan,nan,nan,nan,nan,nan,nan,nan
3135,AP000708.1,3134,nan,nan,nan,nan,nan,nan,nan,nan,nan
3136,CDON,3135,nan,nan,nan,nan,nan,nan,nan,nan,nan
3137,AP000821.1,3136,nan,nan,nan,nan,nan,nan,nan,nan,nan
3138,AP000821.2,3137,nan,nan,nan,nan,nan,nan,nan,nan,nan
3139,TIRAP,3138,nan,nan,nan,nan,nan,nan,nan,nan,nan
3140,ETS1,3139,nan,nan,nan,nan,nan,nan,nan,nan,nan
3141,BARX2,3140,nan,nan,nan,nan,nan,nan,nan,nan,nan
3142,PRDM10,3141,nan,nan,nan,nan,nan,nan,nan,nan,nan
3143,ST14,3142,nan,nan,nan,nan,nan,nan,nan,nan,nan
3144,ZBTB44,3143,nan,nan,nan,nan,nan,nan,nan,nan,nan
3145,ADAMTS8,3144,nan,nan,nan,nan,nan,nan,nan,nan,nan
3146,ADAMTS15,3145,nan,nan,nan,nan,nan,nan,nan,nan,nan
3147,OPCML,3146,nan,nan,nan,nan,nan,nan,nan,nan,nan
3148,AP004606.1,3147,nan,nan,nan,nan,nan,nan,nan,nan,nan
3149,THYN1,3148,nan,nan,nan,nan,nan,nan,nan,nan,nan
3150,KDM5A,3149,nan,nan,nan,nan,nan,nan,nan,nan,nan
3151,WNK1,3150,nan,nan,nan,nan,nan,nan,nan,nan,nan
3152,AC004803.1,3151,nan,nan,nan,nan,nan,nan,nan,nan,nan
3153,ERC1,3152,nan,nan,nan,nan,nan,nan,nan,nan,nan
3154,NRIP2,3153,nan,nan,nan,nan,nan,nan,nan,nan,nan
3155,TEX52,3154,nan,nan,nan,nan,nan,nan,nan,nan,nan
3156,FOXM1,3155,nan,nan,nan,nan,nan,nan,nan,nan,nan
3157,AC005911.1,3156,nan,nan,nan,nan,nan,nan,nan,nan,nan
3158,TEAD4,3157,nan,nan,nan,nan,nan,nan,nan,nan,nan
3159,TSPAN9,3158,nan,nan,nan,nan,nan,nan,nan,nan,nan
3160,AC005865.2,3159,nan,nan,nan,nan,nan,nan,nan,nan,nan
3161,KCNA5,3160,nan,nan,nan,nan,nan,nan,nan,nan,nan
3162,NOP2,3161,nan,nan,nan,nan,nan,nan,nan,nan,nan
3163,CHD4,3162,nan,nan,nan,nan,nan,nan,nan,nan,nan
3164,ING4,3163,nan,nan,nan,nan,nan,nan,nan,nan,nan
3165,ZNF384,3164,nan,nan,nan,nan,nan,nan,nan,nan,nan
3166,PHB2,3165,nan,nan,nan,nan,nan,nan,nan,nan,nan
3167,NANOG,3166,nan,nan,nan,nan,nan,nan,nan,nan,nan
3168,AC006511.6,3167,nan,nan,nan,nan,nan,nan,nan,nan,nan
3169,AC006511.4,3168,nan,nan,nan,nan,nan,nan,nan,nan,nan
3170,FOXJ2,3169,nan,nan,nan,nan,nan,nan,nan,nan,nan
3171,NECAP1,3170,nan,nan,nan,nan,nan,nan,nan,nan,nan
3172,CD69,3171,nan,nan,nan,nan,nan,nan,nan,nan,nan
3173,CLEC9A,3172,nan,nan,nan,nan,nan,nan,nan,nan,nan
3174,TMEM52B,3173,nan,nan,nan,nan,nan,nan,nan,nan,nan
3175,AC115676.1,3174,nan,nan,nan,nan,nan,nan,nan,nan,nan
3176,YBX3,3175,nan,nan,nan,nan,nan,nan,nan,nan,nan
3177,LRP6,3176,nan,nan,nan,nan,nan,nan,nan,nan,nan
3178,CREBL2,3177,nan,nan,nan,nan,nan,nan,nan,nan,nan
3179,GPRC5A,3178,nan,nan,nan,nan,nan,nan,nan,nan,nan
3180,GRIN2B,3179,nan,nan,nan,nan,nan,nan,nan,nan,nan
3181,AC007527.1,3180,nan,nan,nan,nan,nan,nan,nan,nan,nan
3182,AC007527.2,3181,nan,nan,nan,nan,nan,nan,nan,nan,nan
3183,AC007535.1,3182,nan,nan,nan,nan,nan,nan,nan,nan,nan
3184,ATF7IP,3183,nan,nan,nan,nan,nan,nan,nan,nan,nan
3185,AC008114.1,3184,nan,nan,nan,nan,nan,nan,nan,nan,nan
3186,MGP,3185,nan,nan,nan,nan,nan,nan,nan,nan,nan
3187,AEBP2,3186,nan,nan,nan,nan,nan,nan,nan,nan,nan
3188,RECQL,3187,nan,nan,nan,nan,nan,nan,nan,nan,nan
3189,LDHB,3188,nan,nan,nan,nan,nan,nan,nan,nan,nan
3190,AC010197.1,3189,nan,nan,nan,nan,nan,nan,nan,nan,nan
3191,AC010185.1,3190,nan,nan,nan,nan,nan,nan,nan,nan,nan
3192,SOX5,3191,nan,nan,nan,nan,nan,nan,nan,nan,nan
3193,AC087260.1,3192,nan,nan,nan,nan,nan,nan,nan,nan,nan
3194,ETFRF1,3193,nan,nan,nan,nan,nan,nan,nan,nan,nan
3195,KRAS,3194,nan,nan,nan,nan,nan,nan,nan,nan,nan
3196,AC092794.1,3195,nan,nan,nan,nan,nan,nan,nan,nan,nan
3197,AC092794.2,3196,nan,nan,nan,nan,nan,nan,nan,nan,nan
3198,AC087239.1,3197,nan,nan,nan,nan,nan,nan,nan,nan,nan
3199,BHLHE41,3198,nan,nan,nan,nan,nan,nan,nan,nan,nan
3200,SSPN,3199,nan,nan,nan,nan,nan,nan,nan,nan,nan
3201,AC022509.3,3200,nan,nan,nan,nan,nan,nan,nan,nan,nan
3202,AC022509.5,3201,nan,nan,nan,nan,nan,nan,nan,nan,nan
3203,AC022509.2,3202,nan,nan,nan,nan,nan,nan,nan,nan,nan
3204,AC022509.1,3203,nan,nan,nan,nan,nan,nan,nan,nan,nan
3205,AC022509.4,3204,nan,nan,nan,nan,nan,nan,nan,nan,nan
3206,AC055720.1,3205,nan,nan,nan,nan,nan,nan,nan,nan,nan
3207,AC055720.2,3206,nan,nan,nan,nan,nan,nan,nan,nan,nan
3208,MED21,3207,nan,nan,nan,nan,nan,nan,nan,nan,nan
3209,AC092747.4,3208,nan,nan,nan,nan,nan,nan,nan,nan,nan
3210,AC092747.1,3209,nan,nan,nan,nan,nan,nan,nan,nan,nan
3211,ARNTL2,3210,nan,nan,nan,nan,nan,nan,nan,nan,nan
3212,FAR2,3211,nan,nan,nan,nan,nan,nan,nan,nan,nan
3213,AC009318.4,3212,nan,nan,nan,nan,nan,nan,nan,nan,nan
3214,AC009318.1,3213,nan,nan,nan,nan,nan,nan,nan,nan,nan
3215,AC009318.3,3214,nan,nan,nan,nan,nan,nan,nan,nan,nan
3216,AC009318.2,3215,nan,nan,nan,nan,nan,nan,nan,nan,nan
3217,PKP2,3216,nan,nan,nan,nan,nan,nan,nan,nan,nan
3218,AC087311.2,3217,nan,nan,nan,nan,nan,nan,nan,nan,nan
3219,AC087897.2,3218,nan,nan,nan,nan,nan,nan,nan,nan,nan
3220,CPNE8,3219,nan,nan,nan,nan,nan,nan,nan,nan,nan
3221,KIF21A,3220,nan,nan,nan,nan,nan,nan,nan,nan,nan
3222,AC121334.4,3221,nan,nan,nan,nan,nan,nan,nan,nan,nan
3223,AC121334.3,3222,nan,nan,nan,nan,nan,nan,nan,nan,nan
3224,DBX2,3223,nan,nan,nan,nan,nan,nan,nan,nan,nan
3225,AC008127.1,3224,nan,nan,nan,nan,nan,nan,nan,nan,nan
3226,AC008124.1,3225,nan,nan,nan,nan,nan,nan,nan,nan,nan
3227,ARID2,3226,nan,nan,nan,nan,nan,nan,nan,nan,nan
3228,SLC38A1,3227,nan,nan,nan,nan,nan,nan,nan,nan,nan
3229,AC025031.3,3228,nan,nan,nan,nan,nan,nan,nan,nan,nan
3230,AC025031.2,3229,nan,nan,nan,nan,nan,nan,nan,nan,nan
3231,AC025031.1,3230,nan,nan,nan,nan,nan,nan,nan,nan,nan
3232,AC025031.4,3231,nan,nan,nan,nan,nan,nan,nan,nan,nan
3233,RAPGEF3,3232,nan,nan,nan,nan,nan,nan,nan,nan,nan
3234,HDAC7,3233,nan,nan,nan,nan,nan,nan,nan,nan,nan
3235,VDR,3234,nan,nan,nan,nan,nan,nan,nan,nan,nan
3236,AC121338.1,3235,nan,nan,nan,nan,nan,nan,nan,nan,nan
3237,AC121338.2,3236,nan,nan,nan,nan,nan,nan,nan,nan,nan
3238,TMEM106C,3237,nan,nan,nan,nan,nan,nan,nan,nan,nan
3239,AC004801.5,3238,nan,nan,nan,nan,nan,nan,nan,nan,nan
3240,AC004801.4,3239,nan,nan,nan,nan,nan,nan,nan,nan,nan
3241,AC004801.3,3240,nan,nan,nan,nan,nan,nan,nan,nan,nan
3242,AC004801.6,3241,nan,nan,nan,nan,nan,nan,nan,nan,nan
3243,AC024257.3,3242,nan,nan,nan,nan,nan,nan,nan,nan,nan
3244,AC024257.1,3243,nan,nan,nan,nan,nan,nan,nan,nan,nan
3245,AC024257.5,3244,nan,nan,nan,nan,nan,nan,nan,nan,nan
3246,ZNF641,3245,nan,nan,nan,nan,nan,nan,nan,nan,nan
3247,AC024257.4,3246,nan,nan,nan,nan,nan,nan,nan,nan,nan
3248,KANSL2,3247,nan,nan,nan,nan,nan,nan,nan,nan,nan
3249,CCNT1,3248,nan,nan,nan,nan,nan,nan,nan,nan,nan
3250,KMT2D,3249,nan,nan,nan,nan,nan,nan,nan,nan,nan
3251,AC125611.3,3250,nan,nan,nan,nan,nan,nan,nan,nan,nan
3252,AC125611.4,3251,nan,nan,nan,nan,nan,nan,nan,nan,nan
3253,PRPH,3252,nan,nan,nan,nan,nan,nan,nan,nan,nan
3254,AQP6,3253,nan,nan,nan,nan,nan,nan,nan,nan,nan
3255,SMARCD1,3254,nan,nan,nan,nan,nan,nan,nan,nan,nan
3256,CERS5,3255,nan,nan,nan,nan,nan,nan,nan,nan,nan
3257,LARP4,3256,nan,nan,nan,nan,nan,nan,nan,nan,nan
3258,ATF1,3257,nan,nan,nan,nan,nan,nan,nan,nan,nan
3259,TMPRSS12,3258,nan,nan,nan,nan,nan,nan,nan,nan,nan
3260,CSRNP2,3259,nan,nan,nan,nan,nan,nan,nan,nan,nan
3261,TFCP2,3260,nan,nan,nan,nan,nan,nan,nan,nan,nan
3262,POU6F1,3261,nan,nan,nan,nan,nan,nan,nan,nan,nan
3263,NR4A1,3262,nan,nan,nan,nan,nan,nan,nan,nan,nan
3264,KRT86,3263,nan,nan,nan,nan,nan,nan,nan,nan,nan
3265,AC021066.1,3264,nan,nan,nan,nan,nan,nan,nan,nan,nan
3266,SPRYD3,3265,nan,nan,nan,nan,nan,nan,nan,nan,nan
3267,AC073573.1,3266,nan,nan,nan,nan,nan,nan,nan,nan,nan
3268,ZNF740,3267,nan,nan,nan,nan,nan,nan,nan,nan,nan
3269,ITGB7,3268,nan,nan,nan,nan,nan,nan,nan,nan,nan
3270,RARG,3269,nan,nan,nan,nan,nan,nan,nan,nan,nan
3271,AC021072.1,3270,nan,nan,nan,nan,nan,nan,nan,nan,nan
3272,SP1,3271,nan,nan,nan,nan,nan,nan,nan,nan,nan
3273,PCBP2,3272,nan,nan,nan,nan,nan,nan,nan,nan,nan
3274,ATF7,3273,nan,nan,nan,nan,nan,nan,nan,nan,nan
3275,SMUG1,3274,nan,nan,nan,nan,nan,nan,nan,nan,nan
3276,CBX5,3275,nan,nan,nan,nan,nan,nan,nan,nan,nan
3277,AC078778.1,3276,nan,nan,nan,nan,nan,nan,nan,nan,nan
3278,HNRNPA1,3277,nan,nan,nan,nan,nan,nan,nan,nan,nan
3279,ZNF385A,3278,nan,nan,nan,nan,nan,nan,nan,nan,nan
3280,AC122685.1,3279,nan,nan,nan,nan,nan,nan,nan,nan,nan
3281,OR6C68,3280,nan,nan,nan,nan,nan,nan,nan,nan,nan
3282,SUOX,3281,nan,nan,nan,nan,nan,nan,nan,nan,nan
3283,IKZF4,3282,nan,nan,nan,nan,nan,nan,nan,nan,nan
3284,AC034102.8,3283,nan,nan,nan,nan,nan,nan,nan,nan,nan
3285,AC034102.3,3284,nan,nan,nan,nan,nan,nan,nan,nan,nan
3286,PA2G4,3285,nan,nan,nan,nan,nan,nan,nan,nan,nan
3287,AC034102.4,3286,nan,nan,nan,nan,nan,nan,nan,nan,nan
3288,AC034102.7,3287,nan,nan,nan,nan,nan,nan,nan,nan,nan
3289,AC034102.6,3288,nan,nan,nan,nan,nan,nan,nan,nan,nan
3290,AC034102.5,3289,nan,nan,nan,nan,nan,nan,nan,nan,nan
3291,SMARCC2,3290,nan,nan,nan,nan,nan,nan,nan,nan,nan
3292,RNF41,3291,nan,nan,nan,nan,nan,nan,nan,nan,nan
3293,STAT2,3292,nan,nan,nan,nan,nan,nan,nan,nan,nan
3294,BAZ2A,3293,nan,nan,nan,nan,nan,nan,nan,nan,nan
3295,RDH16,3294,nan,nan,nan,nan,nan,nan,nan,nan,nan
3296,ZBTB39,3295,nan,nan,nan,nan,nan,nan,nan,nan,nan
3297,NAB2,3296,nan,nan,nan,nan,nan,nan,nan,nan,nan
3298,STAT6,3297,nan,nan,nan,nan,nan,nan,nan,nan,nan
3299,GLI1,3298,nan,nan,nan,nan,nan,nan,nan,nan,nan
3300,DDIT3,3299,nan,nan,nan,nan,nan,nan,nan,nan,nan
3301,MBD6,3300,nan,nan,nan,nan,nan,nan,nan,nan,nan
3302,AGAP2,3301,nan,nan,nan,nan,nan,nan,nan,nan,nan
3303,SRGAP1,3302,nan,nan,nan,nan,nan,nan,nan,nan,nan
3304,AC079866.2,3303,nan,nan,nan,nan,nan,nan,nan,nan,nan
3305,AC020611.2,3304,nan,nan,nan,nan,nan,nan,nan,nan,nan
3306,AC025576.3,3305,nan,nan,nan,nan,nan,nan,nan,nan,nan
3307,AC025576.2,3306,nan,nan,nan,nan,nan,nan,nan,nan,nan
3308,AC025576.1,3307,nan,nan,nan,nan,nan,nan,nan,nan,nan
3309,AC026124.2,3308,nan,nan,nan,nan,nan,nan,nan,nan,nan
3310,MSRB3,3309,nan,nan,nan,nan,nan,nan,nan,nan,nan
3311,AC026124.1,3310,nan,nan,nan,nan,nan,nan,nan,nan,nan
3312,AC025419.1,3311,nan,nan,nan,nan,nan,nan,nan,nan,nan
3313,HMGA2,3312,nan,nan,nan,nan,nan,nan,nan,nan,nan
3314,AC107308.1,3313,nan,nan,nan,nan,nan,nan,nan,nan,nan
3315,AC090673.1,3314,nan,nan,nan,nan,nan,nan,nan,nan,nan
3316,IRAK3,3315,nan,nan,nan,nan,nan,nan,nan,nan,nan
3317,AC078889.1,3316,nan,nan,nan,nan,nan,nan,nan,nan,nan
3318,MDM1,3317,nan,nan,nan,nan,nan,nan,nan,nan,nan
3319,AC022511.1,3318,nan,nan,nan,nan,nan,nan,nan,nan,nan
3320,MDM2,3319,nan,nan,nan,nan,nan,nan,nan,nan,nan
3321,YEATS4,3320,nan,nan,nan,nan,nan,nan,nan,nan,nan
3322,MYRFL,3321,nan,nan,nan,nan,nan,nan,nan,nan,nan
3323,PTPRB,3322,nan,nan,nan,nan,nan,nan,nan,nan,nan
3324,THAP2,3323,nan,nan,nan,nan,nan,nan,nan,nan,nan
3325,TRHDE,3324,nan,nan,nan,nan,nan,nan,nan,nan,nan
3326,AC133480.1,3325,nan,nan,nan,nan,nan,nan,nan,nan,nan
3327,KCNC2,3326,nan,nan,nan,nan,nan,nan,nan,nan,nan
3328,AC091534.1,3327,nan,nan,nan,nan,nan,nan,nan,nan,nan
3329,AC011611.2,3328,nan,nan,nan,nan,nan,nan,nan,nan,nan
3330,PHLDA1,3329,nan,nan,nan,nan,nan,nan,nan,nan,nan
3331,AC011611.3,3330,nan,nan,nan,nan,nan,nan,nan,nan,nan
3332,AC011611.4,3331,nan,nan,nan,nan,nan,nan,nan,nan,nan
3333,E2F7,3332,nan,nan,nan,nan,nan,nan,nan,nan,nan
3334,AC079030.1,3333,nan,nan,nan,nan,nan,nan,nan,nan,nan
3335,PAWR,3334,nan,nan,nan,nan,nan,nan,nan,nan,nan
3336,AC073569.2,3335,nan,nan,nan,nan,nan,nan,nan,nan,nan
3337,AC073569.3,3336,nan,nan,nan,nan,nan,nan,nan,nan,nan
3338,AC073569.1,3337,nan,nan,nan,nan,nan,nan,nan,nan,nan
3339,PTPRQ,3338,nan,nan,nan,nan,nan,nan,nan,nan,nan
3340,AC074031.1,3339,nan,nan,nan,nan,nan,nan,nan,nan,nan
3341,SLC6A15,3340,nan,nan,nan,nan,nan,nan,nan,nan,nan
3342,TSPAN19,3341,nan,nan,nan,nan,nan,nan,nan,nan,nan
3343,RASSF9,3342,nan,nan,nan,nan,nan,nan,nan,nan,nan
3344,C12orf50,3343,nan,nan,nan,nan,nan,nan,nan,nan,nan
3345,EEA1,3344,nan,nan,nan,nan,nan,nan,nan,nan,nan
3346,UBE2N,3345,nan,nan,nan,nan,nan,nan,nan,nan,nan
3347,PLXNC1,3346,nan,nan,nan,nan,nan,nan,nan,nan,nan
3348,AC123567.2,3347,nan,nan,nan,nan,nan,nan,nan,nan,nan
3349,AC073655.3,3348,nan,nan,nan,nan,nan,nan,nan,nan,nan
3350,AC073655.1,3349,nan,nan,nan,nan,nan,nan,nan,nan,nan
3351,AC073655.2,3350,nan,nan,nan,nan,nan,nan,nan,nan,nan
3352,CEP83,3351,nan,nan,nan,nan,nan,nan,nan,nan,nan
3353,NR2C1,3352,nan,nan,nan,nan,nan,nan,nan,nan,nan
3354,CCDC38,3353,nan,nan,nan,nan,nan,nan,nan,nan,nan
3355,ELK3,3354,nan,nan,nan,nan,nan,nan,nan,nan,nan
3356,DEPDC4,3355,nan,nan,nan,nan,nan,nan,nan,nan,nan
3357,DRAM1,3356,nan,nan,nan,nan,nan,nan,nan,nan,nan
3358,AC084398.2,3357,nan,nan,nan,nan,nan,nan,nan,nan,nan
3359,AC079907.2,3358,nan,nan,nan,nan,nan,nan,nan,nan,nan
3360,AC079907.1,3359,nan,nan,nan,nan,nan,nan,nan,nan,nan
3361,ASCL1,3360,nan,nan,nan,nan,nan,nan,nan,nan,nan
3362,AC068643.1,3361,nan,nan,nan,nan,nan,nan,nan,nan,nan
3363,AC068643.2,3362,nan,nan,nan,nan,nan,nan,nan,nan,nan
3364,C12orf42,3363,nan,nan,nan,nan,nan,nan,nan,nan,nan
3365,AC084364.3,3364,nan,nan,nan,nan,nan,nan,nan,nan,nan
3366,STAB2,3365,nan,nan,nan,nan,nan,nan,nan,nan,nan
3367,AC025265.2,3366,nan,nan,nan,nan,nan,nan,nan,nan,nan
3368,AC025265.3,3367,nan,nan,nan,nan,nan,nan,nan,nan,nan
3369,AC025265.1,3368,nan,nan,nan,nan,nan,nan,nan,nan,nan
3370,TDG,3369,nan,nan,nan,nan,nan,nan,nan,nan,nan
3371,NFYB,3370,nan,nan,nan,nan,nan,nan,nan,nan,nan
3372,SLC41A2,3371,nan,nan,nan,nan,nan,nan,nan,nan,nan
3373,AC089985.1,3372,nan,nan,nan,nan,nan,nan,nan,nan,nan
3374,AC079385.1,3373,nan,nan,nan,nan,nan,nan,nan,nan,nan
3375,RFX4,3374,nan,nan,nan,nan,nan,nan,nan,nan,nan
3376,AC079385.2,3375,nan,nan,nan,nan,nan,nan,nan,nan,nan
3377,AC079385.3,3376,nan,nan,nan,nan,nan,nan,nan,nan,nan
3378,MTERF2,3377,nan,nan,nan,nan,nan,nan,nan,nan,nan
3379,PRDM4,3378,nan,nan,nan,nan,nan,nan,nan,nan,nan
3380,AC007622.2,3379,nan,nan,nan,nan,nan,nan,nan,nan,nan
3381,ASCL4,3380,nan,nan,nan,nan,nan,nan,nan,nan,nan
3382,CMKLR1,3381,nan,nan,nan,nan,nan,nan,nan,nan,nan
3383,AC008119.1,3382,nan,nan,nan,nan,nan,nan,nan,nan,nan
3384,TMEM119,3383,nan,nan,nan,nan,nan,nan,nan,nan,nan
3385,SSH1,3384,nan,nan,nan,nan,nan,nan,nan,nan,nan
3386,AC087893.2,3385,nan,nan,nan,nan,nan,nan,nan,nan,nan
3387,ALKBH2,3386,nan,nan,nan,nan,nan,nan,nan,nan,nan
3388,UNG,3387,nan,nan,nan,nan,nan,nan,nan,nan,nan
3389,CUX2,3388,nan,nan,nan,nan,nan,nan,nan,nan,nan
3390,TRAFD1,3389,nan,nan,nan,nan,nan,nan,nan,nan,nan
3391,OAS1,3390,nan,nan,nan,nan,nan,nan,nan,nan,nan
3392,OAS2,3391,nan,nan,nan,nan,nan,nan,nan,nan,nan
3393,DTX1,3392,nan,nan,nan,nan,nan,nan,nan,nan,nan
3394,RASAL1,3393,nan,nan,nan,nan,nan,nan,nan,nan,nan
3395,CFAP73,3394,nan,nan,nan,nan,nan,nan,nan,nan,nan
3396,TBX5,3395,nan,nan,nan,nan,nan,nan,nan,nan,nan
3397,AC012157.3,3396,nan,nan,nan,nan,nan,nan,nan,nan,nan
3398,MED13L,3397,nan,nan,nan,nan,nan,nan,nan,nan,nan
3399,AC012157.2,3398,nan,nan,nan,nan,nan,nan,nan,nan,nan
3400,AC130895.1,3399,nan,nan,nan,nan,nan,nan,nan,nan,nan
3401,HRK,3400,nan,nan,nan,nan,nan,nan,nan,nan,nan
3402,RFC5,3401,nan,nan,nan,nan,nan,nan,nan,nan,nan
3403,AC131159.2,3402,nan,nan,nan,nan,nan,nan,nan,nan,nan
3404,AC131159.1,3403,nan,nan,nan,nan,nan,nan,nan,nan,nan
3405,TAOK3,3404,nan,nan,nan,nan,nan,nan,nan,nan,nan
3406,AC026367.1,3405,nan,nan,nan,nan,nan,nan,nan,nan,nan
3407,AC026367.3,3406,nan,nan,nan,nan,nan,nan,nan,nan,nan
3408,AC026367.2,3407,nan,nan,nan,nan,nan,nan,nan,nan,nan
3409,RPLP0,3408,nan,nan,nan,nan,nan,nan,nan,nan,nan
3410,AC004263.2,3409,nan,nan,nan,nan,nan,nan,nan,nan,nan
3411,AC004263.1,3410,nan,nan,nan,nan,nan,nan,nan,nan,nan
3412,TRIAP1,3411,nan,nan,nan,nan,nan,nan,nan,nan,nan
3413,OASL,3412,nan,nan,nan,nan,nan,nan,nan,nan,nan
3414,HPD,3413,nan,nan,nan,nan,nan,nan,nan,nan,nan
3415,MLXIP,3414,nan,nan,nan,nan,nan,nan,nan,nan,nan
3416,ZCCHC8,3415,nan,nan,nan,nan,nan,nan,nan,nan,nan
3417,AC127002.2,3416,nan,nan,nan,nan,nan,nan,nan,nan,nan
3418,KNTC1,3417,nan,nan,nan,nan,nan,nan,nan,nan,nan
3419,HIP1R,3418,nan,nan,nan,nan,nan,nan,nan,nan,nan
3420,AC027290.1,3419,nan,nan,nan,nan,nan,nan,nan,nan,nan
3421,MPHOSPH9,3420,nan,nan,nan,nan,nan,nan,nan,nan,nan
3422,AC068768.1,3421,nan,nan,nan,nan,nan,nan,nan,nan,nan
3423,GTF2H3,3422,nan,nan,nan,nan,nan,nan,nan,nan,nan
3424,NCOR2,3423,nan,nan,nan,nan,nan,nan,nan,nan,nan
3425,AC073592.1,3424,nan,nan,nan,nan,nan,nan,nan,nan,nan
3426,UBC,3425,nan,nan,nan,nan,nan,nan,nan,nan,nan
3427,ADGRD1,3426,nan,nan,nan,nan,nan,nan,nan,nan,nan
3428,AC073862.1,3427,nan,nan,nan,nan,nan,nan,nan,nan,nan
3429,AC078925.1,3428,nan,nan,nan,nan,nan,nan,nan,nan,nan
3430,AC117500.3,3429,nan,nan,nan,nan,nan,nan,nan,nan,nan
3431,AC117500.6,3430,nan,nan,nan,nan,nan,nan,nan,nan,nan
3432,AC117500.1,3431,nan,nan,nan,nan,nan,nan,nan,nan,nan
3433,SFSWAP,3432,nan,nan,nan,nan,nan,nan,nan,nan,nan
3434,AC117500.2,3433,nan,nan,nan,nan,nan,nan,nan,nan,nan
3435,MMP17,3434,nan,nan,nan,nan,nan,nan,nan,nan,nan
3436,AC131009.2,3435,nan,nan,nan,nan,nan,nan,nan,nan,nan
3437,AC131009.1,3436,nan,nan,nan,nan,nan,nan,nan,nan,nan
3438,AC131009.3,3437,nan,nan,nan,nan,nan,nan,nan,nan,nan
3439,EP400,3438,nan,nan,nan,nan,nan,nan,nan,nan,nan
3440,AC137590.1,3439,nan,nan,nan,nan,nan,nan,nan,nan,nan
3441,AC137590.2,3440,nan,nan,nan,nan,nan,nan,nan,nan,nan
3442,NOC4L,3441,nan,nan,nan,nan,nan,nan,nan,nan,nan
3443,ZNF26,3442,nan,nan,nan,nan,nan,nan,nan,nan,nan
3444,ZNF84,3443,nan,nan,nan,nan,nan,nan,nan,nan,nan
3445,ZNF140,3444,nan,nan,nan,nan,nan,nan,nan,nan,nan
3446,ZNF891,3445,nan,nan,nan,nan,nan,nan,nan,nan,nan
3447,AC026786.2,3446,nan,nan,nan,nan,nan,nan,nan,nan,nan
3448,ZNF10,3447,nan,nan,nan,nan,nan,nan,nan,nan,nan
3449,ZNF268,3448,nan,nan,nan,nan,nan,nan,nan,nan,nan
3450,PSPC1,3449,nan,nan,nan,nan,nan,nan,nan,nan,nan
3451,ZMYM5,3450,nan,nan,nan,nan,nan,nan,nan,nan,nan
3452,AL355001.1,3451,nan,nan,nan,nan,nan,nan,nan,nan,nan
3453,AL355001.2,3452,nan,nan,nan,nan,nan,nan,nan,nan,nan
3454,ZMYM2,3453,nan,nan,nan,nan,nan,nan,nan,nan,nan
3455,GJA3,3454,nan,nan,nan,nan,nan,nan,nan,nan,nan
3456,GJB2,3455,nan,nan,nan,nan,nan,nan,nan,nan,nan
3457,SGCG,3456,nan,nan,nan,nan,nan,nan,nan,nan,nan
3458,TNFRSF19,3457,nan,nan,nan,nan,nan,nan,nan,nan,nan
3459,MIPEP,3458,nan,nan,nan,nan,nan,nan,nan,nan,nan
3460,AL445985.2,3459,nan,nan,nan,nan,nan,nan,nan,nan,nan
3461,AL445985.1,3460,nan,nan,nan,nan,nan,nan,nan,nan,nan
3462,RNF17,3461,nan,nan,nan,nan,nan,nan,nan,nan,nan
3463,PABPC3,3462,nan,nan,nan,nan,nan,nan,nan,nan,nan
3464,CDK8,3463,nan,nan,nan,nan,nan,nan,nan,nan,nan
3465,GTF3A,3464,nan,nan,nan,nan,nan,nan,nan,nan,nan
3466,POLR1D,3465,nan,nan,nan,nan,nan,nan,nan,nan,nan
3467,AL136439.1,3466,nan,nan,nan,nan,nan,nan,nan,nan,nan
3468,HMGB1,3467,nan,nan,nan,nan,nan,nan,nan,nan,nan
3469,AL353648.1,3468,nan,nan,nan,nan,nan,nan,nan,nan,nan
3470,PDS5B,3469,nan,nan,nan,nan,nan,nan,nan,nan,nan
3471,AL138820.1,3470,nan,nan,nan,nan,nan,nan,nan,nan,nan
3472,NBEA,3471,nan,nan,nan,nan,nan,nan,nan,nan,nan
3473,AL390071.1,3472,nan,nan,nan,nan,nan,nan,nan,nan,nan
3474,SOHLH2,3473,nan,nan,nan,nan,nan,nan,nan,nan,nan
3475,RFXAP,3474,nan,nan,nan,nan,nan,nan,nan,nan,nan
3476,SMAD9,3475,nan,nan,nan,nan,nan,nan,nan,nan,nan
3477,TRPC4,3476,nan,nan,nan,nan,nan,nan,nan,nan,nan
3478,FOXO1,3477,nan,nan,nan,nan,nan,nan,nan,nan,nan
3479,ELF1,3478,nan,nan,nan,nan,nan,nan,nan,nan,nan
3480,RGCC,3479,nan,nan,nan,nan,nan,nan,nan,nan,nan
3481,DGKH,3480,nan,nan,nan,nan,nan,nan,nan,nan,nan
3482,AL157932.1,3481,nan,nan,nan,nan,nan,nan,nan,nan,nan
3483,ENOX1,3482,nan,nan,nan,nan,nan,nan,nan,nan,nan
3484,AL161714.1,3483,nan,nan,nan,nan,nan,nan,nan,nan,nan
3485,AL162713.2,3484,nan,nan,nan,nan,nan,nan,nan,nan,nan
3486,AL162713.1,3485,nan,nan,nan,nan,nan,nan,nan,nan,nan
3487,TSC22D1,3486,nan,nan,nan,nan,nan,nan,nan,nan,nan
3488,NUFIP1,3487,nan,nan,nan,nan,nan,nan,nan,nan,nan
3489,GTF2F2,3488,nan,nan,nan,nan,nan,nan,nan,nan,nan
3490,ZC3H13,3489,nan,nan,nan,nan,nan,nan,nan,nan,nan
3491,SUCLA2,3490,nan,nan,nan,nan,nan,nan,nan,nan,nan
3492,AL138962.1,3491,nan,nan,nan,nan,nan,nan,nan,nan,nan
3493,AL157369.1,3492,nan,nan,nan,nan,nan,nan,nan,nan,nan
3494,NUDT15,3493,nan,nan,nan,nan,nan,nan,nan,nan,nan
3495,AL158196.1,3494,nan,nan,nan,nan,nan,nan,nan,nan,nan
3496,RB1,3495,nan,nan,nan,nan,nan,nan,nan,nan,nan
3497,SETDB2,3496,nan,nan,nan,nan,nan,nan,nan,nan,nan
3498,KPNA3,3497,nan,nan,nan,nan,nan,nan,nan,nan,nan
3499,AL136301.1,3498,nan,nan,nan,nan,nan,nan,nan,nan,nan
3500,TRIM13,3499,nan,nan,nan,nan,nan,nan,nan,nan,nan
3501,TMEM272,3500,nan,nan,nan,nan,nan,nan,nan,nan,nan
3502,HNRNPA1L2,3501,nan,nan,nan,nan,nan,nan,nan,nan,nan
3503,DACH1,3502,nan,nan,nan,nan,nan,nan,nan,nan,nan
3504,KLF12,3503,nan,nan,nan,nan,nan,nan,nan,nan,nan
3505,COMMD6,3504,nan,nan,nan,nan,nan,nan,nan,nan,nan
3506,AL137244.1,3505,nan,nan,nan,nan,nan,nan,nan,nan,nan
3507,MYCBP2,3506,nan,nan,nan,nan,nan,nan,nan,nan,nan
3508,AL159158.1,3507,nan,nan,nan,nan,nan,nan,nan,nan,nan
3509,SCEL,3508,nan,nan,nan,nan,nan,nan,nan,nan,nan
3510,AL137140.1,3509,nan,nan,nan,nan,nan,nan,nan,nan,nan
3511,POU4F1,3510,nan,nan,nan,nan,nan,nan,nan,nan,nan
3512,RBM26,3511,nan,nan,nan,nan,nan,nan,nan,nan,nan
3513,SOX21,3512,nan,nan,nan,nan,nan,nan,nan,nan,nan
3514,DZIP1,3513,nan,nan,nan,nan,nan,nan,nan,nan,nan
3515,MBNL2,3514,nan,nan,nan,nan,nan,nan,nan,nan,nan
3516,AL161430.1,3515,nan,nan,nan,nan,nan,nan,nan,nan,nan
3517,SLC15A1,3516,nan,nan,nan,nan,nan,nan,nan,nan,nan
3518,UBAC2,3517,nan,nan,nan,nan,nan,nan,nan,nan,nan
3519,GPR18,3518,nan,nan,nan,nan,nan,nan,nan,nan,nan
3520,GPR183,3519,nan,nan,nan,nan,nan,nan,nan,nan,nan
3521,AL136961.1,3520,nan,nan,nan,nan,nan,nan,nan,nan,nan
3522,ZIC5,3521,nan,nan,nan,nan,nan,nan,nan,nan,nan
3523,ZIC2,3522,nan,nan,nan,nan,nan,nan,nan,nan,nan
3524,GGACT,3523,nan,nan,nan,nan,nan,nan,nan,nan,nan
3525,CUL4A,3524,nan,nan,nan,nan,nan,nan,nan,nan,nan
3526,AL136221.1,3525,nan,nan,nan,nan,nan,nan,nan,nan,nan
3527,TFDP1,3526,nan,nan,nan,nan,nan,nan,nan,nan,nan
3528,GAS6,3527,nan,nan,nan,nan,nan,nan,nan,nan,nan
3529,BX072579.1,3528,nan,nan,nan,nan,nan,nan,nan,nan,nan
3530,BX072579.2,3529,nan,nan,nan,nan,nan,nan,nan,nan,nan
3531,AL160396.1,3530,nan,nan,nan,nan,nan,nan,nan,nan,nan
3532,CDC16,3531,nan,nan,nan,nan,nan,nan,nan,nan,nan
3533,AL160396.2,3532,nan,nan,nan,nan,nan,nan,nan,nan,nan
3534,CHAMP1,3533,nan,nan,nan,nan,nan,nan,nan,nan,nan
3535,APEX1,3534,nan,nan,nan,nan,nan,nan,nan,nan,nan
3536,RNASE4,3535,nan,nan,nan,nan,nan,nan,nan,nan,nan
3537,RNASE1,3536,nan,nan,nan,nan,nan,nan,nan,nan,nan
3538,ZNF219,3537,nan,nan,nan,nan,nan,nan,nan,nan,nan
3539,SUPT16H,3538,nan,nan,nan,nan,nan,nan,nan,nan,nan
3540,TOX4,3539,nan,nan,nan,nan,nan,nan,nan,nan,nan
3541,SALL2,3540,nan,nan,nan,nan,nan,nan,nan,nan,nan
3542,HOMEZ,3541,nan,nan,nan,nan,nan,nan,nan,nan,nan
3543,PABPN1,3542,nan,nan,nan,nan,nan,nan,nan,nan,nan
3544,ZFHX2,3543,nan,nan,nan,nan,nan,nan,nan,nan,nan
3545,AL135999.2,3544,nan,nan,nan,nan,nan,nan,nan,nan,nan
3546,AL135999.1,3545,nan,nan,nan,nan,nan,nan,nan,nan,nan
3547,AL135999.3,3546,nan,nan,nan,nan,nan,nan,nan,nan,nan
3548,DHRS2,3547,nan,nan,nan,nan,nan,nan,nan,nan,nan
3549,NRL,3548,nan,nan,nan,nan,nan,nan,nan,nan,nan
3550,RNF31,3549,nan,nan,nan,nan,nan,nan,nan,nan,nan
3551,IRF9,3550,nan,nan,nan,nan,nan,nan,nan,nan,nan
3552,NFATC4,3551,nan,nan,nan,nan,nan,nan,nan,nan,nan
3553,FOXG1,3552,nan,nan,nan,nan,nan,nan,nan,nan,nan
3554,PRKD1,3553,nan,nan,nan,nan,nan,nan,nan,nan,nan
3555,AL356756.1,3554,nan,nan,nan,nan,nan,nan,nan,nan,nan
3556,AL355053.1,3555,nan,nan,nan,nan,nan,nan,nan,nan,nan
3557,SCFD1,3556,nan,nan,nan,nan,nan,nan,nan,nan,nan
3558,AL121852.1,3557,nan,nan,nan,nan,nan,nan,nan,nan,nan
3559,AL049830.3,3558,nan,nan,nan,nan,nan,nan,nan,nan,nan
3560,STRN3,3559,nan,nan,nan,nan,nan,nan,nan,nan,nan
3561,NUBPL,3560,nan,nan,nan,nan,nan,nan,nan,nan,nan
3562,AL163973.3,3561,nan,nan,nan,nan,nan,nan,nan,nan,nan
3563,AL163973.2,3562,nan,nan,nan,nan,nan,nan,nan,nan,nan
3564,AL355112.1,3563,nan,nan,nan,nan,nan,nan,nan,nan,nan
3565,NPAS3,3564,nan,nan,nan,nan,nan,nan,nan,nan,nan
3566,PSMA6,3565,nan,nan,nan,nan,nan,nan,nan,nan,nan
3567,AL133163.2,3566,nan,nan,nan,nan,nan,nan,nan,nan,nan
3568,NFKBIA,3567,nan,nan,nan,nan,nan,nan,nan,nan,nan
3569,AL133163.3,3568,nan,nan,nan,nan,nan,nan,nan,nan,nan
3570,SLC25A21,3569,nan,nan,nan,nan,nan,nan,nan,nan,nan
3571,AL162464.2,3570,nan,nan,nan,nan,nan,nan,nan,nan,nan
3572,AL162464.1,3571,nan,nan,nan,nan,nan,nan,nan,nan,nan
3573,AL079304.1,3572,nan,nan,nan,nan,nan,nan,nan,nan,nan
3574,MIPOL1,3573,nan,nan,nan,nan,nan,nan,nan,nan,nan
3575,AL121790.2,3574,nan,nan,nan,nan,nan,nan,nan,nan,nan
3576,AL121790.1,3575,nan,nan,nan,nan,nan,nan,nan,nan,nan
3577,TTC6,3576,nan,nan,nan,nan,nan,nan,nan,nan,nan
3578,AL359233.1,3577,nan,nan,nan,nan,nan,nan,nan,nan,nan
3579,TOGARAM1,3578,nan,nan,nan,nan,nan,nan,nan,nan,nan
3580,AL121809.2,3579,nan,nan,nan,nan,nan,nan,nan,nan,nan
3581,AL121809.1,3580,nan,nan,nan,nan,nan,nan,nan,nan,nan
3582,MIS18BP1,3581,nan,nan,nan,nan,nan,nan,nan,nan,nan
3583,AL359397.2,3582,nan,nan,nan,nan,nan,nan,nan,nan,nan
3584,CDKL1,3583,nan,nan,nan,nan,nan,nan,nan,nan,nan
3585,AL359397.1,3584,nan,nan,nan,nan,nan,nan,nan,nan,nan
3586,SAV1,3585,nan,nan,nan,nan,nan,nan,nan,nan,nan
3587,AL606834.1,3586,nan,nan,nan,nan,nan,nan,nan,nan,nan
3588,AL606834.2,3587,nan,nan,nan,nan,nan,nan,nan,nan,nan
3589,NID2,3588,nan,nan,nan,nan,nan,nan,nan,nan,nan
3590,BMP4,3589,nan,nan,nan,nan,nan,nan,nan,nan,nan
3591,CDKN3,3590,nan,nan,nan,nan,nan,nan,nan,nan,nan
3592,SAMD4A,3591,nan,nan,nan,nan,nan,nan,nan,nan,nan
3593,AL133444.1,3592,nan,nan,nan,nan,nan,nan,nan,nan,nan
3594,WDHD1,3593,nan,nan,nan,nan,nan,nan,nan,nan,nan
3595,TBPL2,3594,nan,nan,nan,nan,nan,nan,nan,nan,nan
3596,KTN1,3595,nan,nan,nan,nan,nan,nan,nan,nan,nan
3597,AL355773.1,3596,nan,nan,nan,nan,nan,nan,nan,nan,nan
3598,AP5M1,3597,nan,nan,nan,nan,nan,nan,nan,nan,nan
3599,AL355834.2,3598,nan,nan,nan,nan,nan,nan,nan,nan,nan
3600,AL355834.1,3599,nan,nan,nan,nan,nan,nan,nan,nan,nan
3601,ACTR10,3600,nan,nan,nan,nan,nan,nan,nan,nan,nan
3602,AL132989.1,3601,nan,nan,nan,nan,nan,nan,nan,nan,nan
3603,AL132989.2,3602,nan,nan,nan,nan,nan,nan,nan,nan,nan
3604,ARID4A,3603,nan,nan,nan,nan,nan,nan,nan,nan,nan
3605,DACT1,3604,nan,nan,nan,nan,nan,nan,nan,nan,nan
3606,RTN1,3605,nan,nan,nan,nan,nan,nan,nan,nan,nan
3607,AL133299.1,3606,nan,nan,nan,nan,nan,nan,nan,nan,nan
3608,C14orf39,3607,nan,nan,nan,nan,nan,nan,nan,nan,nan
3609,SIX4,3608,nan,nan,nan,nan,nan,nan,nan,nan,nan
3610,MNAT1,3609,nan,nan,nan,nan,nan,nan,nan,nan,nan
3611,PRKCH,3610,nan,nan,nan,nan,nan,nan,nan,nan,nan
3612,AL359220.1,3611,nan,nan,nan,nan,nan,nan,nan,nan,nan
3613,HIF1A,3612,nan,nan,nan,nan,nan,nan,nan,nan,nan
3614,SYT16,3613,nan,nan,nan,nan,nan,nan,nan,nan,nan
3615,AL390816.1,3614,nan,nan,nan,nan,nan,nan,nan,nan,nan
3616,AL390816.2,3615,nan,nan,nan,nan,nan,nan,nan,nan,nan
3617,AL136038.3,3616,nan,nan,nan,nan,nan,nan,nan,nan,nan
3618,WDR89,3617,nan,nan,nan,nan,nan,nan,nan,nan,nan
3619,AL136038.2,3618,nan,nan,nan,nan,nan,nan,nan,nan,nan
3620,AL136038.5,3619,nan,nan,nan,nan,nan,nan,nan,nan,nan
3621,ESR2,3620,nan,nan,nan,nan,nan,nan,nan,nan,nan
3622,ZBTB25,3621,nan,nan,nan,nan,nan,nan,nan,nan,nan
3623,ZBTB1,3622,nan,nan,nan,nan,nan,nan,nan,nan,nan
3624,CHURC1,3623,nan,nan,nan,nan,nan,nan,nan,nan,nan
3625,MAX,3624,nan,nan,nan,nan,nan,nan,nan,nan,nan
3626,ZFYVE26,3625,nan,nan,nan,nan,nan,nan,nan,nan,nan
3627,AL132986.1,3626,nan,nan,nan,nan,nan,nan,nan,nan,nan
3628,ZFP36L1,3627,nan,nan,nan,nan,nan,nan,nan,nan,nan
3629,ERH,3628,nan,nan,nan,nan,nan,nan,nan,nan,nan
3630,AL157996.2,3629,nan,nan,nan,nan,nan,nan,nan,nan,nan
3631,PLEKHD1,3630,nan,nan,nan,nan,nan,nan,nan,nan,nan
3632,AL133445.3,3631,nan,nan,nan,nan,nan,nan,nan,nan,nan
3633,AL133445.2,3632,nan,nan,nan,nan,nan,nan,nan,nan,nan
3634,AL357153.2,3633,nan,nan,nan,nan,nan,nan,nan,nan,nan
3635,ADAM21,3634,nan,nan,nan,nan,nan,nan,nan,nan,nan
3636,MED6,3635,nan,nan,nan,nan,nan,nan,nan,nan,nan
3637,AL357153.1,3636,nan,nan,nan,nan,nan,nan,nan,nan,nan
3638,TTC9,3637,nan,nan,nan,nan,nan,nan,nan,nan,nan
3639,MAP3K9,3638,nan,nan,nan,nan,nan,nan,nan,nan,nan
3640,AC004816.1,3639,nan,nan,nan,nan,nan,nan,nan,nan,nan
3641,AC004816.2,3640,nan,nan,nan,nan,nan,nan,nan,nan,nan
3642,PCNX1,3641,nan,nan,nan,nan,nan,nan,nan,nan,nan
3643,AC004817.3,3642,nan,nan,nan,nan,nan,nan,nan,nan,nan
3644,AC004817.5,3643,nan,nan,nan,nan,nan,nan,nan,nan,nan
3645,AC004817.2,3644,nan,nan,nan,nan,nan,nan,nan,nan,nan
3646,AC004817.1,3645,nan,nan,nan,nan,nan,nan,nan,nan,nan
3647,AC004817.4,3646,nan,nan,nan,nan,nan,nan,nan,nan,nan
3648,SIPA1L1,3647,nan,nan,nan,nan,nan,nan,nan,nan,nan
3649,AC004900.1,3648,nan,nan,nan,nan,nan,nan,nan,nan,nan
3650,RGS6,3649,nan,nan,nan,nan,nan,nan,nan,nan,nan
3651,DPF3,3650,nan,nan,nan,nan,nan,nan,nan,nan,nan
3652,ZFYVE1,3651,nan,nan,nan,nan,nan,nan,nan,nan,nan
3653,AL442663.3,3652,nan,nan,nan,nan,nan,nan,nan,nan,nan
3654,RIOX1,3653,nan,nan,nan,nan,nan,nan,nan,nan,nan
3655,ELMSAN1,3654,nan,nan,nan,nan,nan,nan,nan,nan,nan
3656,ZNF410,3655,nan,nan,nan,nan,nan,nan,nan,nan,nan
3657,AC005480.1,3656,nan,nan,nan,nan,nan,nan,nan,nan,nan
3658,SYNDIG1L,3657,nan,nan,nan,nan,nan,nan,nan,nan,nan
3659,LTBP2,3658,nan,nan,nan,nan,nan,nan,nan,nan,nan
3660,AC013451.1,3659,nan,nan,nan,nan,nan,nan,nan,nan,nan
3661,AC013451.2,3660,nan,nan,nan,nan,nan,nan,nan,nan,nan
3662,FOS,3661,nan,nan,nan,nan,nan,nan,nan,nan,nan
3663,JDP2,3662,nan,nan,nan,nan,nan,nan,nan,nan,nan
3664,BATF,3663,nan,nan,nan,nan,nan,nan,nan,nan,nan
3665,ESRRB,3664,nan,nan,nan,nan,nan,nan,nan,nan,nan
3666,AC008050.1,3665,nan,nan,nan,nan,nan,nan,nan,nan,nan
3667,AC007376.2,3666,nan,nan,nan,nan,nan,nan,nan,nan,nan
3668,VASH1,3667,nan,nan,nan,nan,nan,nan,nan,nan,nan
3669,AF111169.3,3668,nan,nan,nan,nan,nan,nan,nan,nan,nan
3670,AF111169.1,3669,nan,nan,nan,nan,nan,nan,nan,nan,nan
3671,AF111169.4,3670,nan,nan,nan,nan,nan,nan,nan,nan,nan
3672,AF111169.2,3671,nan,nan,nan,nan,nan,nan,nan,nan,nan
3673,ZDHHC22,3672,nan,nan,nan,nan,nan,nan,nan,nan,nan
3674,SNW1,3673,nan,nan,nan,nan,nan,nan,nan,nan,nan
3675,NRXN3,3674,nan,nan,nan,nan,nan,nan,nan,nan,nan
3676,AF099810.1,3675,nan,nan,nan,nan,nan,nan,nan,nan,nan
3677,AC009396.2,3676,nan,nan,nan,nan,nan,nan,nan,nan,nan
3678,AC009396.3,3677,nan,nan,nan,nan,nan,nan,nan,nan,nan
3679,AC009396.1,3678,nan,nan,nan,nan,nan,nan,nan,nan,nan
3680,AL136040.2,3679,nan,nan,nan,nan,nan,nan,nan,nan,nan
3681,GTF2A1,3680,nan,nan,nan,nan,nan,nan,nan,nan,nan
3682,AL136040.1,3681,nan,nan,nan,nan,nan,nan,nan,nan,nan
3683,GPR65,3682,nan,nan,nan,nan,nan,nan,nan,nan,nan
3684,PTPN21,3683,nan,nan,nan,nan,nan,nan,nan,nan,nan
3685,AL162171.2,3684,nan,nan,nan,nan,nan,nan,nan,nan,nan
3686,AL162171.1,3685,nan,nan,nan,nan,nan,nan,nan,nan,nan
3687,ZC3H14,3686,nan,nan,nan,nan,nan,nan,nan,nan,nan
3688,AL162171.3,3687,nan,nan,nan,nan,nan,nan,nan,nan,nan
3689,TDP1,3688,nan,nan,nan,nan,nan,nan,nan,nan,nan
3690,AL096869.3,3689,nan,nan,nan,nan,nan,nan,nan,nan,nan
3691,TTC7B,3690,nan,nan,nan,nan,nan,nan,nan,nan,nan
3692,AL096869.1,3691,nan,nan,nan,nan,nan,nan,nan,nan,nan
3693,AL096869.2,3692,nan,nan,nan,nan,nan,nan,nan,nan,nan
3694,AL122020.2,3693,nan,nan,nan,nan,nan,nan,nan,nan,nan
3695,RPS6KA5,3694,nan,nan,nan,nan,nan,nan,nan,nan,nan
3696,DGLUCY,3695,nan,nan,nan,nan,nan,nan,nan,nan,nan
3697,AL135818.1,3696,nan,nan,nan,nan,nan,nan,nan,nan,nan
3698,AL135818.2,3697,nan,nan,nan,nan,nan,nan,nan,nan,nan
3699,AL135818.3,3698,nan,nan,nan,nan,nan,nan,nan,nan,nan
3700,TRIP11,3699,nan,nan,nan,nan,nan,nan,nan,nan,nan
3701,SERPINA5,3700,nan,nan,nan,nan,nan,nan,nan,nan,nan
3702,BDKRB2,3701,nan,nan,nan,nan,nan,nan,nan,nan,nan
3703,AL162151.3,3702,nan,nan,nan,nan,nan,nan,nan,nan,nan
3704,AL162151.1,3703,nan,nan,nan,nan,nan,nan,nan,nan,nan
3705,BCL11B,3704,nan,nan,nan,nan,nan,nan,nan,nan,nan
3706,AL109767.1,3705,nan,nan,nan,nan,nan,nan,nan,nan,nan
3707,CCDC85C,3706,nan,nan,nan,nan,nan,nan,nan,nan,nan
3708,AL110504.1,3707,nan,nan,nan,nan,nan,nan,nan,nan,nan
3709,AL160313.1,3708,nan,nan,nan,nan,nan,nan,nan,nan,nan
3710,AL160313.2,3709,nan,nan,nan,nan,nan,nan,nan,nan,nan
3711,EVL,3710,nan,nan,nan,nan,nan,nan,nan,nan,nan
3712,AL133368.2,3711,nan,nan,nan,nan,nan,nan,nan,nan,nan
3713,YY1,3712,nan,nan,nan,nan,nan,nan,nan,nan,nan
3714,ZNF839,3713,nan,nan,nan,nan,nan,nan,nan,nan,nan
3715,RCOR1,3714,nan,nan,nan,nan,nan,nan,nan,nan,nan
3716,INF2,3715,nan,nan,nan,nan,nan,nan,nan,nan,nan
3717,SIVA1,3716,nan,nan,nan,nan,nan,nan,nan,nan,nan
3718,AKT1,3717,nan,nan,nan,nan,nan,nan,nan,nan,nan
3719,PLD4,3718,nan,nan,nan,nan,nan,nan,nan,nan,nan
3720,GPR132,3719,nan,nan,nan,nan,nan,nan,nan,nan,nan
3721,AL512356.4,3720,nan,nan,nan,nan,nan,nan,nan,nan,nan
3722,AL512356.5,3721,nan,nan,nan,nan,nan,nan,nan,nan,nan
3723,JAG2,3722,nan,nan,nan,nan,nan,nan,nan,nan,nan
3724,BRF1,3723,nan,nan,nan,nan,nan,nan,nan,nan,nan
3725,MTA1,3724,nan,nan,nan,nan,nan,nan,nan,nan,nan
3726,AC012414.5,3725,nan,nan,nan,nan,nan,nan,nan,nan,nan
3727,AC012414.3,3726,nan,nan,nan,nan,nan,nan,nan,nan,nan
3728,AC012414.4,3727,nan,nan,nan,nan,nan,nan,nan,nan,nan
3729,AC134980.2,3728,nan,nan,nan,nan,nan,nan,nan,nan,nan
3730,MKRN3,3729,nan,nan,nan,nan,nan,nan,nan,nan,nan
3731,AC126407.1,3730,nan,nan,nan,nan,nan,nan,nan,nan,nan
3732,NDN,3731,nan,nan,nan,nan,nan,nan,nan,nan,nan
3733,GABRA5,3732,nan,nan,nan,nan,nan,nan,nan,nan,nan
3734,AC026150.1,3733,nan,nan,nan,nan,nan,nan,nan,nan,nan
3735,GOLGA8H,3734,nan,nan,nan,nan,nan,nan,nan,nan,nan
3736,AC026150.3,3735,nan,nan,nan,nan,nan,nan,nan,nan,nan
3737,AC091057.3,3736,nan,nan,nan,nan,nan,nan,nan,nan,nan
3738,AC091057.2,3737,nan,nan,nan,nan,nan,nan,nan,nan,nan
3739,AC091057.6,3738,nan,nan,nan,nan,nan,nan,nan,nan,nan
3740,FAN1,3739,nan,nan,nan,nan,nan,nan,nan,nan,nan
3741,KLF13,3740,nan,nan,nan,nan,nan,nan,nan,nan,nan
3742,AC090877.2,3741,nan,nan,nan,nan,nan,nan,nan,nan,nan
3743,GREM1,3742,nan,nan,nan,nan,nan,nan,nan,nan,nan
3744,ZNF770,3743,nan,nan,nan,nan,nan,nan,nan,nan,nan
3745,C15orf41,3744,nan,nan,nan,nan,nan,nan,nan,nan,nan
3746,AC013640.1,3745,nan,nan,nan,nan,nan,nan,nan,nan,nan
3747,MEIS2,3746,nan,nan,nan,nan,nan,nan,nan,nan,nan
3748,AC078909.1,3747,nan,nan,nan,nan,nan,nan,nan,nan,nan
3749,AC078909.2,3748,nan,nan,nan,nan,nan,nan,nan,nan,nan
3750,EIF2AK4,3749,nan,nan,nan,nan,nan,nan,nan,nan,nan
3751,BUB1B,3750,nan,nan,nan,nan,nan,nan,nan,nan,nan
3752,PAK6,3751,nan,nan,nan,nan,nan,nan,nan,nan,nan
3753,AC020658.4,3752,nan,nan,nan,nan,nan,nan,nan,nan,nan
3754,AC020658.3,3753,nan,nan,nan,nan,nan,nan,nan,nan,nan
3755,PLCB2,3754,nan,nan,nan,nan,nan,nan,nan,nan,nan
3756,AC020658.5,3755,nan,nan,nan,nan,nan,nan,nan,nan,nan
3757,AC020658.2,3756,nan,nan,nan,nan,nan,nan,nan,nan,nan
3758,AC013356.4,3757,nan,nan,nan,nan,nan,nan,nan,nan,nan
3759,BAHD1,3758,nan,nan,nan,nan,nan,nan,nan,nan,nan
3760,AC013356.3,3759,nan,nan,nan,nan,nan,nan,nan,nan,nan
3761,AC013356.2,3760,nan,nan,nan,nan,nan,nan,nan,nan,nan
3762,CHST14,3761,nan,nan,nan,nan,nan,nan,nan,nan,nan
3763,AC022405.1,3762,nan,nan,nan,nan,nan,nan,nan,nan,nan
3764,RAD51,3763,nan,nan,nan,nan,nan,nan,nan,nan,nan
3765,GCHFR,3764,nan,nan,nan,nan,nan,nan,nan,nan,nan
3766,CHP1,3765,nan,nan,nan,nan,nan,nan,nan,nan,nan
3767,MGA,3766,nan,nan,nan,nan,nan,nan,nan,nan,nan
3768,CAPN3,3767,nan,nan,nan,nan,nan,nan,nan,nan,nan
3769,ZNF106,3768,nan,nan,nan,nan,nan,nan,nan,nan,nan
3770,EPB42,3769,nan,nan,nan,nan,nan,nan,nan,nan,nan
3771,TGM5,3770,nan,nan,nan,nan,nan,nan,nan,nan,nan
3772,ZSCAN29,3771,nan,nan,nan,nan,nan,nan,nan,nan,nan
3773,TP53BP1,3772,nan,nan,nan,nan,nan,nan,nan,nan,nan
3774,ELL3,3773,nan,nan,nan,nan,nan,nan,nan,nan,nan
3775,HYPK,3774,nan,nan,nan,nan,nan,nan,nan,nan,nan
3776,GATM,3775,nan,nan,nan,nan,nan,nan,nan,nan,nan
3777,AC025580.3,3776,nan,nan,nan,nan,nan,nan,nan,nan,nan
3778,AC025580.1,3777,nan,nan,nan,nan,nan,nan,nan,nan,nan
3779,AC025580.2,3778,nan,nan,nan,nan,nan,nan,nan,nan,nan
3780,SEMA6D,3779,nan,nan,nan,nan,nan,nan,nan,nan,nan
3781,AC023905.1,3780,nan,nan,nan,nan,nan,nan,nan,nan,nan
3782,AC009558.1,3781,nan,nan,nan,nan,nan,nan,nan,nan,nan
3783,AC009558.2,3782,nan,nan,nan,nan,nan,nan,nan,nan,nan
3784,AC012050.1,3783,nan,nan,nan,nan,nan,nan,nan,nan,nan
3785,MYEF2,3784,nan,nan,nan,nan,nan,nan,nan,nan,nan
3786,FBN1,3785,nan,nan,nan,nan,nan,nan,nan,nan,nan
3787,AC084757.3,3786,nan,nan,nan,nan,nan,nan,nan,nan,nan
3788,AC084757.4,3787,nan,nan,nan,nan,nan,nan,nan,nan,nan
3789,AC084757.2,3788,nan,nan,nan,nan,nan,nan,nan,nan,nan
3790,EID1,3789,nan,nan,nan,nan,nan,nan,nan,nan,nan
3791,COPS2,3790,nan,nan,nan,nan,nan,nan,nan,nan,nan
3792,GABPB1,3791,nan,nan,nan,nan,nan,nan,nan,nan,nan
3793,SPPL2A,3792,nan,nan,nan,nan,nan,nan,nan,nan,nan
3794,AC012100.2,3793,nan,nan,nan,nan,nan,nan,nan,nan,nan
3795,AC023906.5,3794,nan,nan,nan,nan,nan,nan,nan,nan,nan
3796,AC023906.2,3795,nan,nan,nan,nan,nan,nan,nan,nan,nan
3797,GNB5,3796,nan,nan,nan,nan,nan,nan,nan,nan,nan
3798,AC023906.3,3797,nan,nan,nan,nan,nan,nan,nan,nan,nan
3799,AC023906.4,3798,nan,nan,nan,nan,nan,nan,nan,nan,nan
3800,FAM214A,3799,nan,nan,nan,nan,nan,nan,nan,nan,nan
3801,AC009754.1,3800,nan,nan,nan,nan,nan,nan,nan,nan,nan
3802,AC009754.2,3801,nan,nan,nan,nan,nan,nan,nan,nan,nan
3803,ONECUT1,3802,nan,nan,nan,nan,nan,nan,nan,nan,nan
3804,PIGBOS1,3803,nan,nan,nan,nan,nan,nan,nan,nan,nan
3805,RFX7,3804,nan,nan,nan,nan,nan,nan,nan,nan,nan
3806,AC090518.1,3805,nan,nan,nan,nan,nan,nan,nan,nan,nan
3807,ZNF280D,3806,nan,nan,nan,nan,nan,nan,nan,nan,nan
3808,AC010999.2,3807,nan,nan,nan,nan,nan,nan,nan,nan,nan
3809,AC010999.1,3808,nan,nan,nan,nan,nan,nan,nan,nan,nan
3810,TCF12,3809,nan,nan,nan,nan,nan,nan,nan,nan,nan
3811,LIPC,3810,nan,nan,nan,nan,nan,nan,nan,nan,nan
3812,GTF2A2,3811,nan,nan,nan,nan,nan,nan,nan,nan,nan
3813,AC092755.1,3812,nan,nan,nan,nan,nan,nan,nan,nan,nan
3814,AC092755.2,3813,nan,nan,nan,nan,nan,nan,nan,nan,nan
3815,FOXB1,3814,nan,nan,nan,nan,nan,nan,nan,nan,nan
3816,RORA,3815,nan,nan,nan,nan,nan,nan,nan,nan,nan
3817,AC107241.1,3816,nan,nan,nan,nan,nan,nan,nan,nan,nan
3818,AC022898.1,3817,nan,nan,nan,nan,nan,nan,nan,nan,nan
3819,AC022898.2,3818,nan,nan,nan,nan,nan,nan,nan,nan,nan
3820,C2CD4B,3819,nan,nan,nan,nan,nan,nan,nan,nan,nan
3821,AC126323.2,3820,nan,nan,nan,nan,nan,nan,nan,nan,nan
3822,AC126323.3,3821,nan,nan,nan,nan,nan,nan,nan,nan,nan
3823,AC126323.6,3822,nan,nan,nan,nan,nan,nan,nan,nan,nan
3824,AC126323.5,3823,nan,nan,nan,nan,nan,nan,nan,nan,nan
3825,TLN2,3824,nan,nan,nan,nan,nan,nan,nan,nan,nan
3826,AC100839.1,3825,nan,nan,nan,nan,nan,nan,nan,nan,nan
3827,AC100839.2,3826,nan,nan,nan,nan,nan,nan,nan,nan,nan
3828,ZNF609,3827,nan,nan,nan,nan,nan,nan,nan,nan,nan
3829,PDCD7,3828,nan,nan,nan,nan,nan,nan,nan,nan,nan
3830,SNAPC5,3829,nan,nan,nan,nan,nan,nan,nan,nan,nan
3831,SMAD6,3830,nan,nan,nan,nan,nan,nan,nan,nan,nan
3832,AC110048.2,3831,nan,nan,nan,nan,nan,nan,nan,nan,nan
3833,SMAD3,3832,nan,nan,nan,nan,nan,nan,nan,nan,nan
3834,MAP2K5,3833,nan,nan,nan,nan,nan,nan,nan,nan,nan
3835,PIAS1,3834,nan,nan,nan,nan,nan,nan,nan,nan,nan
3836,AC107871.2,3835,nan,nan,nan,nan,nan,nan,nan,nan,nan
3837,ITGA11,3836,nan,nan,nan,nan,nan,nan,nan,nan,nan
3838,AC100825.1,3837,nan,nan,nan,nan,nan,nan,nan,nan,nan
3839,AC087639.2,3838,nan,nan,nan,nan,nan,nan,nan,nan,nan
3840,NOX5,3839,nan,nan,nan,nan,nan,nan,nan,nan,nan
3841,AC027088.5,3840,nan,nan,nan,nan,nan,nan,nan,nan,nan
3842,AC027088.3,3841,nan,nan,nan,nan,nan,nan,nan,nan,nan
3843,AC027088.2,3842,nan,nan,nan,nan,nan,nan,nan,nan,nan
3844,GLCE,3843,nan,nan,nan,nan,nan,nan,nan,nan,nan
3845,AC026992.2,3844,nan,nan,nan,nan,nan,nan,nan,nan,nan
3846,AC026992.1,3845,nan,nan,nan,nan,nan,nan,nan,nan,nan
3847,KIF23,3846,nan,nan,nan,nan,nan,nan,nan,nan,nan
3848,TLE3,3847,nan,nan,nan,nan,nan,nan,nan,nan,nan
3849,THAP10,3848,nan,nan,nan,nan,nan,nan,nan,nan,nan
3850,THSD4,3849,nan,nan,nan,nan,nan,nan,nan,nan,nan
3851,AC064799.2,3850,nan,nan,nan,nan,nan,nan,nan,nan,nan
3852,AC104938.1,3851,nan,nan,nan,nan,nan,nan,nan,nan,nan
3853,PML,3852,nan,nan,nan,nan,nan,nan,nan,nan,nan
3854,ISLR2,3853,nan,nan,nan,nan,nan,nan,nan,nan,nan
3855,AC010931.2,3854,nan,nan,nan,nan,nan,nan,nan,nan,nan
3856,AC010931.3,3855,nan,nan,nan,nan,nan,nan,nan,nan,nan
3857,ARID3B,3856,nan,nan,nan,nan,nan,nan,nan,nan,nan
3858,LMAN1L,3857,nan,nan,nan,nan,nan,nan,nan,nan,nan
3859,NEIL1,3858,nan,nan,nan,nan,nan,nan,nan,nan,nan
3860,SIN3A,3859,nan,nan,nan,nan,nan,nan,nan,nan,nan
3861,SCAPER,3860,nan,nan,nan,nan,nan,nan,nan,nan,nan
3862,HMG20A,3861,nan,nan,nan,nan,nan,nan,nan,nan,nan
3863,CHRNB4,3862,nan,nan,nan,nan,nan,nan,nan,nan,nan
3864,AC067863.1,3863,nan,nan,nan,nan,nan,nan,nan,nan,nan
3865,MINAR1,3864,nan,nan,nan,nan,nan,nan,nan,nan,nan
3866,AC016705.2,3865,nan,nan,nan,nan,nan,nan,nan,nan,nan
3867,ARNT2,3866,nan,nan,nan,nan,nan,nan,nan,nan,nan
3868,AC016705.1,3867,nan,nan,nan,nan,nan,nan,nan,nan,nan
3869,AC016705.3,3868,nan,nan,nan,nan,nan,nan,nan,nan,nan
3870,ABHD17C,3869,nan,nan,nan,nan,nan,nan,nan,nan,nan
3871,AC023302.1,3870,nan,nan,nan,nan,nan,nan,nan,nan,nan
3872,AC023302.2,3871,nan,nan,nan,nan,nan,nan,nan,nan,nan
3873,CPEB1,3872,nan,nan,nan,nan,nan,nan,nan,nan,nan
3874,AC105339.3,3873,nan,nan,nan,nan,nan,nan,nan,nan,nan
3875,AC105339.6,3874,nan,nan,nan,nan,nan,nan,nan,nan,nan
3876,ZSCAN2,3875,nan,nan,nan,nan,nan,nan,nan,nan,nan
3877,SEC11A,3876,nan,nan,nan,nan,nan,nan,nan,nan,nan
3878,AC115102.1,3877,nan,nan,nan,nan,nan,nan,nan,nan,nan
3879,AC012291.3,3878,nan,nan,nan,nan,nan,nan,nan,nan,nan
3880,ZNF592,3879,nan,nan,nan,nan,nan,nan,nan,nan,nan
3881,AC012291.2,3880,nan,nan,nan,nan,nan,nan,nan,nan,nan
3882,AKAP13,3881,nan,nan,nan,nan,nan,nan,nan,nan,nan
3883,AC087286.3,3882,nan,nan,nan,nan,nan,nan,nan,nan,nan
3884,AC087286.2,3883,nan,nan,nan,nan,nan,nan,nan,nan,nan
3885,AC087286.1,3884,nan,nan,nan,nan,nan,nan,nan,nan,nan
3886,AC087286.4,3885,nan,nan,nan,nan,nan,nan,nan,nan,nan
3887,AC021739.4,3886,nan,nan,nan,nan,nan,nan,nan,nan,nan
3888,AC021739.2,3887,nan,nan,nan,nan,nan,nan,nan,nan,nan
3889,AC021739.5,3888,nan,nan,nan,nan,nan,nan,nan,nan,nan
3890,AC021739.3,3889,nan,nan,nan,nan,nan,nan,nan,nan,nan
3891,KLHL25,3890,nan,nan,nan,nan,nan,nan,nan,nan,nan
3892,RLBP1,3891,nan,nan,nan,nan,nan,nan,nan,nan,nan
3893,POLG,3892,nan,nan,nan,nan,nan,nan,nan,nan,nan
3894,AC124068.2,3893,nan,nan,nan,nan,nan,nan,nan,nan,nan
3895,TICRR,3894,nan,nan,nan,nan,nan,nan,nan,nan,nan
3896,MESP1,3895,nan,nan,nan,nan,nan,nan,nan,nan,nan
3897,ZNF710,3896,nan,nan,nan,nan,nan,nan,nan,nan,nan
3898,CIB1,3897,nan,nan,nan,nan,nan,nan,nan,nan,nan
3899,ZNF774,3898,nan,nan,nan,nan,nan,nan,nan,nan,nan
3900,IQGAP1,3899,nan,nan,nan,nan,nan,nan,nan,nan,nan
3901,AC018946.1,3900,nan,nan,nan,nan,nan,nan,nan,nan,nan
3902,CRTC3,3901,nan,nan,nan,nan,nan,nan,nan,nan,nan
3903,AC103739.1,3902,nan,nan,nan,nan,nan,nan,nan,nan,nan
3904,AC103739.2,3903,nan,nan,nan,nan,nan,nan,nan,nan,nan
3905,AC103739.3,3904,nan,nan,nan,nan,nan,nan,nan,nan,nan
3906,AC021422.1,3905,nan,nan,nan,nan,nan,nan,nan,nan,nan
3907,BLM,3906,nan,nan,nan,nan,nan,nan,nan,nan,nan
3908,CHD2,3907,nan,nan,nan,nan,nan,nan,nan,nan,nan
3909,MCTP2,3908,nan,nan,nan,nan,nan,nan,nan,nan,nan
3910,NR2F2,3909,nan,nan,nan,nan,nan,nan,nan,nan,nan
3911,IGF1R,3910,nan,nan,nan,nan,nan,nan,nan,nan,nan
3912,AC055807.1,3911,nan,nan,nan,nan,nan,nan,nan,nan,nan
3913,AC069029.1,3912,nan,nan,nan,nan,nan,nan,nan,nan,nan
3914,AC036108.1,3913,nan,nan,nan,nan,nan,nan,nan,nan,nan
3915,PGPEP1L,3914,nan,nan,nan,nan,nan,nan,nan,nan,nan
3916,AC036108.2,3915,nan,nan,nan,nan,nan,nan,nan,nan,nan
3917,AC036108.3,3916,nan,nan,nan,nan,nan,nan,nan,nan,nan
3918,ADAMTS17,3917,nan,nan,nan,nan,nan,nan,nan,nan,nan
3919,AC022710.1,3918,nan,nan,nan,nan,nan,nan,nan,nan,nan
3920,CERS3,3919,nan,nan,nan,nan,nan,nan,nan,nan,nan
3921,PCSK6,3920,nan,nan,nan,nan,nan,nan,nan,nan,nan
3922,AC090164.2,3921,nan,nan,nan,nan,nan,nan,nan,nan,nan
3923,AC090164.3,3922,nan,nan,nan,nan,nan,nan,nan,nan,nan
3924,AC090164.4,3923,nan,nan,nan,nan,nan,nan,nan,nan,nan
3925,AC090164.5,3924,nan,nan,nan,nan,nan,nan,nan,nan,nan
3926,RHBDF1,3925,nan,nan,nan,nan,nan,nan,nan,nan,nan
3927,MPG,3926,nan,nan,nan,nan,nan,nan,nan,nan,nan
3928,NPRL3,3927,nan,nan,nan,nan,nan,nan,nan,nan,nan
3929,Z69720.1,3928,nan,nan,nan,nan,nan,nan,nan,nan,nan
3930,Z69666.1,3929,nan,nan,nan,nan,nan,nan,nan,nan,nan
3931,HBA1,3930,nan,nan,nan,nan,nan,nan,nan,nan,nan
3932,RGS11,3931,nan,nan,nan,nan,nan,nan,nan,nan,nan
3933,PDIA2,3932,nan,nan,nan,nan,nan,nan,nan,nan,nan
3934,MRPL28,3933,nan,nan,nan,nan,nan,nan,nan,nan,nan
3935,NME4,3934,nan,nan,nan,nan,nan,nan,nan,nan,nan
3936,AL023881.1,3935,nan,nan,nan,nan,nan,nan,nan,nan,nan
3937,CAPN15,3936,nan,nan,nan,nan,nan,nan,nan,nan,nan
3938,FBXL16,3937,nan,nan,nan,nan,nan,nan,nan,nan,nan
3939,Z97653.1,3938,nan,nan,nan,nan,nan,nan,nan,nan,nan
3940,SOX8,3939,nan,nan,nan,nan,nan,nan,nan,nan,nan
3941,TPSD1,3940,nan,nan,nan,nan,nan,nan,nan,nan,nan
3942,UNKL,3941,nan,nan,nan,nan,nan,nan,nan,nan,nan
3943,IFT140,3942,nan,nan,nan,nan,nan,nan,nan,nan,nan
3944,AL031705.1,3943,nan,nan,nan,nan,nan,nan,nan,nan,nan
3945,CRAMP1,3944,nan,nan,nan,nan,nan,nan,nan,nan,nan
3946,AC005363.2,3945,nan,nan,nan,nan,nan,nan,nan,nan,nan
3947,ZNF598,3946,nan,nan,nan,nan,nan,nan,nan,nan,nan
3948,TSC2,3947,nan,nan,nan,nan,nan,nan,nan,nan,nan
3949,AC009065.2,3948,nan,nan,nan,nan,nan,nan,nan,nan,nan
3950,AC009065.5,3949,nan,nan,nan,nan,nan,nan,nan,nan,nan
3951,AC009065.6,3950,nan,nan,nan,nan,nan,nan,nan,nan,nan
3952,AC009065.3,3951,nan,nan,nan,nan,nan,nan,nan,nan,nan
3953,TRAF7,3952,nan,nan,nan,nan,nan,nan,nan,nan,nan
3954,AC009065.7,3953,nan,nan,nan,nan,nan,nan,nan,nan,nan
3955,E4F1,3954,nan,nan,nan,nan,nan,nan,nan,nan,nan
3956,AC009065.1,3955,nan,nan,nan,nan,nan,nan,nan,nan,nan
3957,AC009065.8,3956,nan,nan,nan,nan,nan,nan,nan,nan,nan
3958,AC009065.4,3957,nan,nan,nan,nan,nan,nan,nan,nan,nan
3959,KCTD5,3958,nan,nan,nan,nan,nan,nan,nan,nan,nan
3960,PRSS27,3959,nan,nan,nan,nan,nan,nan,nan,nan,nan
3961,AC092117.1,3960,nan,nan,nan,nan,nan,nan,nan,nan,nan
3962,FLYWCH1,3961,nan,nan,nan,nan,nan,nan,nan,nan,nan
3963,HCFC1R1,3962,nan,nan,nan,nan,nan,nan,nan,nan,nan
3964,AC108134.1,3963,nan,nan,nan,nan,nan,nan,nan,nan,nan
3965,IL32,3964,nan,nan,nan,nan,nan,nan,nan,nan,nan
3966,AC108134.3,3965,nan,nan,nan,nan,nan,nan,nan,nan,nan
3967,AC108134.4,3966,nan,nan,nan,nan,nan,nan,nan,nan,nan
3968,ZNF205,3967,nan,nan,nan,nan,nan,nan,nan,nan,nan
3969,ZNF213,3968,nan,nan,nan,nan,nan,nan,nan,nan,nan
3970,AC108134.2,3969,nan,nan,nan,nan,nan,nan,nan,nan,nan
3971,ZNF200,3970,nan,nan,nan,nan,nan,nan,nan,nan,nan
3972,ZNF263,3971,nan,nan,nan,nan,nan,nan,nan,nan,nan
3973,TIGD7,3972,nan,nan,nan,nan,nan,nan,nan,nan,nan
3974,ZNF75A,3973,nan,nan,nan,nan,nan,nan,nan,nan,nan
3975,AC004232.1,3974,nan,nan,nan,nan,nan,nan,nan,nan,nan
3976,ZSCAN32,3975,nan,nan,nan,nan,nan,nan,nan,nan,nan
3977,ZNF597,3976,nan,nan,nan,nan,nan,nan,nan,nan,nan
3978,NLRC3,3977,nan,nan,nan,nan,nan,nan,nan,nan,nan
3979,CREBBP,3978,nan,nan,nan,nan,nan,nan,nan,nan,nan
3980,AC005736.1,3979,nan,nan,nan,nan,nan,nan,nan,nan,nan
3981,ADCY9,3980,nan,nan,nan,nan,nan,nan,nan,nan,nan
3982,AC005736.2,3981,nan,nan,nan,nan,nan,nan,nan,nan,nan
3983,TFAP4,3982,nan,nan,nan,nan,nan,nan,nan,nan,nan
3984,GLIS2,3983,nan,nan,nan,nan,nan,nan,nan,nan,nan
3985,DNAJA3,3984,nan,nan,nan,nan,nan,nan,nan,nan,nan
3986,AC023830.3,3985,nan,nan,nan,nan,nan,nan,nan,nan,nan
3987,C16orf96,3986,nan,nan,nan,nan,nan,nan,nan,nan,nan
3988,AC023830.2,3987,nan,nan,nan,nan,nan,nan,nan,nan,nan
3989,AC023830.1,3988,nan,nan,nan,nan,nan,nan,nan,nan,nan
3990,ZNF500,3989,nan,nan,nan,nan,nan,nan,nan,nan,nan
3991,GLYR1,3990,nan,nan,nan,nan,nan,nan,nan,nan,nan
3992,UBN1,3991,nan,nan,nan,nan,nan,nan,nan,nan,nan
3993,SEC14L5,3992,nan,nan,nan,nan,nan,nan,nan,nan,nan
3994,AC022167.2,3993,nan,nan,nan,nan,nan,nan,nan,nan,nan
3995,CARHSP1,3994,nan,nan,nan,nan,nan,nan,nan,nan,nan
3996,AC022167.1,3995,nan,nan,nan,nan,nan,nan,nan,nan,nan
3997,AC022167.4,3996,nan,nan,nan,nan,nan,nan,nan,nan,nan
3998,USP7,3997,nan,nan,nan,nan,nan,nan,nan,nan,nan
3999,AC022167.3,3998,nan,nan,nan,nan,nan,nan,nan,nan,nan
4000,GRIN2A,3999,nan,nan,nan,nan,nan,nan,nan,nan,nan
4001,AC133565.1,4000,nan,nan,nan,nan,nan,nan,nan,nan,nan
4002,TEKT5,4001,nan,nan,nan,nan,nan,nan,nan,nan,nan
4003,AC007595.1,4002,nan,nan,nan,nan,nan,nan,nan,nan,nan
4004,CIITA,4003,nan,nan,nan,nan,nan,nan,nan,nan,nan
4005,CLEC16A,4004,nan,nan,nan,nan,nan,nan,nan,nan,nan
4006,AC007014.2,4005,nan,nan,nan,nan,nan,nan,nan,nan,nan
4007,AC007014.1,4006,nan,nan,nan,nan,nan,nan,nan,nan,nan
4008,AC007220.2,4007,nan,nan,nan,nan,nan,nan,nan,nan,nan
4009,AC007220.1,4008,nan,nan,nan,nan,nan,nan,nan,nan,nan
4010,SOCS1,4009,nan,nan,nan,nan,nan,nan,nan,nan,nan
4011,TXNDC11,4010,nan,nan,nan,nan,nan,nan,nan,nan,nan
4012,AC007613.1,4011,nan,nan,nan,nan,nan,nan,nan,nan,nan
4013,ZC3H7A,4012,nan,nan,nan,nan,nan,nan,nan,nan,nan
4014,SNX29,4013,nan,nan,nan,nan,nan,nan,nan,nan,nan
4015,AC007601.1,4014,nan,nan,nan,nan,nan,nan,nan,nan,nan
4016,AC007601.2,4015,nan,nan,nan,nan,nan,nan,nan,nan,nan
4017,AC007598.2,4016,nan,nan,nan,nan,nan,nan,nan,nan,nan
4018,AC007598.1,4017,nan,nan,nan,nan,nan,nan,nan,nan,nan
4019,AC131391.1,4018,nan,nan,nan,nan,nan,nan,nan,nan,nan
4020,AC010333.1,4019,nan,nan,nan,nan,nan,nan,nan,nan,nan
4021,AC010333.2,4020,nan,nan,nan,nan,nan,nan,nan,nan,nan
4022,AC010333.3,4021,nan,nan,nan,nan,nan,nan,nan,nan,nan
4023,CPPED1,4022,nan,nan,nan,nan,nan,nan,nan,nan,nan
4024,AC109597.1,4023,nan,nan,nan,nan,nan,nan,nan,nan,nan
4025,AC109597.2,4024,nan,nan,nan,nan,nan,nan,nan,nan,nan
4026,ERCC4,4025,nan,nan,nan,nan,nan,nan,nan,nan,nan
4027,PLA2G10,4026,nan,nan,nan,nan,nan,nan,nan,nan,nan
4028,RRN3,4027,nan,nan,nan,nan,nan,nan,nan,nan,nan
4029,CLEC19A,4028,nan,nan,nan,nan,nan,nan,nan,nan,nan
4030,ACSM1,4029,nan,nan,nan,nan,nan,nan,nan,nan,nan
4031,AC092119.2,4030,nan,nan,nan,nan,nan,nan,nan,nan,nan
4032,AC092119.3,4031,nan,nan,nan,nan,nan,nan,nan,nan,nan
4033,USP31,4032,nan,nan,nan,nan,nan,nan,nan,nan,nan
4034,AC099482.2,4033,nan,nan,nan,nan,nan,nan,nan,nan,nan
4035,AC099482.1,4034,nan,nan,nan,nan,nan,nan,nan,nan,nan
4036,SCNN1B,4035,nan,nan,nan,nan,nan,nan,nan,nan,nan
4037,AC008915.1,4036,nan,nan,nan,nan,nan,nan,nan,nan,nan
4038,AC008915.2,4037,nan,nan,nan,nan,nan,nan,nan,nan,nan
4039,PRKCB,4038,nan,nan,nan,nan,nan,nan,nan,nan,nan
4040,ZKSCAN2,4039,nan,nan,nan,nan,nan,nan,nan,nan,nan
4041,AC092725.1,4040,nan,nan,nan,nan,nan,nan,nan,nan,nan
4042,KDM8,4041,nan,nan,nan,nan,nan,nan,nan,nan,nan
4043,AC109449.1,4042,nan,nan,nan,nan,nan,nan,nan,nan,nan
4044,IL21R,4043,nan,nan,nan,nan,nan,nan,nan,nan,nan
4045,GTF3C1,4044,nan,nan,nan,nan,nan,nan,nan,nan,nan
4046,KIAA0556,4045,nan,nan,nan,nan,nan,nan,nan,nan,nan
4047,AC002551.1,4046,nan,nan,nan,nan,nan,nan,nan,nan,nan
4048,AC016597.1,4047,nan,nan,nan,nan,nan,nan,nan,nan,nan
4049,AC016597.2,4048,nan,nan,nan,nan,nan,nan,nan,nan,nan
4050,EIF3C,4049,nan,nan,nan,nan,nan,nan,nan,nan,nan
4051,BOLA2,4050,nan,nan,nan,nan,nan,nan,nan,nan,nan
4052,MAZ,4051,nan,nan,nan,nan,nan,nan,nan,nan,nan
4053,TLCD3B,4052,nan,nan,nan,nan,nan,nan,nan,nan,nan
4054,ALDOA,4053,nan,nan,nan,nan,nan,nan,nan,nan,nan
4055,TBX6,4054,nan,nan,nan,nan,nan,nan,nan,nan,nan
4056,MAPK3,4055,nan,nan,nan,nan,nan,nan,nan,nan,nan
4057,SULT1A3,4056,nan,nan,nan,nan,nan,nan,nan,nan,nan
4058,AC106782.5,4057,nan,nan,nan,nan,nan,nan,nan,nan,nan
4059,ZNF48,4058,nan,nan,nan,nan,nan,nan,nan,nan,nan
4060,ZNF771,4059,nan,nan,nan,nan,nan,nan,nan,nan,nan
4061,ITGAL,4060,nan,nan,nan,nan,nan,nan,nan,nan,nan
4062,AC116348.3,4061,nan,nan,nan,nan,nan,nan,nan,nan,nan
4063,AC116348.1,4062,nan,nan,nan,nan,nan,nan,nan,nan,nan
4064,AC116348.2,4063,nan,nan,nan,nan,nan,nan,nan,nan,nan
4065,ZNF768,4064,nan,nan,nan,nan,nan,nan,nan,nan,nan
4066,ZNF747,4065,nan,nan,nan,nan,nan,nan,nan,nan,nan
4067,ZNF764,4066,nan,nan,nan,nan,nan,nan,nan,nan,nan
4068,ZNF688,4067,nan,nan,nan,nan,nan,nan,nan,nan,nan
4069,ZNF785,4068,nan,nan,nan,nan,nan,nan,nan,nan,nan
4070,ZNF689,4069,nan,nan,nan,nan,nan,nan,nan,nan,nan
4071,SRCAP,4070,nan,nan,nan,nan,nan,nan,nan,nan,nan
4072,ZNF629,4071,nan,nan,nan,nan,nan,nan,nan,nan,nan
4073,FBXL19,4072,nan,nan,nan,nan,nan,nan,nan,nan,nan
4074,STX1B,4073,nan,nan,nan,nan,nan,nan,nan,nan,nan
4075,AC135050.3,4074,nan,nan,nan,nan,nan,nan,nan,nan,nan
4076,AC135050.1,4075,nan,nan,nan,nan,nan,nan,nan,nan,nan
4077,ZNF668,4076,nan,nan,nan,nan,nan,nan,nan,nan,nan
4078,AC135050.4,4077,nan,nan,nan,nan,nan,nan,nan,nan,nan
4079,ZNF646,4078,nan,nan,nan,nan,nan,nan,nan,nan,nan
4080,KAT8,4079,nan,nan,nan,nan,nan,nan,nan,nan,nan
4081,AC135050.5,4080,nan,nan,nan,nan,nan,nan,nan,nan,nan
4082,AC135050.6,4081,nan,nan,nan,nan,nan,nan,nan,nan,nan
4083,FUS,4082,nan,nan,nan,nan,nan,nan,nan,nan,nan
4084,PYCARD,4083,nan,nan,nan,nan,nan,nan,nan,nan,nan
4085,ZNF843,4084,nan,nan,nan,nan,nan,nan,nan,nan,nan
4086,ZNF720,4085,nan,nan,nan,nan,nan,nan,nan,nan,nan
4087,AC002519.1,4086,nan,nan,nan,nan,nan,nan,nan,nan,nan
4088,ZNF267,4087,nan,nan,nan,nan,nan,nan,nan,nan,nan
4089,N4BP1,4088,nan,nan,nan,nan,nan,nan,nan,nan,nan
4090,AC023813.1,4089,nan,nan,nan,nan,nan,nan,nan,nan,nan
4091,AC023813.3,4090,nan,nan,nan,nan,nan,nan,nan,nan,nan
4092,AC023813.4,4091,nan,nan,nan,nan,nan,nan,nan,nan,nan
4093,BRD7,4092,nan,nan,nan,nan,nan,nan,nan,nan,nan
4094,CYLD,4093,nan,nan,nan,nan,nan,nan,nan,nan,nan
4095,TOX3,4094,nan,nan,nan,nan,nan,nan,nan,nan,nan
4096,RBL2,4095,nan,nan,nan,nan,nan,nan,nan,nan,nan
4097,FTO,4096,nan,nan,nan,nan,nan,nan,nan,nan,nan
4098,AC007496.2,4097,nan,nan,nan,nan,nan,nan,nan,nan,nan
4099,AC007496.1,4098,nan,nan,nan,nan,nan,nan,nan,nan,nan
4100,IRX3,4099,nan,nan,nan,nan,nan,nan,nan,nan,nan
4101,AC009102.4,4100,nan,nan,nan,nan,nan,nan,nan,nan,nan
4102,AC009102.1,4101,nan,nan,nan,nan,nan,nan,nan,nan,nan
4103,AC009102.2,4102,nan,nan,nan,nan,nan,nan,nan,nan,nan
4104,AMFR,4103,nan,nan,nan,nan,nan,nan,nan,nan,nan
4105,NLRC5,4104,nan,nan,nan,nan,nan,nan,nan,nan,nan
4106,AC023825.2,4105,nan,nan,nan,nan,nan,nan,nan,nan,nan
4107,DOK4,4106,nan,nan,nan,nan,nan,nan,nan,nan,nan
4108,CCDC102A,4107,nan,nan,nan,nan,nan,nan,nan,nan,nan
4109,ADGRG3,4108,nan,nan,nan,nan,nan,nan,nan,nan,nan
4110,ZNF319,4109,nan,nan,nan,nan,nan,nan,nan,nan,nan
4111,CFAP20,4110,nan,nan,nan,nan,nan,nan,nan,nan,nan
4112,AC026771.1,4111,nan,nan,nan,nan,nan,nan,nan,nan,nan
4113,AC009107.2,4112,nan,nan,nan,nan,nan,nan,nan,nan,nan
4114,AC009107.1,4113,nan,nan,nan,nan,nan,nan,nan,nan,nan
4115,GINS3,4114,nan,nan,nan,nan,nan,nan,nan,nan,nan
4116,AC009118.1,4115,nan,nan,nan,nan,nan,nan,nan,nan,nan
4117,AC009118.2,4116,nan,nan,nan,nan,nan,nan,nan,nan,nan
4118,SETD6,4117,nan,nan,nan,nan,nan,nan,nan,nan,nan
4119,AC009118.3,4118,nan,nan,nan,nan,nan,nan,nan,nan,nan
4120,CMTM2,4119,nan,nan,nan,nan,nan,nan,nan,nan,nan
4121,DYNC1LI2,4120,nan,nan,nan,nan,nan,nan,nan,nan,nan
4122,AC018557.1,4121,nan,nan,nan,nan,nan,nan,nan,nan,nan
4123,AC018557.3,4122,nan,nan,nan,nan,nan,nan,nan,nan,nan
4124,AC018557.2,4123,nan,nan,nan,nan,nan,nan,nan,nan,nan
4125,TERB1,4124,nan,nan,nan,nan,nan,nan,nan,nan,nan
4126,CBFB,4125,nan,nan,nan,nan,nan,nan,nan,nan,nan
4127,TRADD,4126,nan,nan,nan,nan,nan,nan,nan,nan,nan
4128,HSF4,4127,nan,nan,nan,nan,nan,nan,nan,nan,nan
4129,E2F4,4128,nan,nan,nan,nan,nan,nan,nan,nan,nan
4130,ELMO3,4129,nan,nan,nan,nan,nan,nan,nan,nan,nan
4131,AC027682.6,4130,nan,nan,nan,nan,nan,nan,nan,nan,nan
4132,AC027682.5,4131,nan,nan,nan,nan,nan,nan,nan,nan,nan
4133,AC027682.2,4132,nan,nan,nan,nan,nan,nan,nan,nan,nan
4134,AC027682.3,4133,nan,nan,nan,nan,nan,nan,nan,nan,nan
4135,AC027682.4,4134,nan,nan,nan,nan,nan,nan,nan,nan,nan
4136,AC027682.1,4135,nan,nan,nan,nan,nan,nan,nan,nan,nan
4137,CTCF,4136,nan,nan,nan,nan,nan,nan,nan,nan,nan
4138,AC009095.1,4137,nan,nan,nan,nan,nan,nan,nan,nan,nan
4139,CENPT,4138,nan,nan,nan,nan,nan,nan,nan,nan,nan
4140,THAP11,4139,nan,nan,nan,nan,nan,nan,nan,nan,nan
4141,DPEP2,4140,nan,nan,nan,nan,nan,nan,nan,nan,nan
4142,NFATC3,4141,nan,nan,nan,nan,nan,nan,nan,nan,nan
4143,PRMT7,4142,nan,nan,nan,nan,nan,nan,nan,nan,nan
4144,AC099521.3,4143,nan,nan,nan,nan,nan,nan,nan,nan,nan
4145,AC099521.1,4144,nan,nan,nan,nan,nan,nan,nan,nan,nan
4146,ZFP90,4145,nan,nan,nan,nan,nan,nan,nan,nan,nan
4147,CDH1,4146,nan,nan,nan,nan,nan,nan,nan,nan,nan
4148,AC099314.1,4147,nan,nan,nan,nan,nan,nan,nan,nan,nan
4149,TERF2,4148,nan,nan,nan,nan,nan,nan,nan,nan,nan
4150,NFAT5,4149,nan,nan,nan,nan,nan,nan,nan,nan,nan
4151,AC012321.1,4150,nan,nan,nan,nan,nan,nan,nan,nan,nan
4152,MTSS2,4151,nan,nan,nan,nan,nan,nan,nan,nan,nan
4153,AC020763.1,4152,nan,nan,nan,nan,nan,nan,nan,nan,nan
4154,HYDIN,4153,nan,nan,nan,nan,nan,nan,nan,nan,nan
4155,AC138625.2,4154,nan,nan,nan,nan,nan,nan,nan,nan,nan
4156,AC138625.1,4155,nan,nan,nan,nan,nan,nan,nan,nan,nan
4157,AC106736.1,4156,nan,nan,nan,nan,nan,nan,nan,nan,nan
4158,ZNF23,4157,nan,nan,nan,nan,nan,nan,nan,nan,nan
4159,ZNF19,4158,nan,nan,nan,nan,nan,nan,nan,nan,nan
4160,ZNF821,4159,nan,nan,nan,nan,nan,nan,nan,nan,nan
4161,HP,4160,nan,nan,nan,nan,nan,nan,nan,nan,nan
4162,AC004943.2,4161,nan,nan,nan,nan,nan,nan,nan,nan,nan
4163,AC004943.3,4162,nan,nan,nan,nan,nan,nan,nan,nan,nan
4164,ZFHX3,4163,nan,nan,nan,nan,nan,nan,nan,nan,nan
4165,AC004943.1,4164,nan,nan,nan,nan,nan,nan,nan,nan,nan
4166,FA2H,4165,nan,nan,nan,nan,nan,nan,nan,nan,nan
4167,ZFP1,4166,nan,nan,nan,nan,nan,nan,nan,nan,nan
4168,CFDP1,4167,nan,nan,nan,nan,nan,nan,nan,nan,nan
4169,AC009054.1,4168,nan,nan,nan,nan,nan,nan,nan,nan,nan
4170,AC009054.2,4169,nan,nan,nan,nan,nan,nan,nan,nan,nan
4171,AC009163.7,4170,nan,nan,nan,nan,nan,nan,nan,nan,nan
4172,TMEM170A,4171,nan,nan,nan,nan,nan,nan,nan,nan,nan
4173,AC009163.4,4172,nan,nan,nan,nan,nan,nan,nan,nan,nan
4174,AC009163.1,4173,nan,nan,nan,nan,nan,nan,nan,nan,nan
4175,AC009163.6,4174,nan,nan,nan,nan,nan,nan,nan,nan,nan
4176,TERF2IP,4175,nan,nan,nan,nan,nan,nan,nan,nan,nan
4177,DUXB,4176,nan,nan,nan,nan,nan,nan,nan,nan,nan
4178,MON1B,4177,nan,nan,nan,nan,nan,nan,nan,nan,nan
4179,AC009139.2,4178,nan,nan,nan,nan,nan,nan,nan,nan,nan
4180,AC009139.1,4179,nan,nan,nan,nan,nan,nan,nan,nan,nan
4181,WWOX,4180,nan,nan,nan,nan,nan,nan,nan,nan,nan
4182,AC106743.1,4181,nan,nan,nan,nan,nan,nan,nan,nan,nan
4183,AC046158.1,4182,nan,nan,nan,nan,nan,nan,nan,nan,nan
4184,AC046158.2,4183,nan,nan,nan,nan,nan,nan,nan,nan,nan
4185,AC009141.1,4184,nan,nan,nan,nan,nan,nan,nan,nan,nan
4186,AC009145.3,4185,nan,nan,nan,nan,nan,nan,nan,nan,nan
4187,AC009145.1,4186,nan,nan,nan,nan,nan,nan,nan,nan,nan
4188,AC009145.2,4187,nan,nan,nan,nan,nan,nan,nan,nan,nan
4189,MAF,4188,nan,nan,nan,nan,nan,nan,nan,nan,nan
4190,ATMIN,4189,nan,nan,nan,nan,nan,nan,nan,nan,nan
4191,CMIP,4190,nan,nan,nan,nan,nan,nan,nan,nan,nan
4192,AC099524.1,4191,nan,nan,nan,nan,nan,nan,nan,nan,nan
4193,MPHOSPH6,4192,nan,nan,nan,nan,nan,nan,nan,nan,nan
4194,AC138304.1,4193,nan,nan,nan,nan,nan,nan,nan,nan,nan
4195,CDH13,4194,nan,nan,nan,nan,nan,nan,nan,nan,nan
4196,AC125793.1,4195,nan,nan,nan,nan,nan,nan,nan,nan,nan
4197,AC009142.1,4196,nan,nan,nan,nan,nan,nan,nan,nan,nan
4198,HSBP1,4197,nan,nan,nan,nan,nan,nan,nan,nan,nan
4199,DNAAF1,4198,nan,nan,nan,nan,nan,nan,nan,nan,nan
4200,TAF1C,4199,nan,nan,nan,nan,nan,nan,nan,nan,nan
4201,AC009123.1,4200,nan,nan,nan,nan,nan,nan,nan,nan,nan
4202,USP10,4201,nan,nan,nan,nan,nan,nan,nan,nan,nan
4203,AC025280.3,4202,nan,nan,nan,nan,nan,nan,nan,nan,nan
4204,AC025280.1,4203,nan,nan,nan,nan,nan,nan,nan,nan,nan
4205,AC025280.2,4204,nan,nan,nan,nan,nan,nan,nan,nan,nan
4206,KIAA0513,4205,nan,nan,nan,nan,nan,nan,nan,nan,nan
4207,AC026469.1,4206,nan,nan,nan,nan,nan,nan,nan,nan,nan
4208,GSE1,4207,nan,nan,nan,nan,nan,nan,nan,nan,nan
4209,AC092127.2,4208,nan,nan,nan,nan,nan,nan,nan,nan,nan
4210,AC092127.1,4209,nan,nan,nan,nan,nan,nan,nan,nan,nan
4211,IRF8,4210,nan,nan,nan,nan,nan,nan,nan,nan,nan
4212,AC092723.5,4211,nan,nan,nan,nan,nan,nan,nan,nan,nan
4213,AC092723.4,4212,nan,nan,nan,nan,nan,nan,nan,nan,nan
4214,AC092723.1,4213,nan,nan,nan,nan,nan,nan,nan,nan,nan
4215,AC092723.3,4214,nan,nan,nan,nan,nan,nan,nan,nan,nan
4216,AC126696.3,4215,nan,nan,nan,nan,nan,nan,nan,nan,nan
4217,AC126696.1,4216,nan,nan,nan,nan,nan,nan,nan,nan,nan
4218,SLC7A5,4217,nan,nan,nan,nan,nan,nan,nan,nan,nan
4219,AC126696.2,4218,nan,nan,nan,nan,nan,nan,nan,nan,nan
4220,CA5A,4219,nan,nan,nan,nan,nan,nan,nan,nan,nan
4221,BANP,4220,nan,nan,nan,nan,nan,nan,nan,nan,nan
4222,AC134312.4,4221,nan,nan,nan,nan,nan,nan,nan,nan,nan
4223,AC134312.3,4222,nan,nan,nan,nan,nan,nan,nan,nan,nan
4224,AC134312.1,4223,nan,nan,nan,nan,nan,nan,nan,nan,nan
4225,AC134312.2,4224,nan,nan,nan,nan,nan,nan,nan,nan,nan
4226,AC134312.5,4225,nan,nan,nan,nan,nan,nan,nan,nan,nan
4227,AC134312.6,4226,nan,nan,nan,nan,nan,nan,nan,nan,nan
4228,ZNF469,4227,nan,nan,nan,nan,nan,nan,nan,nan,nan
4229,ZFPM1,4228,nan,nan,nan,nan,nan,nan,nan,nan,nan
4230,ZC3H18,4229,nan,nan,nan,nan,nan,nan,nan,nan,nan
4231,SNAI3,4230,nan,nan,nan,nan,nan,nan,nan,nan,nan
4232,RNF166,4231,nan,nan,nan,nan,nan,nan,nan,nan,nan
4233,AC138028.3,4232,nan,nan,nan,nan,nan,nan,nan,nan,nan
4234,AC138028.6,4233,nan,nan,nan,nan,nan,nan,nan,nan,nan
4235,AC138028.4,4234,nan,nan,nan,nan,nan,nan,nan,nan,nan
4236,AC138028.2,4235,nan,nan,nan,nan,nan,nan,nan,nan,nan
4237,AC138028.5,4236,nan,nan,nan,nan,nan,nan,nan,nan,nan
4238,AC138028.1,4237,nan,nan,nan,nan,nan,nan,nan,nan,nan
4239,CBFA2T3,4238,nan,nan,nan,nan,nan,nan,nan,nan,nan
4240,ZNF778,4239,nan,nan,nan,nan,nan,nan,nan,nan,nan
4241,ZNF276,4240,nan,nan,nan,nan,nan,nan,nan,nan,nan
4242,FANCA,4241,nan,nan,nan,nan,nan,nan,nan,nan,nan
4243,TCF25,4242,nan,nan,nan,nan,nan,nan,nan,nan,nan
4244,HIC1,4243,nan,nan,nan,nan,nan,nan,nan,nan,nan
4245,SGSM2,4244,nan,nan,nan,nan,nan,nan,nan,nan,nan
4246,MNT,4245,nan,nan,nan,nan,nan,nan,nan,nan,nan
4247,RAP1GAP2,4246,nan,nan,nan,nan,nan,nan,nan,nan,nan
4248,AC015921.1,4247,nan,nan,nan,nan,nan,nan,nan,nan,nan
4249,OR3A3,4248,nan,nan,nan,nan,nan,nan,nan,nan,nan
4250,P2RX1,4249,nan,nan,nan,nan,nan,nan,nan,nan,nan
4251,MYBBP1A,4250,nan,nan,nan,nan,nan,nan,nan,nan,nan
4252,AC091153.2,4251,nan,nan,nan,nan,nan,nan,nan,nan,nan
4253,AC091153.3,4252,nan,nan,nan,nan,nan,nan,nan,nan,nan
4254,ARRB2,4253,nan,nan,nan,nan,nan,nan,nan,nan,nan
4255,MED11,4254,nan,nan,nan,nan,nan,nan,nan,nan,nan
4256,AC091153.4,4255,nan,nan,nan,nan,nan,nan,nan,nan,nan
4257,MINK1,4256,nan,nan,nan,nan,nan,nan,nan,nan,nan
4258,RNF167,4257,nan,nan,nan,nan,nan,nan,nan,nan,nan
4259,CAMTA2,4258,nan,nan,nan,nan,nan,nan,nan,nan,nan
4260,AC004771.4,4259,nan,nan,nan,nan,nan,nan,nan,nan,nan
4261,AC004771.2,4260,nan,nan,nan,nan,nan,nan,nan,nan,nan
4262,AC004771.5,4261,nan,nan,nan,nan,nan,nan,nan,nan,nan
4263,AC004771.3,4262,nan,nan,nan,nan,nan,nan,nan,nan,nan
4264,AC004771.1,4263,nan,nan,nan,nan,nan,nan,nan,nan,nan
4265,SLC52A1,4264,nan,nan,nan,nan,nan,nan,nan,nan,nan
4266,ZFP3,4265,nan,nan,nan,nan,nan,nan,nan,nan,nan
4267,ZNF594,4266,nan,nan,nan,nan,nan,nan,nan,nan,nan
4268,AC087500.1,4267,nan,nan,nan,nan,nan,nan,nan,nan,nan
4269,AC087500.2,4268,nan,nan,nan,nan,nan,nan,nan,nan,nan
4270,RABEP1,4269,nan,nan,nan,nan,nan,nan,nan,nan,nan
4271,AIPL1,4270,nan,nan,nan,nan,nan,nan,nan,nan,nan
4272,C17orf49,4271,nan,nan,nan,nan,nan,nan,nan,nan,nan
4273,DVL2,4272,nan,nan,nan,nan,nan,nan,nan,nan,nan
4274,YBX2,4273,nan,nan,nan,nan,nan,nan,nan,nan,nan
4275,ZBTB4,4274,nan,nan,nan,nan,nan,nan,nan,nan,nan
4276,POLR2A,4275,nan,nan,nan,nan,nan,nan,nan,nan,nan
4277,SOX15,4276,nan,nan,nan,nan,nan,nan,nan,nan,nan
4278,TP53,4277,nan,nan,nan,nan,nan,nan,nan,nan,nan
4279,TMEM88,4278,nan,nan,nan,nan,nan,nan,nan,nan,nan
4280,CHD3,4279,nan,nan,nan,nan,nan,nan,nan,nan,nan
4281,RNF227,4280,nan,nan,nan,nan,nan,nan,nan,nan,nan
4282,KCNAB3,4281,nan,nan,nan,nan,nan,nan,nan,nan,nan
4283,HES7,4282,nan,nan,nan,nan,nan,nan,nan,nan,nan
4284,PER1,4283,nan,nan,nan,nan,nan,nan,nan,nan,nan
4285,BORCS6,4284,nan,nan,nan,nan,nan,nan,nan,nan,nan
4286,PIK3R6,4285,nan,nan,nan,nan,nan,nan,nan,nan,nan
4287,PIK3R5,4286,nan,nan,nan,nan,nan,nan,nan,nan,nan
4288,AC002091.2,4287,nan,nan,nan,nan,nan,nan,nan,nan,nan
4289,AC002091.1,4288,nan,nan,nan,nan,nan,nan,nan,nan,nan
4290,GAS7,4289,nan,nan,nan,nan,nan,nan,nan,nan,nan
4291,DNAH9,4290,nan,nan,nan,nan,nan,nan,nan,nan,nan
4292,AC005209.1,4291,nan,nan,nan,nan,nan,nan,nan,nan,nan
4293,AC005410.2,4292,nan,nan,nan,nan,nan,nan,nan,nan,nan
4294,ZNF18,4293,nan,nan,nan,nan,nan,nan,nan,nan,nan
4295,MYOCD,4294,nan,nan,nan,nan,nan,nan,nan,nan,nan
4296,HS3ST3A1,4295,nan,nan,nan,nan,nan,nan,nan,nan,nan
4297,ZNF286A,4296,nan,nan,nan,nan,nan,nan,nan,nan,nan
4298,AC002553.2,4297,nan,nan,nan,nan,nan,nan,nan,nan,nan
4299,NCOR1,4298,nan,nan,nan,nan,nan,nan,nan,nan,nan
4300,AC002553.1,4299,nan,nan,nan,nan,nan,nan,nan,nan,nan
4301,UBB,4300,nan,nan,nan,nan,nan,nan,nan,nan,nan
4302,ZNF624,4301,nan,nan,nan,nan,nan,nan,nan,nan,nan
4303,COPS3,4302,nan,nan,nan,nan,nan,nan,nan,nan,nan
4304,RAI1,4303,nan,nan,nan,nan,nan,nan,nan,nan,nan
4305,AC122129.2,4304,nan,nan,nan,nan,nan,nan,nan,nan,nan
4306,SREBF1,4305,nan,nan,nan,nan,nan,nan,nan,nan,nan
4307,AC122129.1,4306,nan,nan,nan,nan,nan,nan,nan,nan,nan
4308,FBXW10,4307,nan,nan,nan,nan,nan,nan,nan,nan,nan
4309,AC107982.3,4308,nan,nan,nan,nan,nan,nan,nan,nan,nan
4310,AC107982.2,4309,nan,nan,nan,nan,nan,nan,nan,nan,nan
4311,SLC5A10,4310,nan,nan,nan,nan,nan,nan,nan,nan,nan
4312,SLC47A1,4311,nan,nan,nan,nan,nan,nan,nan,nan,nan
4313,AC025627.1,4312,nan,nan,nan,nan,nan,nan,nan,nan,nan
4314,ALDH3A2,4313,nan,nan,nan,nan,nan,nan,nan,nan,nan
4315,AC115989.1,4314,nan,nan,nan,nan,nan,nan,nan,nan,nan
4316,WSB1,4315,nan,nan,nan,nan,nan,nan,nan,nan,nan
4317,AC026254.2,4316,nan,nan,nan,nan,nan,nan,nan,nan,nan
4318,LGALS9,4317,nan,nan,nan,nan,nan,nan,nan,nan,nan
4319,NOS2,4318,nan,nan,nan,nan,nan,nan,nan,nan,nan
4320,TMEM97,4319,nan,nan,nan,nan,nan,nan,nan,nan,nan
4321,AC002094.2,4320,nan,nan,nan,nan,nan,nan,nan,nan,nan
4322,AC002094.4,4321,nan,nan,nan,nan,nan,nan,nan,nan,nan
4323,AC005726.1,4322,nan,nan,nan,nan,nan,nan,nan,nan,nan
4324,PIGS,4323,nan,nan,nan,nan,nan,nan,nan,nan,nan
4325,ALDOC,4324,nan,nan,nan,nan,nan,nan,nan,nan,nan
4326,AC005726.4,4325,nan,nan,nan,nan,nan,nan,nan,nan,nan
4327,SPAG5,4326,nan,nan,nan,nan,nan,nan,nan,nan,nan
4328,AC005726.3,4327,nan,nan,nan,nan,nan,nan,nan,nan,nan
4329,AC005726.5,4328,nan,nan,nan,nan,nan,nan,nan,nan,nan
4330,AC005726.2,4329,nan,nan,nan,nan,nan,nan,nan,nan,nan
4331,SDF2,4330,nan,nan,nan,nan,nan,nan,nan,nan,nan
4332,SUPT6H,4331,nan,nan,nan,nan,nan,nan,nan,nan,nan
4333,TRAF4,4332,nan,nan,nan,nan,nan,nan,nan,nan,nan
4334,TP53I13,4333,nan,nan,nan,nan,nan,nan,nan,nan,nan
4335,SSH2,4334,nan,nan,nan,nan,nan,nan,nan,nan,nan
4336,GOSR1,4335,nan,nan,nan,nan,nan,nan,nan,nan,nan
4337,AC011840.3,4336,nan,nan,nan,nan,nan,nan,nan,nan,nan
4338,AC011840.4,4337,nan,nan,nan,nan,nan,nan,nan,nan,nan
4339,AC011840.2,4338,nan,nan,nan,nan,nan,nan,nan,nan,nan
4340,AC011840.1,4339,nan,nan,nan,nan,nan,nan,nan,nan,nan
4341,RAB11FIP4,4340,nan,nan,nan,nan,nan,nan,nan,nan,nan
4342,AC003101.2,4341,nan,nan,nan,nan,nan,nan,nan,nan,nan
4343,AC003101.1,4342,nan,nan,nan,nan,nan,nan,nan,nan,nan
4344,SUZ12,4343,nan,nan,nan,nan,nan,nan,nan,nan,nan
4345,ZNF207,4344,nan,nan,nan,nan,nan,nan,nan,nan,nan
4346,PSMD11,4345,nan,nan,nan,nan,nan,nan,nan,nan,nan
4347,ASIC2,4346,nan,nan,nan,nan,nan,nan,nan,nan,nan
4348,AC008133.1,4347,nan,nan,nan,nan,nan,nan,nan,nan,nan
4349,AC024610.2,4348,nan,nan,nan,nan,nan,nan,nan,nan,nan
4350,AC024610.1,4349,nan,nan,nan,nan,nan,nan,nan,nan,nan
4351,AC005549.1,4350,nan,nan,nan,nan,nan,nan,nan,nan,nan
4352,CCL7,4351,nan,nan,nan,nan,nan,nan,nan,nan,nan
4353,ZNF830,4352,nan,nan,nan,nan,nan,nan,nan,nan,nan
4354,LIG3,4353,nan,nan,nan,nan,nan,nan,nan,nan,nan
4355,AC004223.4,4354,nan,nan,nan,nan,nan,nan,nan,nan,nan
4356,AC004223.2,4355,nan,nan,nan,nan,nan,nan,nan,nan,nan
4357,AC243773.1,4356,nan,nan,nan,nan,nan,nan,nan,nan,nan
4358,AATF,4357,nan,nan,nan,nan,nan,nan,nan,nan,nan
4359,AC243773.2,4358,nan,nan,nan,nan,nan,nan,nan,nan,nan
4360,TADA2A,4359,nan,nan,nan,nan,nan,nan,nan,nan,nan
4361,AC243571.2,4360,nan,nan,nan,nan,nan,nan,nan,nan,nan
4362,HNF1B,4361,nan,nan,nan,nan,nan,nan,nan,nan,nan
4363,AC243571.1,4362,nan,nan,nan,nan,nan,nan,nan,nan,nan
4364,AC006449.1,4363,nan,nan,nan,nan,nan,nan,nan,nan,nan
4365,AC006449.6,4364,nan,nan,nan,nan,nan,nan,nan,nan,nan
4366,AC006449.2,4365,nan,nan,nan,nan,nan,nan,nan,nan,nan
4367,MLLT6,4366,nan,nan,nan,nan,nan,nan,nan,nan,nan
4368,AC006449.3,4367,nan,nan,nan,nan,nan,nan,nan,nan,nan
4369,PCGF2,4368,nan,nan,nan,nan,nan,nan,nan,nan,nan
4370,AC006449.5,4369,nan,nan,nan,nan,nan,nan,nan,nan,nan
4371,PLXDC1,4370,nan,nan,nan,nan,nan,nan,nan,nan,nan
4372,AC091178.2,4371,nan,nan,nan,nan,nan,nan,nan,nan,nan
4373,AC004408.1,4372,nan,nan,nan,nan,nan,nan,nan,nan,nan
4374,STAC2,4373,nan,nan,nan,nan,nan,nan,nan,nan,nan
4375,MED1,4374,nan,nan,nan,nan,nan,nan,nan,nan,nan
4376,NEUROD2,4375,nan,nan,nan,nan,nan,nan,nan,nan,nan
4377,IKZF3,4376,nan,nan,nan,nan,nan,nan,nan,nan,nan
4378,AC090844.2,4377,nan,nan,nan,nan,nan,nan,nan,nan,nan
4379,LRRC3C,4378,nan,nan,nan,nan,nan,nan,nan,nan,nan
4380,AC090844.3,4379,nan,nan,nan,nan,nan,nan,nan,nan,nan
4381,MED24,4380,nan,nan,nan,nan,nan,nan,nan,nan,nan
4382,THRA,4381,nan,nan,nan,nan,nan,nan,nan,nan,nan
4383,NR1D1,4382,nan,nan,nan,nan,nan,nan,nan,nan,nan
4384,CDC6,4383,nan,nan,nan,nan,nan,nan,nan,nan,nan
4385,RARA,4384,nan,nan,nan,nan,nan,nan,nan,nan,nan
4386,SMARCE1,4385,nan,nan,nan,nan,nan,nan,nan,nan,nan
4387,JUP,4386,nan,nan,nan,nan,nan,nan,nan,nan,nan
4388,ZNF385C,4387,nan,nan,nan,nan,nan,nan,nan,nan,nan
4389,KAT2A,4388,nan,nan,nan,nan,nan,nan,nan,nan,nan
4390,KCNH4,4389,nan,nan,nan,nan,nan,nan,nan,nan,nan
4391,STAT5B,4390,nan,nan,nan,nan,nan,nan,nan,nan,nan
4392,STAT5A,4391,nan,nan,nan,nan,nan,nan,nan,nan,nan
4393,STAT3,4392,nan,nan,nan,nan,nan,nan,nan,nan,nan
4394,MLX,4393,nan,nan,nan,nan,nan,nan,nan,nan,nan
4395,EZH1,4394,nan,nan,nan,nan,nan,nan,nan,nan,nan
4396,RAMP2,4395,nan,nan,nan,nan,nan,nan,nan,nan,nan
4397,BRCA1,4396,nan,nan,nan,nan,nan,nan,nan,nan,nan
4398,AC060780.1,4397,nan,nan,nan,nan,nan,nan,nan,nan,nan
4399,ETV4,4398,nan,nan,nan,nan,nan,nan,nan,nan,nan
4400,MEOX1,4399,nan,nan,nan,nan,nan,nan,nan,nan,nan
4401,PYY,4400,nan,nan,nan,nan,nan,nan,nan,nan,nan
4402,HDAC5,4401,nan,nan,nan,nan,nan,nan,nan,nan,nan
4403,ASB16,4402,nan,nan,nan,nan,nan,nan,nan,nan,nan
4404,AC004596.1,4403,nan,nan,nan,nan,nan,nan,nan,nan,nan
4405,UBTF,4404,nan,nan,nan,nan,nan,nan,nan,nan,nan
4406,GPATCH8,4405,nan,nan,nan,nan,nan,nan,nan,nan,nan
4407,AC103703.1,4406,nan,nan,nan,nan,nan,nan,nan,nan,nan
4408,FZD2,4407,nan,nan,nan,nan,nan,nan,nan,nan,nan
4409,ADAM11,4408,nan,nan,nan,nan,nan,nan,nan,nan,nan
4410,AC005180.2,4409,nan,nan,nan,nan,nan,nan,nan,nan,nan
4411,AC005180.1,4410,nan,nan,nan,nan,nan,nan,nan,nan,nan
4412,GJC1,4411,nan,nan,nan,nan,nan,nan,nan,nan,nan
4413,AC091132.2,4412,nan,nan,nan,nan,nan,nan,nan,nan,nan
4414,AC091132.1,4413,nan,nan,nan,nan,nan,nan,nan,nan,nan
4415,AC091132.4,4414,nan,nan,nan,nan,nan,nan,nan,nan,nan
4416,AC025682.1,4415,nan,nan,nan,nan,nan,nan,nan,nan,nan
4417,KPNB1,4416,nan,nan,nan,nan,nan,nan,nan,nan,nan
4418,AC015674.1,4417,nan,nan,nan,nan,nan,nan,nan,nan,nan
4419,SP2,4418,nan,nan,nan,nan,nan,nan,nan,nan,nan
4420,CDK5RAP3,4419,nan,nan,nan,nan,nan,nan,nan,nan,nan
4421,AC004477.1,4420,nan,nan,nan,nan,nan,nan,nan,nan,nan
4422,NFE2L1,4421,nan,nan,nan,nan,nan,nan,nan,nan,nan
4423,AC004477.2,4422,nan,nan,nan,nan,nan,nan,nan,nan,nan
4424,AC004477.3,4423,nan,nan,nan,nan,nan,nan,nan,nan,nan
4425,CBX1,4424,nan,nan,nan,nan,nan,nan,nan,nan,nan
4426,SKAP1,4425,nan,nan,nan,nan,nan,nan,nan,nan,nan
4427,AC036222.2,4426,nan,nan,nan,nan,nan,nan,nan,nan,nan
4428,AC036222.1,4427,nan,nan,nan,nan,nan,nan,nan,nan,nan
4429,UBE2Z,4428,nan,nan,nan,nan,nan,nan,nan,nan,nan
4430,AC091133.1,4429,nan,nan,nan,nan,nan,nan,nan,nan,nan
4431,AC091133.3,4430,nan,nan,nan,nan,nan,nan,nan,nan,nan
4432,AC091133.4,4431,nan,nan,nan,nan,nan,nan,nan,nan,nan
4433,B4GALNT2,4432,nan,nan,nan,nan,nan,nan,nan,nan,nan
4434,ZNF652,4433,nan,nan,nan,nan,nan,nan,nan,nan,nan
4435,AC091180.2,4434,nan,nan,nan,nan,nan,nan,nan,nan,nan
4436,AC091180.5,4435,nan,nan,nan,nan,nan,nan,nan,nan,nan
4437,AC091180.4,4436,nan,nan,nan,nan,nan,nan,nan,nan,nan
4438,PHB,4437,nan,nan,nan,nan,nan,nan,nan,nan,nan
4439,AC091180.3,4438,nan,nan,nan,nan,nan,nan,nan,nan,nan
4440,NXPH3,4439,nan,nan,nan,nan,nan,nan,nan,nan,nan
4441,KAT7,4440,nan,nan,nan,nan,nan,nan,nan,nan,nan
4442,AC027801.4,4441,nan,nan,nan,nan,nan,nan,nan,nan,nan
4443,AC027801.1,4442,nan,nan,nan,nan,nan,nan,nan,nan,nan
4444,AC027801.3,4443,nan,nan,nan,nan,nan,nan,nan,nan,nan
4445,COL1A1,4444,nan,nan,nan,nan,nan,nan,nan,nan,nan
4446,NME2,4445,nan,nan,nan,nan,nan,nan,nan,nan,nan
4447,CA10,4446,nan,nan,nan,nan,nan,nan,nan,nan,nan
4448,COX11,4447,nan,nan,nan,nan,nan,nan,nan,nan,nan
4449,AC007485.1,4448,nan,nan,nan,nan,nan,nan,nan,nan,nan
4450,HLF,4449,nan,nan,nan,nan,nan,nan,nan,nan,nan
4451,AC090618.1,4450,nan,nan,nan,nan,nan,nan,nan,nan,nan
4452,ANKFN1,4451,nan,nan,nan,nan,nan,nan,nan,nan,nan
4453,AC106858.1,4452,nan,nan,nan,nan,nan,nan,nan,nan,nan
4454,DGKE,4453,nan,nan,nan,nan,nan,nan,nan,nan,nan
4455,TRIM25,4454,nan,nan,nan,nan,nan,nan,nan,nan,nan
4456,AC015912.1,4455,nan,nan,nan,nan,nan,nan,nan,nan,nan
4457,AC015912.3,4456,nan,nan,nan,nan,nan,nan,nan,nan,nan
4458,VEZF1,4457,nan,nan,nan,nan,nan,nan,nan,nan,nan
4459,SUPT4H1,4458,nan,nan,nan,nan,nan,nan,nan,nan,nan
4460,HSF5,4459,nan,nan,nan,nan,nan,nan,nan,nan,nan
4461,AC100832.2,4460,nan,nan,nan,nan,nan,nan,nan,nan,nan
4462,TRIM37,4461,nan,nan,nan,nan,nan,nan,nan,nan,nan
4463,AC099850.1,4462,nan,nan,nan,nan,nan,nan,nan,nan,nan
4464,PRR11,4463,nan,nan,nan,nan,nan,nan,nan,nan,nan
4465,AC099850.3,4464,nan,nan,nan,nan,nan,nan,nan,nan,nan
4466,AC025048.4,4465,nan,nan,nan,nan,nan,nan,nan,nan,nan
4467,AC025048.2,4466,nan,nan,nan,nan,nan,nan,nan,nan,nan
4468,AC025048.7,4467,nan,nan,nan,nan,nan,nan,nan,nan,nan
4469,AC025048.1,4468,nan,nan,nan,nan,nan,nan,nan,nan,nan
4470,CA4,4469,nan,nan,nan,nan,nan,nan,nan,nan,nan
4471,BCAS3,4470,nan,nan,nan,nan,nan,nan,nan,nan,nan
4472,AC005884.1,4471,nan,nan,nan,nan,nan,nan,nan,nan,nan
4473,AC005884.2,4472,nan,nan,nan,nan,nan,nan,nan,nan,nan
4474,AC005746.3,4473,nan,nan,nan,nan,nan,nan,nan,nan,nan
4475,AC005746.2,4474,nan,nan,nan,nan,nan,nan,nan,nan,nan
4476,AC005746.1,4475,nan,nan,nan,nan,nan,nan,nan,nan,nan
4477,TBX2,4476,nan,nan,nan,nan,nan,nan,nan,nan,nan
4478,MED13,4477,nan,nan,nan,nan,nan,nan,nan,nan,nan
4479,AC018628.2,4478,nan,nan,nan,nan,nan,nan,nan,nan,nan
4480,AC005972.3,4479,nan,nan,nan,nan,nan,nan,nan,nan,nan
4481,TANC2,4480,nan,nan,nan,nan,nan,nan,nan,nan,nan
4482,AC006270.1,4481,nan,nan,nan,nan,nan,nan,nan,nan,nan
4483,AC015923.1,4482,nan,nan,nan,nan,nan,nan,nan,nan,nan
4484,ACE,4483,nan,nan,nan,nan,nan,nan,nan,nan,nan
4485,PSMC5,4484,nan,nan,nan,nan,nan,nan,nan,nan,nan
4486,SMARCD2,4485,nan,nan,nan,nan,nan,nan,nan,nan,nan
4487,DDX5,4486,nan,nan,nan,nan,nan,nan,nan,nan,nan
4488,RGS9,4487,nan,nan,nan,nan,nan,nan,nan,nan,nan
4489,AC005544.1,4488,nan,nan,nan,nan,nan,nan,nan,nan,nan
4490,AC005544.2,4489,nan,nan,nan,nan,nan,nan,nan,nan,nan
4491,HELZ,4490,nan,nan,nan,nan,nan,nan,nan,nan,nan
4492,PSMD12,4491,nan,nan,nan,nan,nan,nan,nan,nan,nan
4493,BPTF,4492,nan,nan,nan,nan,nan,nan,nan,nan,nan
4494,AC005332.6,4493,nan,nan,nan,nan,nan,nan,nan,nan,nan
4495,AC005332.3,4494,nan,nan,nan,nan,nan,nan,nan,nan,nan
4496,AC005332.5,4495,nan,nan,nan,nan,nan,nan,nan,nan,nan
4497,AC005332.7,4496,nan,nan,nan,nan,nan,nan,nan,nan,nan
4498,AC005332.2,4497,nan,nan,nan,nan,nan,nan,nan,nan,nan
4499,AC005332.4,4498,nan,nan,nan,nan,nan,nan,nan,nan,nan
4500,AC005332.1,4499,nan,nan,nan,nan,nan,nan,nan,nan,nan
4501,SLC16A6,4500,nan,nan,nan,nan,nan,nan,nan,nan,nan
4502,ABCA6,4501,nan,nan,nan,nan,nan,nan,nan,nan,nan
4503,ABCA10,4502,nan,nan,nan,nan,nan,nan,nan,nan,nan
4504,AC005495.2,4503,nan,nan,nan,nan,nan,nan,nan,nan,nan
4505,MAP2K6,4504,nan,nan,nan,nan,nan,nan,nan,nan,nan
4506,AC002546.1,4505,nan,nan,nan,nan,nan,nan,nan,nan,nan
4507,SOX9,4506,nan,nan,nan,nan,nan,nan,nan,nan,nan
4508,CPSF4L,4507,nan,nan,nan,nan,nan,nan,nan,nan,nan
4509,SDK2,4508,nan,nan,nan,nan,nan,nan,nan,nan,nan
4510,AC124804.1,4509,nan,nan,nan,nan,nan,nan,nan,nan,nan
4511,AC032019.1,4510,nan,nan,nan,nan,nan,nan,nan,nan,nan
4512,AC032019.2,4511,nan,nan,nan,nan,nan,nan,nan,nan,nan
4513,BTBD17,4512,nan,nan,nan,nan,nan,nan,nan,nan,nan
4514,CD300E,4513,nan,nan,nan,nan,nan,nan,nan,nan,nan
4515,CDR2L,4514,nan,nan,nan,nan,nan,nan,nan,nan,nan
4516,H3F3B,4515,nan,nan,nan,nan,nan,nan,nan,nan,nan
4517,UNK,4516,nan,nan,nan,nan,nan,nan,nan,nan,nan
4518,AC087289.1,4517,nan,nan,nan,nan,nan,nan,nan,nan,nan
4519,AC087289.5,4518,nan,nan,nan,nan,nan,nan,nan,nan,nan
4520,AC087289.2,4519,nan,nan,nan,nan,nan,nan,nan,nan,nan
4521,AC087289.4,4520,nan,nan,nan,nan,nan,nan,nan,nan,nan
4522,FOXJ1,4521,nan,nan,nan,nan,nan,nan,nan,nan,nan
4523,SPHK1,4522,nan,nan,nan,nan,nan,nan,nan,nan,nan
4524,RHBDF2,4523,nan,nan,nan,nan,nan,nan,nan,nan,nan
4525,AC015802.4,4524,nan,nan,nan,nan,nan,nan,nan,nan,nan
4526,AC015802.3,4525,nan,nan,nan,nan,nan,nan,nan,nan,nan
4527,AC015802.5,4526,nan,nan,nan,nan,nan,nan,nan,nan,nan
4528,AC015802.6,4527,nan,nan,nan,nan,nan,nan,nan,nan,nan
4529,AC015802.1,4528,nan,nan,nan,nan,nan,nan,nan,nan,nan
4530,AC015802.7,4529,nan,nan,nan,nan,nan,nan,nan,nan,nan
4531,AC111182.1,4530,nan,nan,nan,nan,nan,nan,nan,nan,nan
4532,AC111182.2,4531,nan,nan,nan,nan,nan,nan,nan,nan,nan
4533,AC111170.2,4532,nan,nan,nan,nan,nan,nan,nan,nan,nan
4534,AC111170.1,4533,nan,nan,nan,nan,nan,nan,nan,nan,nan
4535,AC061992.2,4534,nan,nan,nan,nan,nan,nan,nan,nan,nan
4536,PGS1,4535,nan,nan,nan,nan,nan,nan,nan,nan,nan
4537,DNAH17,4536,nan,nan,nan,nan,nan,nan,nan,nan,nan
4538,CYTH1,4537,nan,nan,nan,nan,nan,nan,nan,nan,nan
4539,AC022966.2,4538,nan,nan,nan,nan,nan,nan,nan,nan,nan
4540,AC022966.1,4539,nan,nan,nan,nan,nan,nan,nan,nan,nan
4541,CARD14,4540,nan,nan,nan,nan,nan,nan,nan,nan,nan
4542,ENDOV,4541,nan,nan,nan,nan,nan,nan,nan,nan,nan
4543,AC120024.1,4542,nan,nan,nan,nan,nan,nan,nan,nan,nan
4544,AC127496.3,4543,nan,nan,nan,nan,nan,nan,nan,nan,nan
4545,AC127496.4,4544,nan,nan,nan,nan,nan,nan,nan,nan,nan
4546,AC127496.1,4545,nan,nan,nan,nan,nan,nan,nan,nan,nan
4547,AC127496.6,4546,nan,nan,nan,nan,nan,nan,nan,nan,nan
4548,AC127496.5,4547,nan,nan,nan,nan,nan,nan,nan,nan,nan
4549,AC127496.2,4548,nan,nan,nan,nan,nan,nan,nan,nan,nan
4550,BAIAP2,4549,nan,nan,nan,nan,nan,nan,nan,nan,nan
4551,AC115099.1,4550,nan,nan,nan,nan,nan,nan,nan,nan,nan
4552,ARL16,4551,nan,nan,nan,nan,nan,nan,nan,nan,nan
4553,AC139530.3,4552,nan,nan,nan,nan,nan,nan,nan,nan,nan
4554,AC139530.1,4553,nan,nan,nan,nan,nan,nan,nan,nan,nan
4555,MAFG,4554,nan,nan,nan,nan,nan,nan,nan,nan,nan
4556,CENPX,4555,nan,nan,nan,nan,nan,nan,nan,nan,nan
4557,CCDC57,4556,nan,nan,nan,nan,nan,nan,nan,nan,nan
4558,AC129510.1,4557,nan,nan,nan,nan,nan,nan,nan,nan,nan
4559,AC129510.2,4558,nan,nan,nan,nan,nan,nan,nan,nan,nan
4560,FOXK2,4559,nan,nan,nan,nan,nan,nan,nan,nan,nan
4561,AC124283.3,4560,nan,nan,nan,nan,nan,nan,nan,nan,nan
4562,AC124283.2,4561,nan,nan,nan,nan,nan,nan,nan,nan,nan
4563,AC124283.1,4562,nan,nan,nan,nan,nan,nan,nan,nan,nan
4564,USP14,4563,nan,nan,nan,nan,nan,nan,nan,nan,nan
4565,AP000845.1,4564,nan,nan,nan,nan,nan,nan,nan,nan,nan
4566,EMILIN2,4565,nan,nan,nan,nan,nan,nan,nan,nan,nan
4567,LPIN2,4566,nan,nan,nan,nan,nan,nan,nan,nan,nan
4568,AP000919.4,4567,nan,nan,nan,nan,nan,nan,nan,nan,nan
4569,AP000919.2,4568,nan,nan,nan,nan,nan,nan,nan,nan,nan
4570,AP000919.3,4569,nan,nan,nan,nan,nan,nan,nan,nan,nan
4571,AP001025.1,4570,nan,nan,nan,nan,nan,nan,nan,nan,nan
4572,TGIF1,4571,nan,nan,nan,nan,nan,nan,nan,nan,nan
4573,ZBTB14,4572,nan,nan,nan,nan,nan,nan,nan,nan,nan
4574,L3MBTL4,4573,nan,nan,nan,nan,nan,nan,nan,nan,nan
4575,MTCL1,4574,nan,nan,nan,nan,nan,nan,nan,nan,nan
4576,AP000864.1,4575,nan,nan,nan,nan,nan,nan,nan,nan,nan
4577,AP001531.1,4576,nan,nan,nan,nan,nan,nan,nan,nan,nan
4578,ANKRD12,4577,nan,nan,nan,nan,nan,nan,nan,nan,nan
4579,AP001033.2,4578,nan,nan,nan,nan,nan,nan,nan,nan,nan
4580,AP001033.1,4579,nan,nan,nan,nan,nan,nan,nan,nan,nan
4581,AP001033.3,4580,nan,nan,nan,nan,nan,nan,nan,nan,nan
4582,GNAL,4581,nan,nan,nan,nan,nan,nan,nan,nan,nan
4583,AP005137.1,4582,nan,nan,nan,nan,nan,nan,nan,nan,nan
4584,AP005137.2,4583,nan,nan,nan,nan,nan,nan,nan,nan,nan
4585,IMPA2,4584,nan,nan,nan,nan,nan,nan,nan,nan,nan
4586,AP001542.3,4585,nan,nan,nan,nan,nan,nan,nan,nan,nan
4587,LDLRAD4,4586,nan,nan,nan,nan,nan,nan,nan,nan,nan
4588,AP002505.1,4587,nan,nan,nan,nan,nan,nan,nan,nan,nan
4589,AP002505.3,4588,nan,nan,nan,nan,nan,nan,nan,nan,nan
4590,AP002439.1,4589,nan,nan,nan,nan,nan,nan,nan,nan,nan
4591,AP001010.1,4590,nan,nan,nan,nan,nan,nan,nan,nan,nan
4592,ZNF519,4591,nan,nan,nan,nan,nan,nan,nan,nan,nan
4593,AP006261.1,4592,nan,nan,nan,nan,nan,nan,nan,nan,nan
4594,POTEC,4593,nan,nan,nan,nan,nan,nan,nan,nan,nan
4595,GREB1L,4594,nan,nan,nan,nan,nan,nan,nan,nan,nan
4596,AC015878.2,4595,nan,nan,nan,nan,nan,nan,nan,nan,nan
4597,AC015878.1,4596,nan,nan,nan,nan,nan,nan,nan,nan,nan
4598,AC090772.2,4597,nan,nan,nan,nan,nan,nan,nan,nan,nan
4599,AC090772.1,4598,nan,nan,nan,nan,nan,nan,nan,nan,nan
4600,AC090772.3,4599,nan,nan,nan,nan,nan,nan,nan,nan,nan
4601,OSBPL1A,4600,nan,nan,nan,nan,nan,nan,nan,nan,nan
4602,IMPACT,4601,nan,nan,nan,nan,nan,nan,nan,nan,nan
4603,AC007922.2,4602,nan,nan,nan,nan,nan,nan,nan,nan,nan
4604,HRH4,4603,nan,nan,nan,nan,nan,nan,nan,nan,nan
4605,AC007922.1,4604,nan,nan,nan,nan,nan,nan,nan,nan,nan
4606,AC007922.4,4605,nan,nan,nan,nan,nan,nan,nan,nan,nan
4607,AC007922.3,4606,nan,nan,nan,nan,nan,nan,nan,nan,nan
4608,ZNF521,4607,nan,nan,nan,nan,nan,nan,nan,nan,nan
4609,AC105114.2,4608,nan,nan,nan,nan,nan,nan,nan,nan,nan
4610,AC110603.1,4609,nan,nan,nan,nan,nan,nan,nan,nan,nan
4611,TAF4B,4610,nan,nan,nan,nan,nan,nan,nan,nan,nan
4612,KCTD1,4611,nan,nan,nan,nan,nan,nan,nan,nan,nan
4613,AC007996.1,4612,nan,nan,nan,nan,nan,nan,nan,nan,nan
4614,AC090206.1,4613,nan,nan,nan,nan,nan,nan,nan,nan,nan
4615,AC012588.1,4614,nan,nan,nan,nan,nan,nan,nan,nan,nan
4616,B4GALT6,4615,nan,nan,nan,nan,nan,nan,nan,nan,nan
4617,AC017100.1,4616,nan,nan,nan,nan,nan,nan,nan,nan,nan
4618,RNF125,4617,nan,nan,nan,nan,nan,nan,nan,nan,nan
4619,RNF138,4618,nan,nan,nan,nan,nan,nan,nan,nan,nan
4620,MEP1B,4619,nan,nan,nan,nan,nan,nan,nan,nan,nan
4621,AC015563.1,4620,nan,nan,nan,nan,nan,nan,nan,nan,nan
4622,AC015563.2,4621,nan,nan,nan,nan,nan,nan,nan,nan,nan
4623,AC025887.2,4622,nan,nan,nan,nan,nan,nan,nan,nan,nan
4624,AC025887.1,4623,nan,nan,nan,nan,nan,nan,nan,nan,nan
4625,KLHL14,4624,nan,nan,nan,nan,nan,nan,nan,nan,nan
4626,AC012123.1,4625,nan,nan,nan,nan,nan,nan,nan,nan,nan
4627,MAPRE2,4626,nan,nan,nan,nan,nan,nan,nan,nan,nan
4628,AC015967.1,4627,nan,nan,nan,nan,nan,nan,nan,nan,nan
4629,ZNF397,4628,nan,nan,nan,nan,nan,nan,nan,nan,nan
4630,ZSCAN30,4629,nan,nan,nan,nan,nan,nan,nan,nan,nan
4631,ZNF24,4630,nan,nan,nan,nan,nan,nan,nan,nan,nan
4632,ZNF396,4631,nan,nan,nan,nan,nan,nan,nan,nan,nan
4633,AC007998.4,4632,nan,nan,nan,nan,nan,nan,nan,nan,nan
4634,AC007998.3,4633,nan,nan,nan,nan,nan,nan,nan,nan,nan
4635,GALNT1,4634,nan,nan,nan,nan,nan,nan,nan,nan,nan
4636,AC090229.1,4635,nan,nan,nan,nan,nan,nan,nan,nan,nan
4637,PIAS2,4636,nan,nan,nan,nan,nan,nan,nan,nan,nan
4638,SMAD2,4637,nan,nan,nan,nan,nan,nan,nan,nan,nan
4639,ZBTB7C,4638,nan,nan,nan,nan,nan,nan,nan,nan,nan
4640,AC048380.1,4639,nan,nan,nan,nan,nan,nan,nan,nan,nan
4641,AC093567.1,4640,nan,nan,nan,nan,nan,nan,nan,nan,nan
4642,SMAD7,4641,nan,nan,nan,nan,nan,nan,nan,nan,nan
4643,AC114684.1,4642,nan,nan,nan,nan,nan,nan,nan,nan,nan
4644,LIPG,4643,nan,nan,nan,nan,nan,nan,nan,nan,nan
4645,AC090246.1,4644,nan,nan,nan,nan,nan,nan,nan,nan,nan
4646,MBD1,4645,nan,nan,nan,nan,nan,nan,nan,nan,nan
4647,CXXC1,4646,nan,nan,nan,nan,nan,nan,nan,nan,nan
4648,SMAD4,4647,nan,nan,nan,nan,nan,nan,nan,nan,nan
4649,MBD2,4648,nan,nan,nan,nan,nan,nan,nan,nan,nan
4650,POLI,4649,nan,nan,nan,nan,nan,nan,nan,nan,nan
4651,RAB27B,4650,nan,nan,nan,nan,nan,nan,nan,nan,nan
4652,AC098848.1,4651,nan,nan,nan,nan,nan,nan,nan,nan,nan
4653,TCF4,4652,nan,nan,nan,nan,nan,nan,nan,nan,nan
4654,ST8SIA3,4653,nan,nan,nan,nan,nan,nan,nan,nan,nan
4655,AC027097.1,4654,nan,nan,nan,nan,nan,nan,nan,nan,nan
4656,AC027097.2,4655,nan,nan,nan,nan,nan,nan,nan,nan,nan
4657,ATP8B1,4656,nan,nan,nan,nan,nan,nan,nan,nan,nan
4658,NEDD4L,4657,nan,nan,nan,nan,nan,nan,nan,nan,nan
4659,AC107896.1,4658,nan,nan,nan,nan,nan,nan,nan,nan,nan
4660,ALPK2,4659,nan,nan,nan,nan,nan,nan,nan,nan,nan
4661,ZNF532,4660,nan,nan,nan,nan,nan,nan,nan,nan,nan
4662,AC040963.1,4661,nan,nan,nan,nan,nan,nan,nan,nan,nan
4663,RAX,4662,nan,nan,nan,nan,nan,nan,nan,nan,nan
4664,AC105094.2,4663,nan,nan,nan,nan,nan,nan,nan,nan,nan
4665,AC105094.1,4664,nan,nan,nan,nan,nan,nan,nan,nan,nan
4666,RNF152,4665,nan,nan,nan,nan,nan,nan,nan,nan,nan
4667,TNFRSF11A,4666,nan,nan,nan,nan,nan,nan,nan,nan,nan
4668,HMSD,4667,nan,nan,nan,nan,nan,nan,nan,nan,nan
4669,AC009802.1,4668,nan,nan,nan,nan,nan,nan,nan,nan,nan
4670,SERPINB8,4669,nan,nan,nan,nan,nan,nan,nan,nan,nan
4671,CCDC102B,4670,nan,nan,nan,nan,nan,nan,nan,nan,nan
4672,AC022035.1,4671,nan,nan,nan,nan,nan,nan,nan,nan,nan
4673,ZNF407,4672,nan,nan,nan,nan,nan,nan,nan,nan,nan
4674,AC015819.2,4673,nan,nan,nan,nan,nan,nan,nan,nan,nan
4675,AC015819.1,4674,nan,nan,nan,nan,nan,nan,nan,nan,nan
4676,AC015819.5,4675,nan,nan,nan,nan,nan,nan,nan,nan,nan
4677,TSHZ1,4676,nan,nan,nan,nan,nan,nan,nan,nan,nan
4678,ZNF516,4677,nan,nan,nan,nan,nan,nan,nan,nan,nan
4679,AC009716.1,4678,nan,nan,nan,nan,nan,nan,nan,nan,nan
4680,AC027575.2,4679,nan,nan,nan,nan,nan,nan,nan,nan,nan
4681,ZNF236,4680,nan,nan,nan,nan,nan,nan,nan,nan,nan
4682,MBP,4681,nan,nan,nan,nan,nan,nan,nan,nan,nan
4683,AC018529.1,4682,nan,nan,nan,nan,nan,nan,nan,nan,nan
4684,AC018529.2,4683,nan,nan,nan,nan,nan,nan,nan,nan,nan
4685,SALL3,4684,nan,nan,nan,nan,nan,nan,nan,nan,nan
4686,AC125437.1,4685,nan,nan,nan,nan,nan,nan,nan,nan,nan
4687,AC125437.3,4686,nan,nan,nan,nan,nan,nan,nan,nan,nan
4688,AC023090.1,4687,nan,nan,nan,nan,nan,nan,nan,nan,nan
4689,NFATC1,4688,nan,nan,nan,nan,nan,nan,nan,nan,nan
4690,AC018445.5,4689,nan,nan,nan,nan,nan,nan,nan,nan,nan
4691,AC018445.1,4690,nan,nan,nan,nan,nan,nan,nan,nan,nan
4692,AC018445.6,4691,nan,nan,nan,nan,nan,nan,nan,nan,nan
4693,AC021594.1,4692,nan,nan,nan,nan,nan,nan,nan,nan,nan
4694,AC021594.2,4693,nan,nan,nan,nan,nan,nan,nan,nan,nan
4695,ADNP2,4694,nan,nan,nan,nan,nan,nan,nan,nan,nan
4696,MIER2,4695,nan,nan,nan,nan,nan,nan,nan,nan,nan
4697,C2CD4C,4696,nan,nan,nan,nan,nan,nan,nan,nan,nan
4698,GZMM,4697,nan,nan,nan,nan,nan,nan,nan,nan,nan
4699,HCN2,4698,nan,nan,nan,nan,nan,nan,nan,nan,nan
4700,POLRMT,4699,nan,nan,nan,nan,nan,nan,nan,nan,nan
4701,AC004449.1,4700,nan,nan,nan,nan,nan,nan,nan,nan,nan
4702,MISP,4701,nan,nan,nan,nan,nan,nan,nan,nan,nan
4703,MED16,4702,nan,nan,nan,nan,nan,nan,nan,nan,nan
4704,ARID3A,4703,nan,nan,nan,nan,nan,nan,nan,nan,nan
4705,AC005391.1,4704,nan,nan,nan,nan,nan,nan,nan,nan,nan
4706,POLR2E,4705,nan,nan,nan,nan,nan,nan,nan,nan,nan
4707,AC027307.3,4706,nan,nan,nan,nan,nan,nan,nan,nan,nan
4708,APC2,4707,nan,nan,nan,nan,nan,nan,nan,nan,nan
4709,AC027307.2,4708,nan,nan,nan,nan,nan,nan,nan,nan,nan
4710,REEP6,4709,nan,nan,nan,nan,nan,nan,nan,nan,nan
4711,AC027307.1,4710,nan,nan,nan,nan,nan,nan,nan,nan,nan
4712,MBD3,4711,nan,nan,nan,nan,nan,nan,nan,nan,nan
4713,TCF3,4712,nan,nan,nan,nan,nan,nan,nan,nan,nan
4714,KLF16,4713,nan,nan,nan,nan,nan,nan,nan,nan,nan
4715,DOT1L,4714,nan,nan,nan,nan,nan,nan,nan,nan,nan
4716,AC004490.1,4715,nan,nan,nan,nan,nan,nan,nan,nan,nan
4717,SF3A2,4716,nan,nan,nan,nan,nan,nan,nan,nan,nan
4718,AMH,4717,nan,nan,nan,nan,nan,nan,nan,nan,nan
4719,ZNF554,4718,nan,nan,nan,nan,nan,nan,nan,nan,nan
4720,ZNF555,4719,nan,nan,nan,nan,nan,nan,nan,nan,nan
4721,ZNF556,4720,nan,nan,nan,nan,nan,nan,nan,nan,nan
4722,ZNF57,4721,nan,nan,nan,nan,nan,nan,nan,nan,nan
4723,ZNF77,4722,nan,nan,nan,nan,nan,nan,nan,nan,nan
4724,TLE6,4723,nan,nan,nan,nan,nan,nan,nan,nan,nan
4725,TLE2,4724,nan,nan,nan,nan,nan,nan,nan,nan,nan
4726,NFIC,4725,nan,nan,nan,nan,nan,nan,nan,nan,nan
4727,HMG20B,4726,nan,nan,nan,nan,nan,nan,nan,nan,nan
4728,CACTIN,4727,nan,nan,nan,nan,nan,nan,nan,nan,nan
4729,ZFR2,4728,nan,nan,nan,nan,nan,nan,nan,nan,nan
4730,PIAS4,4729,nan,nan,nan,nan,nan,nan,nan,nan,nan
4731,ZBTB7A,4730,nan,nan,nan,nan,nan,nan,nan,nan,nan
4732,AC016586.1,4731,nan,nan,nan,nan,nan,nan,nan,nan,nan
4733,SIRT6,4732,nan,nan,nan,nan,nan,nan,nan,nan,nan
4734,AC007292.3,4733,nan,nan,nan,nan,nan,nan,nan,nan,nan
4735,AC007292.2,4734,nan,nan,nan,nan,nan,nan,nan,nan,nan
4736,SH3GL1,4735,nan,nan,nan,nan,nan,nan,nan,nan,nan
4737,AC007292.1,4736,nan,nan,nan,nan,nan,nan,nan,nan,nan
4738,TICAM1,4737,nan,nan,nan,nan,nan,nan,nan,nan,nan
4739,ARRDC5,4738,nan,nan,nan,nan,nan,nan,nan,nan,nan
4740,UHRF1,4739,nan,nan,nan,nan,nan,nan,nan,nan,nan
4741,PTPRS,4740,nan,nan,nan,nan,nan,nan,nan,nan,nan
4742,AC022517.1,4741,nan,nan,nan,nan,nan,nan,nan,nan,nan
4743,AC005790.1,4742,nan,nan,nan,nan,nan,nan,nan,nan,nan
4744,SAFB2,4743,nan,nan,nan,nan,nan,nan,nan,nan,nan
4745,SAFB,4744,nan,nan,nan,nan,nan,nan,nan,nan,nan
4746,DUS3L,4745,nan,nan,nan,nan,nan,nan,nan,nan,nan
4747,AC011444.1,4746,nan,nan,nan,nan,nan,nan,nan,nan,nan
4748,RFX2,4747,nan,nan,nan,nan,nan,nan,nan,nan,nan
4749,AC011444.2,4748,nan,nan,nan,nan,nan,nan,nan,nan,nan
4750,AC011444.3,4749,nan,nan,nan,nan,nan,nan,nan,nan,nan
4751,MLLT1,4750,nan,nan,nan,nan,nan,nan,nan,nan,nan
4752,GTF2F1,4751,nan,nan,nan,nan,nan,nan,nan,nan,nan
4753,SLC25A23,4752,nan,nan,nan,nan,nan,nan,nan,nan,nan
4754,AC010503.4,4753,nan,nan,nan,nan,nan,nan,nan,nan,nan
4755,AC010503.2,4754,nan,nan,nan,nan,nan,nan,nan,nan,nan
4756,AC010503.1,4755,nan,nan,nan,nan,nan,nan,nan,nan,nan
4757,VAV1,4756,nan,nan,nan,nan,nan,nan,nan,nan,nan
4758,ZNF557,4757,nan,nan,nan,nan,nan,nan,nan,nan,nan
4759,AC119396.1,4758,nan,nan,nan,nan,nan,nan,nan,nan,nan
4760,AC119396.2,4759,nan,nan,nan,nan,nan,nan,nan,nan,nan
4761,ARHGEF18,4760,nan,nan,nan,nan,nan,nan,nan,nan,nan
4762,ZNF358,4761,nan,nan,nan,nan,nan,nan,nan,nan,nan
4763,AC008878.4,4762,nan,nan,nan,nan,nan,nan,nan,nan,nan
4764,SNAPC2,4763,nan,nan,nan,nan,nan,nan,nan,nan,nan
4765,FBN3,4764,nan,nan,nan,nan,nan,nan,nan,nan,nan
4766,CERS4,4765,nan,nan,nan,nan,nan,nan,nan,nan,nan
4767,PRAM1,4766,nan,nan,nan,nan,nan,nan,nan,nan,nan
4768,ZNF414,4767,nan,nan,nan,nan,nan,nan,nan,nan,nan
4769,MYO1F,4768,nan,nan,nan,nan,nan,nan,nan,nan,nan
4770,AC092316.1,4769,nan,nan,nan,nan,nan,nan,nan,nan,nan
4771,ZNF558,4770,nan,nan,nan,nan,nan,nan,nan,nan,nan
4772,ZNF317,4771,nan,nan,nan,nan,nan,nan,nan,nan,nan
4773,ZNF699,4772,nan,nan,nan,nan,nan,nan,nan,nan,nan
4774,ZNF559,4773,nan,nan,nan,nan,nan,nan,nan,nan,nan
4775,ZNF177,4774,nan,nan,nan,nan,nan,nan,nan,nan,nan
4776,ZNF266,4775,nan,nan,nan,nan,nan,nan,nan,nan,nan
4777,ZNF121,4776,nan,nan,nan,nan,nan,nan,nan,nan,nan
4778,ZNF561,4777,nan,nan,nan,nan,nan,nan,nan,nan,nan
4779,ZNF562,4778,nan,nan,nan,nan,nan,nan,nan,nan,nan
4780,AC008759.3,4779,nan,nan,nan,nan,nan,nan,nan,nan,nan
4781,AC008759.2,4780,nan,nan,nan,nan,nan,nan,nan,nan,nan
4782,ZNF846,4781,nan,nan,nan,nan,nan,nan,nan,nan,nan
4783,PIN1,4782,nan,nan,nan,nan,nan,nan,nan,nan,nan
4784,DNMT1,4783,nan,nan,nan,nan,nan,nan,nan,nan,nan
4785,ICAM1,4784,nan,nan,nan,nan,nan,nan,nan,nan,nan
4786,ZGLP1,4785,nan,nan,nan,nan,nan,nan,nan,nan,nan
4787,KEAP1,4786,nan,nan,nan,nan,nan,nan,nan,nan,nan
4788,SMARCA4,4787,nan,nan,nan,nan,nan,nan,nan,nan,nan
4789,TSPAN16,4788,nan,nan,nan,nan,nan,nan,nan,nan,nan
4790,TMEM205,4789,nan,nan,nan,nan,nan,nan,nan,nan,nan
4791,CCDC159,4790,nan,nan,nan,nan,nan,nan,nan,nan,nan
4792,AC024575.1,4791,nan,nan,nan,nan,nan,nan,nan,nan,nan
4793,ZNF653,4792,nan,nan,nan,nan,nan,nan,nan,nan,nan
4794,ZNF627,4793,nan,nan,nan,nan,nan,nan,nan,nan,nan
4795,AC008543.1,4794,nan,nan,nan,nan,nan,nan,nan,nan,nan
4796,ZNF823,4795,nan,nan,nan,nan,nan,nan,nan,nan,nan
4797,AC008543.3,4796,nan,nan,nan,nan,nan,nan,nan,nan,nan
4798,ZNF441,4797,nan,nan,nan,nan,nan,nan,nan,nan,nan
4799,AC008543.5,4798,nan,nan,nan,nan,nan,nan,nan,nan,nan
4800,ZNF491,4799,nan,nan,nan,nan,nan,nan,nan,nan,nan
4801,ZNF440,4800,nan,nan,nan,nan,nan,nan,nan,nan,nan
4802,AC008543.4,4801,nan,nan,nan,nan,nan,nan,nan,nan,nan
4803,ZNF439,4802,nan,nan,nan,nan,nan,nan,nan,nan,nan
4804,ZNF69,4803,nan,nan,nan,nan,nan,nan,nan,nan,nan
4805,ZNF700,4804,nan,nan,nan,nan,nan,nan,nan,nan,nan
4806,ZNF763,4805,nan,nan,nan,nan,nan,nan,nan,nan,nan
4807,ZNF433,4806,nan,nan,nan,nan,nan,nan,nan,nan,nan
4808,ZNF878,4807,nan,nan,nan,nan,nan,nan,nan,nan,nan
4809,ZNF844,4808,nan,nan,nan,nan,nan,nan,nan,nan,nan
4810,ZNF20,4809,nan,nan,nan,nan,nan,nan,nan,nan,nan
4811,ZNF625,4810,nan,nan,nan,nan,nan,nan,nan,nan,nan
4812,ZNF136,4811,nan,nan,nan,nan,nan,nan,nan,nan,nan
4813,ZNF44,4812,nan,nan,nan,nan,nan,nan,nan,nan,nan
4814,ZNF563,4813,nan,nan,nan,nan,nan,nan,nan,nan,nan
4815,ZNF442,4814,nan,nan,nan,nan,nan,nan,nan,nan,nan
4816,ZNF799,4815,nan,nan,nan,nan,nan,nan,nan,nan,nan
4817,ZNF443,4816,nan,nan,nan,nan,nan,nan,nan,nan,nan
4818,ZNF709,4817,nan,nan,nan,nan,nan,nan,nan,nan,nan
4819,ZNF564,4818,nan,nan,nan,nan,nan,nan,nan,nan,nan
4820,ZNF490,4819,nan,nan,nan,nan,nan,nan,nan,nan,nan
4821,ZNF791,4820,nan,nan,nan,nan,nan,nan,nan,nan,nan
4822,JUNB,4821,nan,nan,nan,nan,nan,nan,nan,nan,nan
4823,PRDX2,4822,nan,nan,nan,nan,nan,nan,nan,nan,nan
4824,FARSA,4823,nan,nan,nan,nan,nan,nan,nan,nan,nan
4825,DAND5,4824,nan,nan,nan,nan,nan,nan,nan,nan,nan
4826,NFIX,4825,nan,nan,nan,nan,nan,nan,nan,nan,nan
4827,AC138474.1,4826,nan,nan,nan,nan,nan,nan,nan,nan,nan
4828,TRMT1,4827,nan,nan,nan,nan,nan,nan,nan,nan,nan
4829,CC2D1A,4828,nan,nan,nan,nan,nan,nan,nan,nan,nan
4830,RFX1,4829,nan,nan,nan,nan,nan,nan,nan,nan,nan
4831,ADGRE5,4830,nan,nan,nan,nan,nan,nan,nan,nan,nan
4832,AC008569.1,4831,nan,nan,nan,nan,nan,nan,nan,nan,nan
4833,AC008569.2,4832,nan,nan,nan,nan,nan,nan,nan,nan,nan
4834,ZNF333,4833,nan,nan,nan,nan,nan,nan,nan,nan,nan
4835,NOTCH3,4834,nan,nan,nan,nan,nan,nan,nan,nan,nan
4836,BRD4,4835,nan,nan,nan,nan,nan,nan,nan,nan,nan
4837,AC005776.2,4836,nan,nan,nan,nan,nan,nan,nan,nan,nan
4838,AKAP8,4837,nan,nan,nan,nan,nan,nan,nan,nan,nan
4839,AKAP8L,4838,nan,nan,nan,nan,nan,nan,nan,nan,nan
4840,WIZ,4839,nan,nan,nan,nan,nan,nan,nan,nan,nan
4841,KLF2,4840,nan,nan,nan,nan,nan,nan,nan,nan,nan
4842,AC020917.3,4841,nan,nan,nan,nan,nan,nan,nan,nan,nan
4843,AC020917.2,4842,nan,nan,nan,nan,nan,nan,nan,nan,nan
4844,AC020908.2,4843,nan,nan,nan,nan,nan,nan,nan,nan,nan
4845,AC020908.1,4844,nan,nan,nan,nan,nan,nan,nan,nan,nan
4846,MYO9B,4845,nan,nan,nan,nan,nan,nan,nan,nan,nan
4847,AC020908.3,4846,nan,nan,nan,nan,nan,nan,nan,nan,nan
4848,AC020913.1,4847,nan,nan,nan,nan,nan,nan,nan,nan,nan
4849,AC020913.3,4848,nan,nan,nan,nan,nan,nan,nan,nan,nan
4850,AC020913.2,4849,nan,nan,nan,nan,nan,nan,nan,nan,nan
4851,NR2F6,4850,nan,nan,nan,nan,nan,nan,nan,nan,nan
4852,CCDC194,4851,nan,nan,nan,nan,nan,nan,nan,nan,nan
4853,SLC5A5,4852,nan,nan,nan,nan,nan,nan,nan,nan,nan
4854,CCDC124,4853,nan,nan,nan,nan,nan,nan,nan,nan,nan
4855,IL12RB1,4854,nan,nan,nan,nan,nan,nan,nan,nan,nan
4856,IFI30,4855,nan,nan,nan,nan,nan,nan,nan,nan,nan
4857,JUND,4856,nan,nan,nan,nan,nan,nan,nan,nan,nan
4858,SSBP4,4857,nan,nan,nan,nan,nan,nan,nan,nan,nan
4859,UBA52,4858,nan,nan,nan,nan,nan,nan,nan,nan,nan
4860,CRTC1,4859,nan,nan,nan,nan,nan,nan,nan,nan,nan
4861,MEF2B,4860,nan,nan,nan,nan,nan,nan,nan,nan,nan
4862,RFXANK,4861,nan,nan,nan,nan,nan,nan,nan,nan,nan
4863,NR2C2AP,4862,nan,nan,nan,nan,nan,nan,nan,nan,nan
4864,GATAD2A,4863,nan,nan,nan,nan,nan,nan,nan,nan,nan
4865,PBX4,4864,nan,nan,nan,nan,nan,nan,nan,nan,nan
4866,ZNF101,4865,nan,nan,nan,nan,nan,nan,nan,nan,nan
4867,ZNF14,4866,nan,nan,nan,nan,nan,nan,nan,nan,nan
4868,ZNF506,4867,nan,nan,nan,nan,nan,nan,nan,nan,nan
4869,ZNF253,4868,nan,nan,nan,nan,nan,nan,nan,nan,nan
4870,ZNF93,4869,nan,nan,nan,nan,nan,nan,nan,nan,nan
4871,ZNF682,4870,nan,nan,nan,nan,nan,nan,nan,nan,nan
4872,ZNF90,4871,nan,nan,nan,nan,nan,nan,nan,nan,nan
4873,AC011447.3,4872,nan,nan,nan,nan,nan,nan,nan,nan,nan
4874,ZNF486,4873,nan,nan,nan,nan,nan,nan,nan,nan,nan
4875,ZNF737,4874,nan,nan,nan,nan,nan,nan,nan,nan,nan
4876,AC010636.1,4875,nan,nan,nan,nan,nan,nan,nan,nan,nan
4877,ZNF626,4876,nan,nan,nan,nan,nan,nan,nan,nan,nan
4878,ZNF85,4877,nan,nan,nan,nan,nan,nan,nan,nan,nan
4879,ZNF430,4878,nan,nan,nan,nan,nan,nan,nan,nan,nan
4880,ZNF714,4879,nan,nan,nan,nan,nan,nan,nan,nan,nan
4881,ZNF431,4880,nan,nan,nan,nan,nan,nan,nan,nan,nan
4882,ZNF708,4881,nan,nan,nan,nan,nan,nan,nan,nan,nan
4883,ZNF738,4882,nan,nan,nan,nan,nan,nan,nan,nan,nan
4884,ZNF493,4883,nan,nan,nan,nan,nan,nan,nan,nan,nan
4885,AC010615.2,4884,nan,nan,nan,nan,nan,nan,nan,nan,nan
4886,ZNF429,4885,nan,nan,nan,nan,nan,nan,nan,nan,nan
4887,ZNF100,4886,nan,nan,nan,nan,nan,nan,nan,nan,nan
4888,AC092364.1,4887,nan,nan,nan,nan,nan,nan,nan,nan,nan
4889,ZNF43,4888,nan,nan,nan,nan,nan,nan,nan,nan,nan
4890,ZNF208,4889,nan,nan,nan,nan,nan,nan,nan,nan,nan
4891,AC003973.1,4890,nan,nan,nan,nan,nan,nan,nan,nan,nan
4892,ZNF257,4891,nan,nan,nan,nan,nan,nan,nan,nan,nan
4893,ZNF676,4892,nan,nan,nan,nan,nan,nan,nan,nan,nan
4894,ZNF98,4893,nan,nan,nan,nan,nan,nan,nan,nan,nan
4895,AC011516.1,4894,nan,nan,nan,nan,nan,nan,nan,nan,nan
4896,AC025811.1,4895,nan,nan,nan,nan,nan,nan,nan,nan,nan
4897,AC011467.7,4896,nan,nan,nan,nan,nan,nan,nan,nan,nan
4898,AC011467.1,4897,nan,nan,nan,nan,nan,nan,nan,nan,nan
4899,ZNF492,4898,nan,nan,nan,nan,nan,nan,nan,nan,nan
4900,ZNF99,4899,nan,nan,nan,nan,nan,nan,nan,nan,nan
4901,ZNF728,4900,nan,nan,nan,nan,nan,nan,nan,nan,nan
4902,AC074135.2,4901,nan,nan,nan,nan,nan,nan,nan,nan,nan
4903,AC074135.1,4902,nan,nan,nan,nan,nan,nan,nan,nan,nan
4904,ZNF730,4903,nan,nan,nan,nan,nan,nan,nan,nan,nan
4905,ZNF724,4904,nan,nan,nan,nan,nan,nan,nan,nan,nan
4906,ZNF91,4905,nan,nan,nan,nan,nan,nan,nan,nan,nan
4907,ZNF675,4906,nan,nan,nan,nan,nan,nan,nan,nan,nan
4908,ZNF681,4907,nan,nan,nan,nan,nan,nan,nan,nan,nan
4909,ZNF726,4908,nan,nan,nan,nan,nan,nan,nan,nan,nan
4910,UQCRFS1,4909,nan,nan,nan,nan,nan,nan,nan,nan,nan
4911,AC007786.1,4910,nan,nan,nan,nan,nan,nan,nan,nan,nan
4912,AC007786.2,4911,nan,nan,nan,nan,nan,nan,nan,nan,nan
4913,AC007786.3,4912,nan,nan,nan,nan,nan,nan,nan,nan,nan
4914,AC007786.4,4913,nan,nan,nan,nan,nan,nan,nan,nan,nan
4915,TSHZ3,4914,nan,nan,nan,nan,nan,nan,nan,nan,nan
4916,AC025809.1,4915,nan,nan,nan,nan,nan,nan,nan,nan,nan
4917,ZNF507,4916,nan,nan,nan,nan,nan,nan,nan,nan,nan
4918,SLC7A9,4917,nan,nan,nan,nan,nan,nan,nan,nan,nan
4919,AC008805.2,4918,nan,nan,nan,nan,nan,nan,nan,nan,nan
4920,CEBPA,4919,nan,nan,nan,nan,nan,nan,nan,nan,nan
4921,CEBPG,4920,nan,nan,nan,nan,nan,nan,nan,nan,nan
4922,AC020910.2,4921,nan,nan,nan,nan,nan,nan,nan,nan,nan
4923,ZNF302,4922,nan,nan,nan,nan,nan,nan,nan,nan,nan
4924,AC020910.5,4923,nan,nan,nan,nan,nan,nan,nan,nan,nan
4925,ZNF181,4924,nan,nan,nan,nan,nan,nan,nan,nan,nan
4926,ZNF599,4925,nan,nan,nan,nan,nan,nan,nan,nan,nan
4927,ZNF30,4926,nan,nan,nan,nan,nan,nan,nan,nan,nan
4928,LSR,4927,nan,nan,nan,nan,nan,nan,nan,nan,nan
4929,AC002128.2,4928,nan,nan,nan,nan,nan,nan,nan,nan,nan
4930,AC002128.1,4929,nan,nan,nan,nan,nan,nan,nan,nan,nan
4931,USF2,4930,nan,nan,nan,nan,nan,nan,nan,nan,nan
4932,CD22,4931,nan,nan,nan,nan,nan,nan,nan,nan,nan
4933,ZBTB32,4932,nan,nan,nan,nan,nan,nan,nan,nan,nan
4934,KMT2B,4933,nan,nan,nan,nan,nan,nan,nan,nan,nan
4935,U2AF1L4,4934,nan,nan,nan,nan,nan,nan,nan,nan,nan
4936,NPHS1,4935,nan,nan,nan,nan,nan,nan,nan,nan,nan
4937,NFKBID,4936,nan,nan,nan,nan,nan,nan,nan,nan,nan
4938,AF038458.3,4937,nan,nan,nan,nan,nan,nan,nan,nan,nan
4939,AF038458.2,4938,nan,nan,nan,nan,nan,nan,nan,nan,nan
4940,SYNE4,4939,nan,nan,nan,nan,nan,nan,nan,nan,nan
4941,AC002116.2,4940,nan,nan,nan,nan,nan,nan,nan,nan,nan
4942,THAP8,4941,nan,nan,nan,nan,nan,nan,nan,nan,nan
4943,ZNF565,4942,nan,nan,nan,nan,nan,nan,nan,nan,nan
4944,ZNF146,4943,nan,nan,nan,nan,nan,nan,nan,nan,nan
4945,AC092296.2,4944,nan,nan,nan,nan,nan,nan,nan,nan,nan
4946,ZFP14,4945,nan,nan,nan,nan,nan,nan,nan,nan,nan
4947,AC092296.1,4946,nan,nan,nan,nan,nan,nan,nan,nan,nan
4948,AC092296.4,4947,nan,nan,nan,nan,nan,nan,nan,nan,nan
4949,ZFP82,4948,nan,nan,nan,nan,nan,nan,nan,nan,nan
4950,ZNF566,4949,nan,nan,nan,nan,nan,nan,nan,nan,nan
4951,ZNF529,4950,nan,nan,nan,nan,nan,nan,nan,nan,nan
4952,ZNF382,4951,nan,nan,nan,nan,nan,nan,nan,nan,nan
4953,ZNF461,4952,nan,nan,nan,nan,nan,nan,nan,nan,nan
4954,AC074138.1,4953,nan,nan,nan,nan,nan,nan,nan,nan,nan
4955,ZNF567,4954,nan,nan,nan,nan,nan,nan,nan,nan,nan
4956,ZNF850,4955,nan,nan,nan,nan,nan,nan,nan,nan,nan
4957,ZNF790,4956,nan,nan,nan,nan,nan,nan,nan,nan,nan
4958,ZNF345,4957,nan,nan,nan,nan,nan,nan,nan,nan,nan
4959,ZNF829,4958,nan,nan,nan,nan,nan,nan,nan,nan,nan
4960,ZNF568,4959,nan,nan,nan,nan,nan,nan,nan,nan,nan
4961,ZNF420,4960,nan,nan,nan,nan,nan,nan,nan,nan,nan
4962,ZNF585A,4961,nan,nan,nan,nan,nan,nan,nan,nan,nan
4963,AC012309.2,4962,nan,nan,nan,nan,nan,nan,nan,nan,nan
4964,ZNF585B,4963,nan,nan,nan,nan,nan,nan,nan,nan,nan
4965,ZNF383,4964,nan,nan,nan,nan,nan,nan,nan,nan,nan
4966,ZNF527,4965,nan,nan,nan,nan,nan,nan,nan,nan,nan
4967,ZNF569,4966,nan,nan,nan,nan,nan,nan,nan,nan,nan
4968,ZNF570,4967,nan,nan,nan,nan,nan,nan,nan,nan,nan
4969,ZNF793,4968,nan,nan,nan,nan,nan,nan,nan,nan,nan
4970,ZNF540,4969,nan,nan,nan,nan,nan,nan,nan,nan,nan
4971,ZNF571,4970,nan,nan,nan,nan,nan,nan,nan,nan,nan
4972,ZFP30,4971,nan,nan,nan,nan,nan,nan,nan,nan,nan
4973,ZNF607,4972,nan,nan,nan,nan,nan,nan,nan,nan,nan
4974,ZNF573,4973,nan,nan,nan,nan,nan,nan,nan,nan,nan
4975,DPF1,4974,nan,nan,nan,nan,nan,nan,nan,nan,nan
4976,HNRNPL,4975,nan,nan,nan,nan,nan,nan,nan,nan,nan
4977,SIRT2,4976,nan,nan,nan,nan,nan,nan,nan,nan,nan
4978,NFKBIB,4977,nan,nan,nan,nan,nan,nan,nan,nan,nan
4979,FBXO27,4978,nan,nan,nan,nan,nan,nan,nan,nan,nan
4980,AC010605.1,4979,nan,nan,nan,nan,nan,nan,nan,nan,nan
4981,ZFP36,4980,nan,nan,nan,nan,nan,nan,nan,nan,nan
4982,RPS16,4981,nan,nan,nan,nan,nan,nan,nan,nan,nan
4983,SUPT5H,4982,nan,nan,nan,nan,nan,nan,nan,nan,nan
4984,SELENOV,4983,nan,nan,nan,nan,nan,nan,nan,nan,nan
4985,AC011500.3,4984,nan,nan,nan,nan,nan,nan,nan,nan,nan
4986,EID2,4985,nan,nan,nan,nan,nan,nan,nan,nan,nan
4987,AC005393.1,4986,nan,nan,nan,nan,nan,nan,nan,nan,nan
4988,ZNF546,4987,nan,nan,nan,nan,nan,nan,nan,nan,nan
4989,ZNF780B,4988,nan,nan,nan,nan,nan,nan,nan,nan,nan
4990,ZNF780A,4989,nan,nan,nan,nan,nan,nan,nan,nan,nan
4991,AC005614.1,4990,nan,nan,nan,nan,nan,nan,nan,nan,nan
4992,MAP3K10,4991,nan,nan,nan,nan,nan,nan,nan,nan,nan
4993,AC118344.1,4992,nan,nan,nan,nan,nan,nan,nan,nan,nan
4994,SERTAD1,4993,nan,nan,nan,nan,nan,nan,nan,nan,nan
4995,AC008537.4,4994,nan,nan,nan,nan,nan,nan,nan,nan,nan
4996,AC008537.2,4995,nan,nan,nan,nan,nan,nan,nan,nan,nan
4997,CYP2A6,4996,nan,nan,nan,nan,nan,nan,nan,nan,nan
4998,TGFB1,4997,nan,nan,nan,nan,nan,nan,nan,nan,nan
4999,ZNF574,4998,nan,nan,nan,nan,nan,nan,nan,nan,nan
5000,POU2F2,4999,nan,nan,nan,nan,nan,nan,nan,nan,nan
5001,ZNF526,5000,nan,nan,nan,nan,nan,nan,nan,nan,nan
5002,ERF,5001,nan,nan,nan,nan,nan,nan,nan,nan,nan
5003,CIC,5002,nan,nan,nan,nan,nan,nan,nan,nan,nan
5004,ZNF575,5003,nan,nan,nan,nan,nan,nan,nan,nan,nan
5005,ZNF428,5004,nan,nan,nan,nan,nan,nan,nan,nan,nan
5006,LYPD5,5005,nan,nan,nan,nan,nan,nan,nan,nan,nan
5007,AC115522.1,5006,nan,nan,nan,nan,nan,nan,nan,nan,nan
5008,ZNF283,5007,nan,nan,nan,nan,nan,nan,nan,nan,nan
5009,ZNF404,5008,nan,nan,nan,nan,nan,nan,nan,nan,nan
5010,AC006213.2,5009,nan,nan,nan,nan,nan,nan,nan,nan,nan
5011,AC006213.7,5010,nan,nan,nan,nan,nan,nan,nan,nan,nan
5012,AC006213.3,5011,nan,nan,nan,nan,nan,nan,nan,nan,nan
5013,ZNF45,5012,nan,nan,nan,nan,nan,nan,nan,nan,nan
5014,ZNF221,5013,nan,nan,nan,nan,nan,nan,nan,nan,nan
5015,ZNF155,5014,nan,nan,nan,nan,nan,nan,nan,nan,nan
5016,AC006213.4,5015,nan,nan,nan,nan,nan,nan,nan,nan,nan
5017,AC006213.5,5016,nan,nan,nan,nan,nan,nan,nan,nan,nan
5018,AC006213.1,5017,nan,nan,nan,nan,nan,nan,nan,nan,nan
5019,ZNF230,5018,nan,nan,nan,nan,nan,nan,nan,nan,nan
5020,ZNF222,5019,nan,nan,nan,nan,nan,nan,nan,nan,nan
5021,ZNF223,5020,nan,nan,nan,nan,nan,nan,nan,nan,nan
5022,ZNF284,5021,nan,nan,nan,nan,nan,nan,nan,nan,nan
5023,ZNF224,5022,nan,nan,nan,nan,nan,nan,nan,nan,nan
5024,AC021092.1,5023,nan,nan,nan,nan,nan,nan,nan,nan,nan
5025,ZNF225,5024,nan,nan,nan,nan,nan,nan,nan,nan,nan
5026,ZNF234,5025,nan,nan,nan,nan,nan,nan,nan,nan,nan
5027,ZNF226,5026,nan,nan,nan,nan,nan,nan,nan,nan,nan
5028,ZNF227,5027,nan,nan,nan,nan,nan,nan,nan,nan,nan
5029,ZNF235,5028,nan,nan,nan,nan,nan,nan,nan,nan,nan
5030,ZNF233,5029,nan,nan,nan,nan,nan,nan,nan,nan,nan
5031,ZNF112,5030,nan,nan,nan,nan,nan,nan,nan,nan,nan
5032,ZNF285,5031,nan,nan,nan,nan,nan,nan,nan,nan,nan
5033,ZNF229,5032,nan,nan,nan,nan,nan,nan,nan,nan,nan
5034,ZNF180,5033,nan,nan,nan,nan,nan,nan,nan,nan,nan
5035,BCL3,5034,nan,nan,nan,nan,nan,nan,nan,nan,nan
5036,RELB,5035,nan,nan,nan,nan,nan,nan,nan,nan,nan
5037,ZNF296,5036,nan,nan,nan,nan,nan,nan,nan,nan,nan
5038,CKM,5037,nan,nan,nan,nan,nan,nan,nan,nan,nan
5039,KLC3,5038,nan,nan,nan,nan,nan,nan,nan,nan,nan
5040,PPP1R13L,5039,nan,nan,nan,nan,nan,nan,nan,nan,nan
5041,FOSB,5040,nan,nan,nan,nan,nan,nan,nan,nan,nan
5042,PPM1N,5041,nan,nan,nan,nan,nan,nan,nan,nan,nan
5043,SIX5,5042,nan,nan,nan,nan,nan,nan,nan,nan,nan
5044,RSPH6A,5043,nan,nan,nan,nan,nan,nan,nan,nan,nan
5045,SYMPK,5044,nan,nan,nan,nan,nan,nan,nan,nan,nan
5046,AC092301.1,5045,nan,nan,nan,nan,nan,nan,nan,nan,nan
5047,IRF2BP1,5046,nan,nan,nan,nan,nan,nan,nan,nan,nan
5048,MYPOP,5047,nan,nan,nan,nan,nan,nan,nan,nan,nan
5049,HIF3A,5048,nan,nan,nan,nan,nan,nan,nan,nan,nan
5050,AC007193.2,5049,nan,nan,nan,nan,nan,nan,nan,nan,nan
5051,AC007193.1,5050,nan,nan,nan,nan,nan,nan,nan,nan,nan
5052,AC007193.3,5051,nan,nan,nan,nan,nan,nan,nan,nan,nan
5053,PNMA8A,5052,nan,nan,nan,nan,nan,nan,nan,nan,nan
5054,AC011484.1,5053,nan,nan,nan,nan,nan,nan,nan,nan,nan
5055,PRKD2,5054,nan,nan,nan,nan,nan,nan,nan,nan,nan
5056,SLC1A5,5055,nan,nan,nan,nan,nan,nan,nan,nan,nan
5057,AC008622.2,5056,nan,nan,nan,nan,nan,nan,nan,nan,nan
5058,ARHGAP35,5057,nan,nan,nan,nan,nan,nan,nan,nan,nan
5059,NPAS1,5058,nan,nan,nan,nan,nan,nan,nan,nan,nan
5060,ZC3H4,5059,nan,nan,nan,nan,nan,nan,nan,nan,nan
5061,DHX34,5060,nan,nan,nan,nan,nan,nan,nan,nan,nan
5062,MEIS3,5061,nan,nan,nan,nan,nan,nan,nan,nan,nan
5063,AC073548.2,5062,nan,nan,nan,nan,nan,nan,nan,nan,nan
5064,LIG1,5063,nan,nan,nan,nan,nan,nan,nan,nan,nan
5065,AC011466.3,5064,nan,nan,nan,nan,nan,nan,nan,nan,nan
5066,AC011466.2,5065,nan,nan,nan,nan,nan,nan,nan,nan,nan
5067,CARD8,5066,nan,nan,nan,nan,nan,nan,nan,nan,nan
5068,AC011466.1,5067,nan,nan,nan,nan,nan,nan,nan,nan,nan
5069,ZNF114,5068,nan,nan,nan,nan,nan,nan,nan,nan,nan
5070,DBP,5069,nan,nan,nan,nan,nan,nan,nan,nan,nan
5071,PLEKHA4,5070,nan,nan,nan,nan,nan,nan,nan,nan,nan
5072,TULP2,5071,nan,nan,nan,nan,nan,nan,nan,nan,nan
5073,DHDH,5072,nan,nan,nan,nan,nan,nan,nan,nan,nan
5074,C19orf73,5073,nan,nan,nan,nan,nan,nan,nan,nan,nan
5075,AC011450.1,5074,nan,nan,nan,nan,nan,nan,nan,nan,nan
5076,CD37,5075,nan,nan,nan,nan,nan,nan,nan,nan,nan
5077,TEAD2,5076,nan,nan,nan,nan,nan,nan,nan,nan,nan
5078,PRR12,5077,nan,nan,nan,nan,nan,nan,nan,nan,nan
5079,IRF3,5078,nan,nan,nan,nan,nan,nan,nan,nan,nan
5080,TSKS,5079,nan,nan,nan,nan,nan,nan,nan,nan,nan
5081,PNKP,5080,nan,nan,nan,nan,nan,nan,nan,nan,nan
5082,IL4I1,5081,nan,nan,nan,nan,nan,nan,nan,nan,nan
5083,ATF5,5082,nan,nan,nan,nan,nan,nan,nan,nan,nan
5084,ZNF473,5083,nan,nan,nan,nan,nan,nan,nan,nan,nan
5085,IZUMO2,5084,nan,nan,nan,nan,nan,nan,nan,nan,nan
5086,NR1H2,5085,nan,nan,nan,nan,nan,nan,nan,nan,nan
5087,MYBPC2,5086,nan,nan,nan,nan,nan,nan,nan,nan,nan
5088,SIGLEC9,5087,nan,nan,nan,nan,nan,nan,nan,nan,nan
5089,IGLON5,5088,nan,nan,nan,nan,nan,nan,nan,nan,nan
5090,ZNF175,5089,nan,nan,nan,nan,nan,nan,nan,nan,nan
5091,AC018755.1,5090,nan,nan,nan,nan,nan,nan,nan,nan,nan
5092,AC018755.4,5091,nan,nan,nan,nan,nan,nan,nan,nan,nan
5093,HAS1,5092,nan,nan,nan,nan,nan,nan,nan,nan,nan
5094,AC018755.5,5093,nan,nan,nan,nan,nan,nan,nan,nan,nan
5095,FPR3,5094,nan,nan,nan,nan,nan,nan,nan,nan,nan
5096,ZNF577,5095,nan,nan,nan,nan,nan,nan,nan,nan,nan
5097,AC006272.1,5096,nan,nan,nan,nan,nan,nan,nan,nan,nan
5098,ZNF649,5097,nan,nan,nan,nan,nan,nan,nan,nan,nan
5099,ZNF613,5098,nan,nan,nan,nan,nan,nan,nan,nan,nan
5100,ZNF350,5099,nan,nan,nan,nan,nan,nan,nan,nan,nan
5101,ZNF615,5100,nan,nan,nan,nan,nan,nan,nan,nan,nan
5102,ZNF614,5101,nan,nan,nan,nan,nan,nan,nan,nan,nan
5103,ZNF432,5102,nan,nan,nan,nan,nan,nan,nan,nan,nan
5104,ZNF841,5103,nan,nan,nan,nan,nan,nan,nan,nan,nan
5105,ZNF616,5104,nan,nan,nan,nan,nan,nan,nan,nan,nan
5106,ZNF836,5105,nan,nan,nan,nan,nan,nan,nan,nan,nan
5107,AC010320.1,5106,nan,nan,nan,nan,nan,nan,nan,nan,nan
5108,AC010320.2,5107,nan,nan,nan,nan,nan,nan,nan,nan,nan
5109,ZNF766,5108,nan,nan,nan,nan,nan,nan,nan,nan,nan
5110,AC010320.3,5109,nan,nan,nan,nan,nan,nan,nan,nan,nan
5111,ZNF480,5110,nan,nan,nan,nan,nan,nan,nan,nan,nan
5112,AC010320.4,5111,nan,nan,nan,nan,nan,nan,nan,nan,nan
5113,ZNF610,5112,nan,nan,nan,nan,nan,nan,nan,nan,nan
5114,ZNF880,5113,nan,nan,nan,nan,nan,nan,nan,nan,nan
5115,ZNF528,5114,nan,nan,nan,nan,nan,nan,nan,nan,nan
5116,ZNF534,5115,nan,nan,nan,nan,nan,nan,nan,nan,nan
5117,ZNF578,5116,nan,nan,nan,nan,nan,nan,nan,nan,nan
5118,AC010332.3,5117,nan,nan,nan,nan,nan,nan,nan,nan,nan
5119,AC022150.3,5118,nan,nan,nan,nan,nan,nan,nan,nan,nan
5120,ZNF808,5119,nan,nan,nan,nan,nan,nan,nan,nan,nan
5121,ZNF701,5120,nan,nan,nan,nan,nan,nan,nan,nan,nan
5122,AC022150.1,5121,nan,nan,nan,nan,nan,nan,nan,nan,nan
5123,ZNF83,5122,nan,nan,nan,nan,nan,nan,nan,nan,nan
5124,AC022150.2,5123,nan,nan,nan,nan,nan,nan,nan,nan,nan
5125,AC022150.4,5124,nan,nan,nan,nan,nan,nan,nan,nan,nan
5126,ZNF611,5125,nan,nan,nan,nan,nan,nan,nan,nan,nan
5127,ZNF600,5126,nan,nan,nan,nan,nan,nan,nan,nan,nan
5128,ZNF28,5127,nan,nan,nan,nan,nan,nan,nan,nan,nan
5129,ZNF320,5128,nan,nan,nan,nan,nan,nan,nan,nan,nan
5130,ZNF816,5129,nan,nan,nan,nan,nan,nan,nan,nan,nan
5131,ZNF160,5130,nan,nan,nan,nan,nan,nan,nan,nan,nan
5132,ZNF415,5131,nan,nan,nan,nan,nan,nan,nan,nan,nan
5133,ZNF347,5132,nan,nan,nan,nan,nan,nan,nan,nan,nan
5134,ZNF665,5133,nan,nan,nan,nan,nan,nan,nan,nan,nan
5135,ZNF677,5134,nan,nan,nan,nan,nan,nan,nan,nan,nan
5136,ZNF845,5135,nan,nan,nan,nan,nan,nan,nan,nan,nan
5137,ZNF525,5136,nan,nan,nan,nan,nan,nan,nan,nan,nan
5138,ZNF765,5137,nan,nan,nan,nan,nan,nan,nan,nan,nan
5139,AC022137.4,5138,nan,nan,nan,nan,nan,nan,nan,nan,nan
5140,ZNF761,5139,nan,nan,nan,nan,nan,nan,nan,nan,nan
5141,ZNF813,5140,nan,nan,nan,nan,nan,nan,nan,nan,nan
5142,ZNF331,5141,nan,nan,nan,nan,nan,nan,nan,nan,nan
5143,PRKCG,5142,nan,nan,nan,nan,nan,nan,nan,nan,nan
5144,CNOT3,5143,nan,nan,nan,nan,nan,nan,nan,nan,nan
5145,BRSK1,5144,nan,nan,nan,nan,nan,nan,nan,nan,nan
5146,AC020922.2,5145,nan,nan,nan,nan,nan,nan,nan,nan,nan
5147,AC020922.4,5146,nan,nan,nan,nan,nan,nan,nan,nan,nan
5148,AC020922.3,5147,nan,nan,nan,nan,nan,nan,nan,nan,nan
5149,TMEM238,5148,nan,nan,nan,nan,nan,nan,nan,nan,nan
5150,ZNF628,5149,nan,nan,nan,nan,nan,nan,nan,nan,nan
5151,ZNF579,5150,nan,nan,nan,nan,nan,nan,nan,nan,nan
5152,FIZ1,5151,nan,nan,nan,nan,nan,nan,nan,nan,nan
5153,ZNF524,5152,nan,nan,nan,nan,nan,nan,nan,nan,nan
5154,ZNF865,5153,nan,nan,nan,nan,nan,nan,nan,nan,nan
5155,ZNF784,5154,nan,nan,nan,nan,nan,nan,nan,nan,nan
5156,EPN1,5155,nan,nan,nan,nan,nan,nan,nan,nan,nan
5157,AC010525.1,5156,nan,nan,nan,nan,nan,nan,nan,nan,nan
5158,ZNF787,5157,nan,nan,nan,nan,nan,nan,nan,nan,nan
5159,ZNF444,5158,nan,nan,nan,nan,nan,nan,nan,nan,nan
5160,ZSCAN5A,5159,nan,nan,nan,nan,nan,nan,nan,nan,nan
5161,EDDM13,5160,nan,nan,nan,nan,nan,nan,nan,nan,nan
5162,AC006116.5,5161,nan,nan,nan,nan,nan,nan,nan,nan,nan
5163,AC006116.8,5162,nan,nan,nan,nan,nan,nan,nan,nan,nan
5164,AC006116.6,5163,nan,nan,nan,nan,nan,nan,nan,nan,nan
5165,AC006116.9,5164,nan,nan,nan,nan,nan,nan,nan,nan,nan
5166,ZNF582,5165,nan,nan,nan,nan,nan,nan,nan,nan,nan
5167,AC006116.10,5166,nan,nan,nan,nan,nan,nan,nan,nan,nan
5168,AC006116.11,5167,nan,nan,nan,nan,nan,nan,nan,nan,nan
5169,AC006116.4,5168,nan,nan,nan,nan,nan,nan,nan,nan,nan
5170,ZNF583,5169,nan,nan,nan,nan,nan,nan,nan,nan,nan
5171,ZNF667,5170,nan,nan,nan,nan,nan,nan,nan,nan,nan
5172,ZNF471,5171,nan,nan,nan,nan,nan,nan,nan,nan,nan
5173,ZNF470,5172,nan,nan,nan,nan,nan,nan,nan,nan,nan
5174,ZNF71,5173,nan,nan,nan,nan,nan,nan,nan,nan,nan
5175,ZNF835,5174,nan,nan,nan,nan,nan,nan,nan,nan,nan
5176,AC006115.2,5175,nan,nan,nan,nan,nan,nan,nan,nan,nan
5177,ZIM2,5176,nan,nan,nan,nan,nan,nan,nan,nan,nan
5178,PEG3,5177,nan,nan,nan,nan,nan,nan,nan,nan,nan
5179,ZNF264,5178,nan,nan,nan,nan,nan,nan,nan,nan,nan
5180,ZNF805,5179,nan,nan,nan,nan,nan,nan,nan,nan,nan
5181,ZNF460,5180,nan,nan,nan,nan,nan,nan,nan,nan,nan
5182,ZNF543,5181,nan,nan,nan,nan,nan,nan,nan,nan,nan
5183,ZNF304,5182,nan,nan,nan,nan,nan,nan,nan,nan,nan
5184,ZNF547,5183,nan,nan,nan,nan,nan,nan,nan,nan,nan
5185,ZNF548,5184,nan,nan,nan,nan,nan,nan,nan,nan,nan
5186,ZNF17,5185,nan,nan,nan,nan,nan,nan,nan,nan,nan
5187,ZNF749,5186,nan,nan,nan,nan,nan,nan,nan,nan,nan
5188,AC004076.2,5187,nan,nan,nan,nan,nan,nan,nan,nan,nan
5189,ZNF772,5188,nan,nan,nan,nan,nan,nan,nan,nan,nan
5190,ZNF419,5189,nan,nan,nan,nan,nan,nan,nan,nan,nan
5191,ZNF773,5190,nan,nan,nan,nan,nan,nan,nan,nan,nan
5192,ZNF549,5191,nan,nan,nan,nan,nan,nan,nan,nan,nan
5193,ZNF550,5192,nan,nan,nan,nan,nan,nan,nan,nan,nan
5194,ZNF416,5193,nan,nan,nan,nan,nan,nan,nan,nan,nan
5195,ZIK1,5194,nan,nan,nan,nan,nan,nan,nan,nan,nan
5196,ZNF530,5195,nan,nan,nan,nan,nan,nan,nan,nan,nan
5197,ZNF134,5196,nan,nan,nan,nan,nan,nan,nan,nan,nan
5198,ZNF211,5197,nan,nan,nan,nan,nan,nan,nan,nan,nan
5199,ZNF551,5198,nan,nan,nan,nan,nan,nan,nan,nan,nan
5200,ZNF154,5199,nan,nan,nan,nan,nan,nan,nan,nan,nan
5201,ZNF671,5200,nan,nan,nan,nan,nan,nan,nan,nan,nan
5202,ZNF776,5201,nan,nan,nan,nan,nan,nan,nan,nan,nan
5203,ZNF586,5202,nan,nan,nan,nan,nan,nan,nan,nan,nan
5204,ZNF552,5203,nan,nan,nan,nan,nan,nan,nan,nan,nan
5205,ZNF587B,5204,nan,nan,nan,nan,nan,nan,nan,nan,nan
5206,ZNF814,5205,nan,nan,nan,nan,nan,nan,nan,nan,nan
5207,ZNF587,5206,nan,nan,nan,nan,nan,nan,nan,nan,nan
5208,ZNF417,5207,nan,nan,nan,nan,nan,nan,nan,nan,nan
5209,ZNF418,5208,nan,nan,nan,nan,nan,nan,nan,nan,nan
5210,ZNF256,5209,nan,nan,nan,nan,nan,nan,nan,nan,nan
5211,ZNF606,5210,nan,nan,nan,nan,nan,nan,nan,nan,nan
5212,ZSCAN1,5211,nan,nan,nan,nan,nan,nan,nan,nan,nan
5213,ZNF135,5212,nan,nan,nan,nan,nan,nan,nan,nan,nan
5214,ZSCAN18,5213,nan,nan,nan,nan,nan,nan,nan,nan,nan
5215,ZNF329,5214,nan,nan,nan,nan,nan,nan,nan,nan,nan
5216,AC008751.3,5215,nan,nan,nan,nan,nan,nan,nan,nan,nan
5217,ZNF274,5216,nan,nan,nan,nan,nan,nan,nan,nan,nan
5218,ZNF544,5217,nan,nan,nan,nan,nan,nan,nan,nan,nan
5219,ZNF8,5218,nan,nan,nan,nan,nan,nan,nan,nan,nan
5220,ZSCAN22,5219,nan,nan,nan,nan,nan,nan,nan,nan,nan
5221,ZNF497,5220,nan,nan,nan,nan,nan,nan,nan,nan,nan
5222,ZNF837,5221,nan,nan,nan,nan,nan,nan,nan,nan,nan
5223,ZNF584,5222,nan,nan,nan,nan,nan,nan,nan,nan,nan
5224,ZNF132,5223,nan,nan,nan,nan,nan,nan,nan,nan,nan
5225,ZNF324,5224,nan,nan,nan,nan,nan,nan,nan,nan,nan
5226,ZNF446,5225,nan,nan,nan,nan,nan,nan,nan,nan,nan
5227,ZBTB45,5226,nan,nan,nan,nan,nan,nan,nan,nan,nan
5228,TRIM28,5227,nan,nan,nan,nan,nan,nan,nan,nan,nan
5229,MZF1,5228,nan,nan,nan,nan,nan,nan,nan,nan,nan
5230,AC016629.2,5229,nan,nan,nan,nan,nan,nan,nan,nan,nan
5231,SOX12,5230,nan,nan,nan,nan,nan,nan,nan,nan,nan
5232,TRIB3,5231,nan,nan,nan,nan,nan,nan,nan,nan,nan
5233,RBCK1,5232,nan,nan,nan,nan,nan,nan,nan,nan,nan
5234,TMEM74B,5233,nan,nan,nan,nan,nan,nan,nan,nan,nan
5235,SIRPB1,5234,nan,nan,nan,nan,nan,nan,nan,nan,nan
5236,ZNF343,5235,nan,nan,nan,nan,nan,nan,nan,nan,nan
5237,EBF4,5236,nan,nan,nan,nan,nan,nan,nan,nan,nan
5238,DDRGK1,5237,nan,nan,nan,nan,nan,nan,nan,nan,nan
5239,SLC4A11,5238,nan,nan,nan,nan,nan,nan,nan,nan,nan
5240,AL109976.1,5239,nan,nan,nan,nan,nan,nan,nan,nan,nan
5241,C20orf194,5240,nan,nan,nan,nan,nan,nan,nan,nan,nan
5242,CENPB,5241,nan,nan,nan,nan,nan,nan,nan,nan,nan
5243,MAVS,5242,nan,nan,nan,nan,nan,nan,nan,nan,nan
5244,AL353194.1,5243,nan,nan,nan,nan,nan,nan,nan,nan,nan
5245,PANK2,5244,nan,nan,nan,nan,nan,nan,nan,nan,nan
5246,AL031670.1,5245,nan,nan,nan,nan,nan,nan,nan,nan,nan
5247,ADRA1D,5246,nan,nan,nan,nan,nan,nan,nan,nan,nan
5248,PRNP,5247,nan,nan,nan,nan,nan,nan,nan,nan,nan
5249,SLC23A2,5248,nan,nan,nan,nan,nan,nan,nan,nan,nan
5250,AL121890.3,5249,nan,nan,nan,nan,nan,nan,nan,nan,nan
5251,AL121890.2,5250,nan,nan,nan,nan,nan,nan,nan,nan,nan
5252,AL121890.5,5251,nan,nan,nan,nan,nan,nan,nan,nan,nan
5253,AL121890.4,5252,nan,nan,nan,nan,nan,nan,nan,nan,nan
5254,PCNA,5253,nan,nan,nan,nan,nan,nan,nan,nan,nan
5255,CHGB,5254,nan,nan,nan,nan,nan,nan,nan,nan,nan
5256,BMP2,5255,nan,nan,nan,nan,nan,nan,nan,nan,nan
5257,LAMP5,5256,nan,nan,nan,nan,nan,nan,nan,nan,nan
5258,ISM1,5257,nan,nan,nan,nan,nan,nan,nan,nan,nan
5259,AL050320.1,5258,nan,nan,nan,nan,nan,nan,nan,nan,nan
5260,MACROD2,5259,nan,nan,nan,nan,nan,nan,nan,nan,nan
5261,AL079338.1,5260,nan,nan,nan,nan,nan,nan,nan,nan,nan
5262,KIF16B,5261,nan,nan,nan,nan,nan,nan,nan,nan,nan
5263,AL049794.1,5262,nan,nan,nan,nan,nan,nan,nan,nan,nan
5264,AL049794.2,5263,nan,nan,nan,nan,nan,nan,nan,nan,nan
5265,OVOL2,5264,nan,nan,nan,nan,nan,nan,nan,nan,nan
5266,AL160411.1,5265,nan,nan,nan,nan,nan,nan,nan,nan,nan
5267,AL049646.3,5266,nan,nan,nan,nan,nan,nan,nan,nan,nan
5268,ZNF133,5267,nan,nan,nan,nan,nan,nan,nan,nan,nan
5269,AL049646.1,5268,nan,nan,nan,nan,nan,nan,nan,nan,nan
5270,AL049646.2,5269,nan,nan,nan,nan,nan,nan,nan,nan,nan
5271,SMIM26,5270,nan,nan,nan,nan,nan,nan,nan,nan,nan
5272,AL121900.1,5271,nan,nan,nan,nan,nan,nan,nan,nan,nan
5273,SLC24A3,5272,nan,nan,nan,nan,nan,nan,nan,nan,nan
5274,AL049647.1,5273,nan,nan,nan,nan,nan,nan,nan,nan,nan
5275,AL121830.1,5274,nan,nan,nan,nan,nan,nan,nan,nan,nan
5276,AL121761.1,5275,nan,nan,nan,nan,nan,nan,nan,nan,nan
5277,CFAP61,5276,nan,nan,nan,nan,nan,nan,nan,nan,nan
5278,AL121721.1,5277,nan,nan,nan,nan,nan,nan,nan,nan,nan
5279,AL121759.2,5278,nan,nan,nan,nan,nan,nan,nan,nan,nan
5280,KIZ,5279,nan,nan,nan,nan,nan,nan,nan,nan,nan
5281,AL121759.1,5280,nan,nan,nan,nan,nan,nan,nan,nan,nan
5282,AL117332.1,5281,nan,nan,nan,nan,nan,nan,nan,nan,nan
5283,XRN2,5282,nan,nan,nan,nan,nan,nan,nan,nan,nan
5284,AL158013.1,5283,nan,nan,nan,nan,nan,nan,nan,nan,nan
5285,NKX2-2,5284,nan,nan,nan,nan,nan,nan,nan,nan,nan
5286,GZF1,5285,nan,nan,nan,nan,nan,nan,nan,nan,nan
5287,VSX1,5286,nan,nan,nan,nan,nan,nan,nan,nan,nan
5288,ZNF337,5287,nan,nan,nan,nan,nan,nan,nan,nan,nan
5289,AL031673.1,5288,nan,nan,nan,nan,nan,nan,nan,nan,nan
5290,HCK,5289,nan,nan,nan,nan,nan,nan,nan,nan,nan
5291,PLAGL2,5290,nan,nan,nan,nan,nan,nan,nan,nan,nan
5292,NOL4L,5291,nan,nan,nan,nan,nan,nan,nan,nan,nan
5293,AL133343.2,5292,nan,nan,nan,nan,nan,nan,nan,nan,nan
5294,AL133343.1,5293,nan,nan,nan,nan,nan,nan,nan,nan,nan
5295,COMMD7,5294,nan,nan,nan,nan,nan,nan,nan,nan,nan
5296,DNMT3B,5295,nan,nan,nan,nan,nan,nan,nan,nan,nan
5297,AL035071.2,5296,nan,nan,nan,nan,nan,nan,nan,nan,nan
5298,AL035071.1,5297,nan,nan,nan,nan,nan,nan,nan,nan,nan
5299,CBFA2T2,5298,nan,nan,nan,nan,nan,nan,nan,nan,nan
5300,ZNF341,5299,nan,nan,nan,nan,nan,nan,nan,nan,nan
5301,ITCH,5300,nan,nan,nan,nan,nan,nan,nan,nan,nan
5302,AL109923.1,5301,nan,nan,nan,nan,nan,nan,nan,nan,nan
5303,NCOA6,5302,nan,nan,nan,nan,nan,nan,nan,nan,nan
5304,EDEM2,5303,nan,nan,nan,nan,nan,nan,nan,nan,nan
5305,AL356652.1,5304,nan,nan,nan,nan,nan,nan,nan,nan,nan
5306,GDF5,5305,nan,nan,nan,nan,nan,nan,nan,nan,nan
5307,SPAG4,5306,nan,nan,nan,nan,nan,nan,nan,nan,nan
5308,PHF20,5307,nan,nan,nan,nan,nan,nan,nan,nan,nan
5309,SCAND1,5308,nan,nan,nan,nan,nan,nan,nan,nan,nan
5310,MYL9,5309,nan,nan,nan,nan,nan,nan,nan,nan,nan
5311,TGIF2,5310,nan,nan,nan,nan,nan,nan,nan,nan,nan
5312,RBL1,5311,nan,nan,nan,nan,nan,nan,nan,nan,nan
5313,NNAT,5312,nan,nan,nan,nan,nan,nan,nan,nan,nan
5314,AL109614.1,5313,nan,nan,nan,nan,nan,nan,nan,nan,nan
5315,AL359555.4,5314,nan,nan,nan,nan,nan,nan,nan,nan,nan
5316,AL359555.2,5315,nan,nan,nan,nan,nan,nan,nan,nan,nan
5317,AL359555.1,5316,nan,nan,nan,nan,nan,nan,nan,nan,nan
5318,BPI,5317,nan,nan,nan,nan,nan,nan,nan,nan,nan
5319,LBP,5318,nan,nan,nan,nan,nan,nan,nan,nan,nan
5320,AL391095.2,5319,nan,nan,nan,nan,nan,nan,nan,nan,nan
5321,AL391095.1,5320,nan,nan,nan,nan,nan,nan,nan,nan,nan
5322,AL391095.3,5321,nan,nan,nan,nan,nan,nan,nan,nan,nan
5323,MAFB,5322,nan,nan,nan,nan,nan,nan,nan,nan,nan
5324,TOP1,5323,nan,nan,nan,nan,nan,nan,nan,nan,nan
5325,ZHX3,5324,nan,nan,nan,nan,nan,nan,nan,nan,nan
5326,CHD6,5325,nan,nan,nan,nan,nan,nan,nan,nan,nan
5327,L3MBTL1,5326,nan,nan,nan,nan,nan,nan,nan,nan,nan
5328,TOX2,5327,nan,nan,nan,nan,nan,nan,nan,nan,nan
5329,DNTTIP1,5328,nan,nan,nan,nan,nan,nan,nan,nan,nan
5330,TNNC2,5329,nan,nan,nan,nan,nan,nan,nan,nan,nan
5331,ZSWIM3,5330,nan,nan,nan,nan,nan,nan,nan,nan,nan
5332,AL008726.1,5331,nan,nan,nan,nan,nan,nan,nan,nan,nan
5333,ZNF335,5332,nan,nan,nan,nan,nan,nan,nan,nan,nan
5334,NCOA5,5333,nan,nan,nan,nan,nan,nan,nan,nan,nan
5335,CD40,5334,nan,nan,nan,nan,nan,nan,nan,nan,nan
5336,ZNF334,5335,nan,nan,nan,nan,nan,nan,nan,nan,nan
5337,NCOA3,5336,nan,nan,nan,nan,nan,nan,nan,nan,nan
5338,PREX1,5337,nan,nan,nan,nan,nan,nan,nan,nan,nan
5339,ZNFX1,5338,nan,nan,nan,nan,nan,nan,nan,nan,nan
5340,PTGIS,5339,nan,nan,nan,nan,nan,nan,nan,nan,nan
5341,RNF114,5340,nan,nan,nan,nan,nan,nan,nan,nan,nan
5342,SNAI1,5341,nan,nan,nan,nan,nan,nan,nan,nan,nan
5343,UBE2V1,5342,nan,nan,nan,nan,nan,nan,nan,nan,nan
5344,CEBPB,5343,nan,nan,nan,nan,nan,nan,nan,nan,nan
5345,PTPN1,5344,nan,nan,nan,nan,nan,nan,nan,nan,nan
5346,AL133230.1,5345,nan,nan,nan,nan,nan,nan,nan,nan,nan
5347,ADNP,5346,nan,nan,nan,nan,nan,nan,nan,nan,nan
5348,MOCS3,5347,nan,nan,nan,nan,nan,nan,nan,nan,nan
5349,KCNG1,5348,nan,nan,nan,nan,nan,nan,nan,nan,nan
5350,NFATC2,5349,nan,nan,nan,nan,nan,nan,nan,nan,nan
5351,ZFP64,5350,nan,nan,nan,nan,nan,nan,nan,nan,nan
5352,AL121902.1,5351,nan,nan,nan,nan,nan,nan,nan,nan,nan
5353,TSHZ2,5352,nan,nan,nan,nan,nan,nan,nan,nan,nan
5354,AL391097.3,5353,nan,nan,nan,nan,nan,nan,nan,nan,nan
5355,AL391097.1,5354,nan,nan,nan,nan,nan,nan,nan,nan,nan
5356,AL391097.2,5355,nan,nan,nan,nan,nan,nan,nan,nan,nan
5357,BCAS1,5356,nan,nan,nan,nan,nan,nan,nan,nan,nan
5358,AC005220.1,5357,nan,nan,nan,nan,nan,nan,nan,nan,nan
5359,AL133335.2,5358,nan,nan,nan,nan,nan,nan,nan,nan,nan
5360,PFDN4,5359,nan,nan,nan,nan,nan,nan,nan,nan,nan
5361,AL133335.1,5360,nan,nan,nan,nan,nan,nan,nan,nan,nan
5362,TFAP2C,5361,nan,nan,nan,nan,nan,nan,nan,nan,nan
5363,BMP7,5362,nan,nan,nan,nan,nan,nan,nan,nan,nan
5364,AL122058.1,5363,nan,nan,nan,nan,nan,nan,nan,nan,nan
5365,ZNF831,5364,nan,nan,nan,nan,nan,nan,nan,nan,nan
5366,CDH4,5365,nan,nan,nan,nan,nan,nan,nan,nan,nan
5367,BX640515.1,5366,nan,nan,nan,nan,nan,nan,nan,nan,nan
5368,AL160412.1,5367,nan,nan,nan,nan,nan,nan,nan,nan,nan
5369,AL162457.1,5368,nan,nan,nan,nan,nan,nan,nan,nan,nan
5370,AL162457.2,5369,nan,nan,nan,nan,nan,nan,nan,nan,nan
5371,TAF4,5370,nan,nan,nan,nan,nan,nan,nan,nan,nan
5372,AL121832.2,5371,nan,nan,nan,nan,nan,nan,nan,nan,nan
5373,RPS21,5372,nan,nan,nan,nan,nan,nan,nan,nan,nan
5374,AL121832.3,5373,nan,nan,nan,nan,nan,nan,nan,nan,nan
5375,AL121832.1,5374,nan,nan,nan,nan,nan,nan,nan,nan,nan
5376,SLCO4A1,5375,nan,nan,nan,nan,nan,nan,nan,nan,nan
5377,TCFL5,5376,nan,nan,nan,nan,nan,nan,nan,nan,nan
5378,BIRC7,5377,nan,nan,nan,nan,nan,nan,nan,nan,nan
5379,HELZ2,5378,nan,nan,nan,nan,nan,nan,nan,nan,nan
5380,GMEB2,5379,nan,nan,nan,nan,nan,nan,nan,nan,nan
5381,ZGPAT,5380,nan,nan,nan,nan,nan,nan,nan,nan,nan
5382,SLC2A4RG,5381,nan,nan,nan,nan,nan,nan,nan,nan,nan
5383,ZBTB46,5382,nan,nan,nan,nan,nan,nan,nan,nan,nan
5384,ZNF512B,5383,nan,nan,nan,nan,nan,nan,nan,nan,nan
5385,C20orf204,5384,nan,nan,nan,nan,nan,nan,nan,nan,nan
5386,TCEA2,5385,nan,nan,nan,nan,nan,nan,nan,nan,nan
5387,LIPI,5386,nan,nan,nan,nan,nan,nan,nan,nan,nan
5388,NRIP1,5387,nan,nan,nan,nan,nan,nan,nan,nan,nan
5389,C21orf91,5388,nan,nan,nan,nan,nan,nan,nan,nan,nan
5390,AL109761.1,5389,nan,nan,nan,nan,nan,nan,nan,nan,nan
5391,GABPA,5390,nan,nan,nan,nan,nan,nan,nan,nan,nan
5392,AP001596.1,5391,nan,nan,nan,nan,nan,nan,nan,nan,nan
5393,AP001596.2,5392,nan,nan,nan,nan,nan,nan,nan,nan,nan
5394,CYYR1,5393,nan,nan,nan,nan,nan,nan,nan,nan,nan
5395,ADAMTS1,5394,nan,nan,nan,nan,nan,nan,nan,nan,nan
5396,AP001599.1,5395,nan,nan,nan,nan,nan,nan,nan,nan,nan
5397,ADAMTS5,5396,nan,nan,nan,nan,nan,nan,nan,nan,nan
5398,LTN1,5397,nan,nan,nan,nan,nan,nan,nan,nan,nan
5399,BACH1,5398,nan,nan,nan,nan,nan,nan,nan,nan,nan
5400,TIAM1,5399,nan,nan,nan,nan,nan,nan,nan,nan,nan
5401,AP000248.1,5400,nan,nan,nan,nan,nan,nan,nan,nan,nan
5402,AP000251.1,5401,nan,nan,nan,nan,nan,nan,nan,nan,nan
5403,SOD1,5402,nan,nan,nan,nan,nan,nan,nan,nan,nan
5404,AP000254.2,5403,nan,nan,nan,nan,nan,nan,nan,nan,nan
5405,MRAP,5404,nan,nan,nan,nan,nan,nan,nan,nan,nan
5406,PAXBP1,5405,nan,nan,nan,nan,nan,nan,nan,nan,nan
5407,OLIG2,5406,nan,nan,nan,nan,nan,nan,nan,nan,nan
5408,OLIG1,5407,nan,nan,nan,nan,nan,nan,nan,nan,nan
5409,AP000289.1,5408,nan,nan,nan,nan,nan,nan,nan,nan,nan
5410,SON,5409,nan,nan,nan,nan,nan,nan,nan,nan,nan
5411,SLC5A3,5410,nan,nan,nan,nan,nan,nan,nan,nan,nan
5412,RCAN1,5411,nan,nan,nan,nan,nan,nan,nan,nan,nan
5413,RUNX1,5412,nan,nan,nan,nan,nan,nan,nan,nan,nan
5414,AP000331.1,5413,nan,nan,nan,nan,nan,nan,nan,nan,nan
5415,AF015262.1,5414,nan,nan,nan,nan,nan,nan,nan,nan,nan
5416,MORC3,5415,nan,nan,nan,nan,nan,nan,nan,nan,nan
5417,CLDN14,5416,nan,nan,nan,nan,nan,nan,nan,nan,nan
5418,SIM2,5417,nan,nan,nan,nan,nan,nan,nan,nan,nan
5419,VPS26C,5418,nan,nan,nan,nan,nan,nan,nan,nan,nan
5420,AP001412.1,5419,nan,nan,nan,nan,nan,nan,nan,nan,nan
5421,ERG,5420,nan,nan,nan,nan,nan,nan,nan,nan,nan
5422,ETS2,5421,nan,nan,nan,nan,nan,nan,nan,nan,nan
5423,HMGN1,5422,nan,nan,nan,nan,nan,nan,nan,nan,nan
5424,PRDM15,5423,nan,nan,nan,nan,nan,nan,nan,nan,nan
5425,ZBTB21,5424,nan,nan,nan,nan,nan,nan,nan,nan,nan
5426,UMODL1,5425,nan,nan,nan,nan,nan,nan,nan,nan,nan
5427,RSPH1,5426,nan,nan,nan,nan,nan,nan,nan,nan,nan
5428,AP001625.3,5427,nan,nan,nan,nan,nan,nan,nan,nan,nan
5429,AP001625.1,5428,nan,nan,nan,nan,nan,nan,nan,nan,nan
5430,AP001625.2,5429,nan,nan,nan,nan,nan,nan,nan,nan,nan
5431,PKNOX1,5430,nan,nan,nan,nan,nan,nan,nan,nan,nan
5432,U2AF1,5431,nan,nan,nan,nan,nan,nan,nan,nan,nan
5433,AP001631.2,5432,nan,nan,nan,nan,nan,nan,nan,nan,nan
5434,AP001631.1,5433,nan,nan,nan,nan,nan,nan,nan,nan,nan
5435,CRYAA,5434,nan,nan,nan,nan,nan,nan,nan,nan,nan
5436,PWP2,5435,nan,nan,nan,nan,nan,nan,nan,nan,nan
5437,AIRE,5436,nan,nan,nan,nan,nan,nan,nan,nan,nan
5438,PFKL,5437,nan,nan,nan,nan,nan,nan,nan,nan,nan
5439,AP001062.3,5438,nan,nan,nan,nan,nan,nan,nan,nan,nan
5440,AP001062.1,5439,nan,nan,nan,nan,nan,nan,nan,nan,nan
5441,AP001062.2,5440,nan,nan,nan,nan,nan,nan,nan,nan,nan
5442,TSPEAR,5441,nan,nan,nan,nan,nan,nan,nan,nan,nan
5443,AP001066.1,5442,nan,nan,nan,nan,nan,nan,nan,nan,nan
5444,ITGB2,5443,nan,nan,nan,nan,nan,nan,nan,nan,nan
5445,PCBP3,5444,nan,nan,nan,nan,nan,nan,nan,nan,nan
5446,AL592528.1,5445,nan,nan,nan,nan,nan,nan,nan,nan,nan
5447,PRMT2,5446,nan,nan,nan,nan,nan,nan,nan,nan,nan
5448,AC006946.2,5447,nan,nan,nan,nan,nan,nan,nan,nan,nan
5449,AC006946.3,5448,nan,nan,nan,nan,nan,nan,nan,nan,nan
5450,IL17RA,5449,nan,nan,nan,nan,nan,nan,nan,nan,nan
5451,MICAL3,5450,nan,nan,nan,nan,nan,nan,nan,nan,nan
5452,AC016026.2,5451,nan,nan,nan,nan,nan,nan,nan,nan,nan
5453,TMEM191B,5452,nan,nan,nan,nan,nan,nan,nan,nan,nan
5454,HIRA,5453,nan,nan,nan,nan,nan,nan,nan,nan,nan
5455,SEPTIN5,5454,nan,nan,nan,nan,nan,nan,nan,nan,nan
5456,ZNF74,5455,nan,nan,nan,nan,nan,nan,nan,nan,nan
5457,MED15,5456,nan,nan,nan,nan,nan,nan,nan,nan,nan
5458,SNAP29,5457,nan,nan,nan,nan,nan,nan,nan,nan,nan
5459,AC007308.1,5458,nan,nan,nan,nan,nan,nan,nan,nan,nan
5460,LZTR1,5459,nan,nan,nan,nan,nan,nan,nan,nan,nan
5461,THAP7,5460,nan,nan,nan,nan,nan,nan,nan,nan,nan
5462,HIC2,5461,nan,nan,nan,nan,nan,nan,nan,nan,nan
5463,MAPK1,5462,nan,nan,nan,nan,nan,nan,nan,nan,nan
5464,ZNF280B,5463,nan,nan,nan,nan,nan,nan,nan,nan,nan
5465,ZNF70,5464,nan,nan,nan,nan,nan,nan,nan,nan,nan
5466,SMARCB1,5465,nan,nan,nan,nan,nan,nan,nan,nan,nan
5467,AP000350.5,5466,nan,nan,nan,nan,nan,nan,nan,nan,nan
5468,AP000350.7,5467,nan,nan,nan,nan,nan,nan,nan,nan,nan
5469,AP000350.6,5468,nan,nan,nan,nan,nan,nan,nan,nan,nan
5470,UPB1,5469,nan,nan,nan,nan,nan,nan,nan,nan,nan
5471,MN1,5470,nan,nan,nan,nan,nan,nan,nan,nan,nan
5472,XBP1,5471,nan,nan,nan,nan,nan,nan,nan,nan,nan
5473,EWSR1,5472,nan,nan,nan,nan,nan,nan,nan,nan,nan
5474,NF2,5473,nan,nan,nan,nan,nan,nan,nan,nan,nan
5475,AC004882.1,5474,nan,nan,nan,nan,nan,nan,nan,nan,nan
5476,AC004882.2,5475,nan,nan,nan,nan,nan,nan,nan,nan,nan
5477,ZMAT5,5476,nan,nan,nan,nan,nan,nan,nan,nan,nan
5478,AC004882.3,5477,nan,nan,nan,nan,nan,nan,nan,nan,nan
5479,LIF,5478,nan,nan,nan,nan,nan,nan,nan,nan,nan
5480,AC004264.1,5479,nan,nan,nan,nan,nan,nan,nan,nan,nan
5481,SEC14L3,5480,nan,nan,nan,nan,nan,nan,nan,nan,nan
5482,PATZ1,5481,nan,nan,nan,nan,nan,nan,nan,nan,nan
5483,DEPDC5,5482,nan,nan,nan,nan,nan,nan,nan,nan,nan
5484,BPIFC,5483,nan,nan,nan,nan,nan,nan,nan,nan,nan
5485,HMGXB4,5484,nan,nan,nan,nan,nan,nan,nan,nan,nan
5486,AL008635.1,5485,nan,nan,nan,nan,nan,nan,nan,nan,nan
5487,HMOX1,5486,nan,nan,nan,nan,nan,nan,nan,nan,nan
5488,APOL4,5487,nan,nan,nan,nan,nan,nan,nan,nan,nan
5489,H1F0,5488,nan,nan,nan,nan,nan,nan,nan,nan,nan
5490,AL031587.3,5489,nan,nan,nan,nan,nan,nan,nan,nan,nan
5491,AL031587.1,5490,nan,nan,nan,nan,nan,nan,nan,nan,nan
5492,AL031587.4,5491,nan,nan,nan,nan,nan,nan,nan,nan,nan
5493,AL031587.2,5492,nan,nan,nan,nan,nan,nan,nan,nan,nan
5494,BAIAP2L2,5493,nan,nan,nan,nan,nan,nan,nan,nan,nan
5495,AL022322.1,5494,nan,nan,nan,nan,nan,nan,nan,nan,nan
5496,AL022322.2,5495,nan,nan,nan,nan,nan,nan,nan,nan,nan
5497,MAFF,5496,nan,nan,nan,nan,nan,nan,nan,nan,nan
5498,DMC1,5497,nan,nan,nan,nan,nan,nan,nan,nan,nan
5499,APOBEC3G,5498,nan,nan,nan,nan,nan,nan,nan,nan,nan
5500,TAB1,5499,nan,nan,nan,nan,nan,nan,nan,nan,nan
5501,ATF4,5500,nan,nan,nan,nan,nan,nan,nan,nan,nan
5502,EP300,5501,nan,nan,nan,nan,nan,nan,nan,nan,nan
5503,ZC3H7B,5502,nan,nan,nan,nan,nan,nan,nan,nan,nan
5504,TEF,5503,nan,nan,nan,nan,nan,nan,nan,nan,nan
5505,PHF5A,5504,nan,nan,nan,nan,nan,nan,nan,nan,nan
5506,CSDC2,5505,nan,nan,nan,nan,nan,nan,nan,nan,nan
5507,SREBF2,5506,nan,nan,nan,nan,nan,nan,nan,nan,nan
5508,TCF20,5507,nan,nan,nan,nan,nan,nan,nan,nan,nan
5509,NFAM1,5508,nan,nan,nan,nan,nan,nan,nan,nan,nan
5510,TTLL12,5509,nan,nan,nan,nan,nan,nan,nan,nan,nan
5511,Z82214.2,5510,nan,nan,nan,nan,nan,nan,nan,nan,nan
5512,Z82214.1,5511,nan,nan,nan,nan,nan,nan,nan,nan,nan
5513,MPPED1,5512,nan,nan,nan,nan,nan,nan,nan,nan,nan
5514,SULT4A1,5513,nan,nan,nan,nan,nan,nan,nan,nan,nan
5515,RIBC2,5514,nan,nan,nan,nan,nan,nan,nan,nan,nan
5516,PPARA,5515,nan,nan,nan,nan,nan,nan,nan,nan,nan
5517,BRD1,5516,nan,nan,nan,nan,nan,nan,nan,nan,nan
5518,Z98885.3,5517,nan,nan,nan,nan,nan,nan,nan,nan,nan
5519,Z98885.2,5518,nan,nan,nan,nan,nan,nan,nan,nan,nan
5520,HDAC10,5519,nan,nan,nan,nan,nan,nan,nan,nan,nan
5521,MAPK11,5520,nan,nan,nan,nan,nan,nan,nan,nan,nan
5522,PLXNB2,5521,nan,nan,nan,nan,nan,nan,nan,nan,nan
5523,DENND6B,5522,nan,nan,nan,nan,nan,nan,nan,nan,nan
5524,CR559946.1,5523,nan,nan,nan,nan,nan,nan,nan,nan,nan
5525,CR559946.2,5524,nan,nan,nan,nan,nan,nan,nan,nan,nan
5526,PPP2R3B,5525,nan,nan,nan,nan,nan,nan,nan,nan,nan
5527,SHOX,5526,nan,nan,nan,nan,nan,nan,nan,nan,nan
5528,MSL3,5527,nan,nan,nan,nan,nan,nan,nan,nan,nan
5529,PRPS2,5528,nan,nan,nan,nan,nan,nan,nan,nan,nan
5530,GPM6B,5529,nan,nan,nan,nan,nan,nan,nan,nan,nan
5531,AC003035.2,5530,nan,nan,nan,nan,nan,nan,nan,nan,nan
5532,AC003035.1,5531,nan,nan,nan,nan,nan,nan,nan,nan,nan
5533,FANCB,5532,nan,nan,nan,nan,nan,nan,nan,nan,nan
5534,ZRSR2,5533,nan,nan,nan,nan,nan,nan,nan,nan,nan
5535,RBBP7,5534,nan,nan,nan,nan,nan,nan,nan,nan,nan
5536,SCML1,5535,nan,nan,nan,nan,nan,nan,nan,nan,nan
5537,SCML2,5536,nan,nan,nan,nan,nan,nan,nan,nan,nan
5538,MBTPS2,5537,nan,nan,nan,nan,nan,nan,nan,nan,nan
5539,ZFX,5538,nan,nan,nan,nan,nan,nan,nan,nan,nan
5540,POLA1,5539,nan,nan,nan,nan,nan,nan,nan,nan,nan
5541,ARX,5540,nan,nan,nan,nan,nan,nan,nan,nan,nan
5542,NR0B1,5541,nan,nan,nan,nan,nan,nan,nan,nan,nan
5543,TAB3,5542,nan,nan,nan,nan,nan,nan,nan,nan,nan
5544,CFAP47,5543,nan,nan,nan,nan,nan,nan,nan,nan,nan
5545,AL606516.1,5544,nan,nan,nan,nan,nan,nan,nan,nan,nan
5546,LANCL3,5545,nan,nan,nan,nan,nan,nan,nan,nan,nan
5547,XK,5546,nan,nan,nan,nan,nan,nan,nan,nan,nan
5548,MED14,5547,nan,nan,nan,nan,nan,nan,nan,nan,nan
5549,DDX3X,5548,nan,nan,nan,nan,nan,nan,nan,nan,nan
5550,Z94277.1,5549,nan,nan,nan,nan,nan,nan,nan,nan,nan
5551,PPP1R2C,5550,nan,nan,nan,nan,nan,nan,nan,nan,nan
5552,NDP,5551,nan,nan,nan,nan,nan,nan,nan,nan,nan
5553,ZNF674,5552,nan,nan,nan,nan,nan,nan,nan,nan,nan
5554,RBM10,5553,nan,nan,nan,nan,nan,nan,nan,nan,nan
5555,ZNF41,5554,nan,nan,nan,nan,nan,nan,nan,nan,nan
5556,CFP,5555,nan,nan,nan,nan,nan,nan,nan,nan,nan
5557,ELK1,5556,nan,nan,nan,nan,nan,nan,nan,nan,nan
5558,ZNF81,5557,nan,nan,nan,nan,nan,nan,nan,nan,nan
5559,ZNF182,5558,nan,nan,nan,nan,nan,nan,nan,nan,nan
5560,ZNF630,5559,nan,nan,nan,nan,nan,nan,nan,nan,nan
5561,SUV39H1,5560,nan,nan,nan,nan,nan,nan,nan,nan,nan
5562,AC231533.1,5561,nan,nan,nan,nan,nan,nan,nan,nan,nan
5563,GATA1,5562,nan,nan,nan,nan,nan,nan,nan,nan,nan
5564,HDAC6,5563,nan,nan,nan,nan,nan,nan,nan,nan,nan
5565,PQBP1,5564,nan,nan,nan,nan,nan,nan,nan,nan,nan
5566,TFE3,5565,nan,nan,nan,nan,nan,nan,nan,nan,nan
5567,KDM5C,5566,nan,nan,nan,nan,nan,nan,nan,nan,nan
5568,FGD1,5567,nan,nan,nan,nan,nan,nan,nan,nan,nan
5569,AL050309.1,5568,nan,nan,nan,nan,nan,nan,nan,nan,nan
5570,KLF8,5569,nan,nan,nan,nan,nan,nan,nan,nan,nan
5571,SPIN3,5570,nan,nan,nan,nan,nan,nan,nan,nan,nan
5572,AL139397.1,5571,nan,nan,nan,nan,nan,nan,nan,nan,nan
5573,ZXDB,5572,nan,nan,nan,nan,nan,nan,nan,nan,nan
5574,ZXDA,5573,nan,nan,nan,nan,nan,nan,nan,nan,nan
5575,EDA2R,5574,nan,nan,nan,nan,nan,nan,nan,nan,nan
5576,AR,5575,nan,nan,nan,nan,nan,nan,nan,nan,nan
5577,STARD8,5576,nan,nan,nan,nan,nan,nan,nan,nan,nan
5578,EDA,5577,nan,nan,nan,nan,nan,nan,nan,nan,nan
5579,FOXO4,5578,nan,nan,nan,nan,nan,nan,nan,nan,nan
5580,MED12,5579,nan,nan,nan,nan,nan,nan,nan,nan,nan
5581,ZMYM3,5580,nan,nan,nan,nan,nan,nan,nan,nan,nan
5582,NONO,5581,nan,nan,nan,nan,nan,nan,nan,nan,nan
5583,TAF1,5582,nan,nan,nan,nan,nan,nan,nan,nan,nan
5584,CITED1,5583,nan,nan,nan,nan,nan,nan,nan,nan,nan
5585,HDAC8,5584,nan,nan,nan,nan,nan,nan,nan,nan,nan
5586,RLIM,5585,nan,nan,nan,nan,nan,nan,nan,nan,nan
5587,ATRX,5586,nan,nan,nan,nan,nan,nan,nan,nan,nan
5588,TAF9B,5587,nan,nan,nan,nan,nan,nan,nan,nan,nan
5589,ITM2A,5588,nan,nan,nan,nan,nan,nan,nan,nan,nan
5590,POU3F4,5589,nan,nan,nan,nan,nan,nan,nan,nan,nan
5591,HDX,5590,nan,nan,nan,nan,nan,nan,nan,nan,nan
5592,SATL1,5591,nan,nan,nan,nan,nan,nan,nan,nan,nan
5593,AC003001.1,5592,nan,nan,nan,nan,nan,nan,nan,nan,nan
5594,ZNF711,5593,nan,nan,nan,nan,nan,nan,nan,nan,nan
5595,DACH2,5594,nan,nan,nan,nan,nan,nan,nan,nan,nan
5596,BTK,5595,nan,nan,nan,nan,nan,nan,nan,nan,nan
5597,RPL36A,5596,nan,nan,nan,nan,nan,nan,nan,nan,nan
5598,GLA,5597,nan,nan,nan,nan,nan,nan,nan,nan,nan
5599,AC234775.3,5598,nan,nan,nan,nan,nan,nan,nan,nan,nan
5600,AC234775.4,5599,nan,nan,nan,nan,nan,nan,nan,nan,nan
5601,ARMCX2,5600,nan,nan,nan,nan,nan,nan,nan,nan,nan
5602,ZMAT1,5601,nan,nan,nan,nan,nan,nan,nan,nan,nan
5603,BEX1,5602,nan,nan,nan,nan,nan,nan,nan,nan,nan
5604,TCEAL8,5603,nan,nan,nan,nan,nan,nan,nan,nan,nan
5605,TCEAL5,5604,nan,nan,nan,nan,nan,nan,nan,nan,nan
5606,TCEAL7,5605,nan,nan,nan,nan,nan,nan,nan,nan,nan
5607,TCEAL1,5606,nan,nan,nan,nan,nan,nan,nan,nan,nan
5608,NRK,5607,nan,nan,nan,nan,nan,nan,nan,nan,nan
5609,TSC22D3,5608,nan,nan,nan,nan,nan,nan,nan,nan,nan
5610,MID2,5609,nan,nan,nan,nan,nan,nan,nan,nan,nan
5611,PSMD10,5610,nan,nan,nan,nan,nan,nan,nan,nan,nan
5612,COL4A5,5611,nan,nan,nan,nan,nan,nan,nan,nan,nan
5613,AL035425.3,5612,nan,nan,nan,nan,nan,nan,nan,nan,nan
5614,AL035425.1,5613,nan,nan,nan,nan,nan,nan,nan,nan,nan
5615,DCX,5614,nan,nan,nan,nan,nan,nan,nan,nan,nan
5616,TRPC5OS,5615,nan,nan,nan,nan,nan,nan,nan,nan,nan
5617,NKRF,5616,nan,nan,nan,nan,nan,nan,nan,nan,nan
5618,RNF113A,5617,nan,nan,nan,nan,nan,nan,nan,nan,nan
5619,RHOXF1,5618,nan,nan,nan,nan,nan,nan,nan,nan,nan
5620,LINC01402,5619,nan,nan,nan,nan,nan,nan,nan,nan,nan
5621,ZBTB33,5620,nan,nan,nan,nan,nan,nan,nan,nan,nan
5622,CUL4B,5621,nan,nan,nan,nan,nan,nan,nan,nan,nan
5623,SMARCA1,5622,nan,nan,nan,nan,nan,nan,nan,nan,nan
5624,APLN,5623,nan,nan,nan,nan,nan,nan,nan,nan,nan
5625,AL022162.1,5624,nan,nan,nan,nan,nan,nan,nan,nan,nan
5626,XPNPEP2,5625,nan,nan,nan,nan,nan,nan,nan,nan,nan
5627,SASH3,5626,nan,nan,nan,nan,nan,nan,nan,nan,nan
5628,AL023653.1,5627,nan,nan,nan,nan,nan,nan,nan,nan,nan
5629,ELF4,5628,nan,nan,nan,nan,nan,nan,nan,nan,nan
5630,ZNF280C,5629,nan,nan,nan,nan,nan,nan,nan,nan,nan
5631,IGSF1,5630,nan,nan,nan,nan,nan,nan,nan,nan,nan
5632,AL135784.1,5631,nan,nan,nan,nan,nan,nan,nan,nan,nan
5633,AL365256.1,5632,nan,nan,nan,nan,nan,nan,nan,nan,nan
5634,MBNL3,5633,nan,nan,nan,nan,nan,nan,nan,nan,nan
5635,ZNF75D,5634,nan,nan,nan,nan,nan,nan,nan,nan,nan
5636,ZNF449,5635,nan,nan,nan,nan,nan,nan,nan,nan,nan
5637,SLITRK4,5636,nan,nan,nan,nan,nan,nan,nan,nan,nan
5638,CD99L2,5637,nan,nan,nan,nan,nan,nan,nan,nan,nan
5639,AF274573.1,5638,nan,nan,nan,nan,nan,nan,nan,nan,nan
5640,HMGB3,5639,nan,nan,nan,nan,nan,nan,nan,nan,nan
5641,AC244102.4,5640,nan,nan,nan,nan,nan,nan,nan,nan,nan
5642,AC244102.1,5641,nan,nan,nan,nan,nan,nan,nan,nan,nan
5643,AC244102.3,5642,nan,nan,nan,nan,nan,nan,nan,nan,nan
5644,ZNF185,5643,nan,nan,nan,nan,nan,nan,nan,nan,nan
5645,ZNF275,5644,nan,nan,nan,nan,nan,nan,nan,nan,nan
5646,PLXNB3,5645,nan,nan,nan,nan,nan,nan,nan,nan,nan
5647,HCFC1,5646,nan,nan,nan,nan,nan,nan,nan,nan,nan
5648,IRAK1,5647,nan,nan,nan,nan,nan,nan,nan,nan,nan
5649,MECP2,5648,nan,nan,nan,nan,nan,nan,nan,nan,nan
5650,TKTL1,5649,nan,nan,nan,nan,nan,nan,nan,nan,nan
5651,FLNA,5650,nan,nan,nan,nan,nan,nan,nan,nan,nan
5652,TAZ,5651,nan,nan,nan,nan,nan,nan,nan,nan,nan
5653,PLXNA3,5652,nan,nan,nan,nan,nan,nan,nan,nan,nan
5654,SLC10A3,5653,nan,nan,nan,nan,nan,nan,nan,nan,nan
5655,IKBKG,5654,nan,nan,nan,nan,nan,nan,nan,nan,nan
5656,CLIC2,5655,nan,nan,nan,nan,nan,nan,nan,nan,nan
5657,AC234781.1,5656,nan,nan,nan,nan,nan,nan,nan,nan,nan
5658,RPS4Y1,5657,nan,nan,nan,nan,nan,nan,nan,nan,nan
5659,TBL1Y,5658,nan,nan,nan,nan,nan,nan,nan,nan,nan
5660,DDX3Y,5659,nan,nan,nan,nan,nan,nan,nan,nan,nan
5661,KDM5D,5660,nan,nan,nan,nan,nan,nan,nan,nan,nan
5662,EIF1AY,5661,nan,nan,nan,nan,nan,nan,nan,nan,nan
